{
"type": "FeatureCollection",
"name": "edges",
"crs": { "type": "name", "properties": { "name": "urn:ogc:def:crs:OGC:1.3:CRS84" } },
"features": [
{ "type": "Feature", "properties": { "edge_id": "E001", "from_node": "DL01", "to_node": "DL02", "from_name": "Nhà lao thiếu nhi Đà Lạt", "to_name": "Ga Đà Lạt", "distance_km": 2.32, "base_time_min": 3.56, "average_speed_kph": 39.0, "road_type": "residential|secondary", "one_way_share": 0.0, "direction": "directed", "congestion_level": 1, "risk_score": 0, "closed": false, "backbone_edge": false, "data_source": "OpenStreetMap + modeled speeds" }, "geometry": { "type": "MultiLineString", "coordinates": [ [ [ 108.46983, 11.9534931 ], [ 108.4695336, 11.9539106 ] ], [ [ 108.4695336, 11.9539106 ], [ 108.4693995, 11.9538387 ] ], [ [ 108.4693995, 11.9538387 ], [ 108.4680671, 11.9530438 ] ], [ [ 108.4680671, 11.9530438 ], [ 108.4661496, 11.9519714 ], [ 108.4655929, 11.951548 ], [ 108.4653102, 11.9512167 ], [ 108.4647346, 11.9500614 ], [ 108.4643772, 11.9495274 ], [ 108.4640144, 11.9492585 ], [ 108.463291, 11.9489575 ] ], [ [ 108.463291, 11.9489575 ], [ 108.4616399, 11.9484044 ] ], [ [ 108.4616399, 11.9484044 ], [ 108.4607563, 11.9481062 ] ], [ [ 108.4607563, 11.9481062 ], [ 108.460239, 11.9479231 ] ], [ [ 108.460239, 11.9479231 ], [ 108.4595609, 11.9476124 ] ], [ [ 108.4595609, 11.9476124 ], [ 108.4586541, 11.9467445 ] ], [ [ 108.4586541, 11.9467445 ], [ 108.4581228, 11.9462119 ] ], [ [ 108.4581228, 11.9462119 ], [ 108.4571073, 11.9452257 ] ], [ [ 108.4571073, 11.9452257 ], [ 108.4569092, 11.9449746 ], [ 108.4566719, 11.9441796 ], [ 108.4564549, 11.943817 ] ], [ [ 108.4564549, 11.943817 ], [ 108.4561991, 11.9435686 ] ], [ [ 108.4561991, 11.9435686 ], [ 108.453995, 11.9420282 ], [ 108.4536045, 11.9419424 ] ] ] } },
{ "type": "Feature", "properties": { "edge_id": "E002", "from_node": "DL02", "to_node": "DL01", "from_name": "Ga Đà Lạt", "to_name": "Nhà lao thiếu nhi Đà Lạt", "distance_km": 2.32, "base_time_min": 3.56, "average_speed_kph": 39.0, "road_type": "residential|secondary", "one_way_share": 0.0, "direction": "directed", "congestion_level": 1, "risk_score": 0, "closed": false, "backbone_edge": false, "data_source": "OpenStreetMap + modeled speeds" }, "geometry": { "type": "MultiLineString", "coordinates": [ [ [ 108.4536045, 11.9419424 ], [ 108.453995, 11.9420282 ], [ 108.4561991, 11.9435686 ] ], [ [ 108.4561991, 11.9435686 ], [ 108.4564549, 11.943817 ] ], [ [ 108.4564549, 11.943817 ], [ 108.4566719, 11.9441796 ], [ 108.4569092, 11.9449746 ], [ 108.4571073, 11.9452257 ] ], [ [ 108.4571073, 11.9452257 ], [ 108.4581228, 11.9462119 ] ], [ [ 108.4581228, 11.9462119 ], [ 108.4586541, 11.9467445 ] ], [ [ 108.4586541, 11.9467445 ], [ 108.4595609, 11.9476124 ] ], [ [ 108.4595609, 11.9476124 ], [ 108.460239, 11.9479231 ] ], [ [ 108.460239, 11.9479231 ], [ 108.4607563, 11.9481062 ] ], [ [ 108.4607563, 11.9481062 ], [ 108.4616399, 11.9484044 ] ], [ [ 108.4616399, 11.9484044 ], [ 108.463291, 11.9489575 ] ], [ [ 108.463291, 11.9489575 ], [ 108.4640144, 11.9492585 ], [ 108.4643772, 11.9495274 ], [ 108.4647346, 11.9500614 ], [ 108.4653102, 11.9512167 ], [ 108.4655929, 11.951548 ], [ 108.4661496, 11.9519714 ], [ 108.4680671, 11.9530438 ] ], [ [ 108.4680671, 11.9530438 ], [ 108.4693995, 11.9538387 ] ], [ [ 108.4693995, 11.9538387 ], [ 108.4695336, 11.9539106 ] ], [ [ 108.4695336, 11.9539106 ], [ 108.46983, 11.9534931 ] ] ] } },
{ "type": "Feature", "properties": { "edge_id": "E003", "from_node": "DL01", "to_node": "DL05", "from_name": "Nhà lao thiếu nhi Đà Lạt", "to_name": "Bảo tàng Lâm Đồng", "distance_km": 2.207, "base_time_min": 4.24, "average_speed_kph": 31.2, "road_type": "residential|secondary|trunk", "one_way_share": 0.0, "direction": "directed", "congestion_level": 1, "risk_score": 0, "closed": false, "backbone_edge": true, "data_source": "OpenStreetMap + modeled speeds" }, "geometry": { "type": "MultiLineString", "coordinates": [ [ [ 108.46983, 11.9534931 ], [ 108.4695336, 11.9539106 ] ], [ [ 108.4695336, 11.9539106 ], [ 108.4693995, 11.9538387 ] ], [ [ 108.4693995, 11.9538387 ], [ 108.4680671, 11.9530438 ] ], [ [ 108.4680671, 11.9530438 ], [ 108.4661496, 11.9519714 ], [ 108.4655929, 11.951548 ], [ 108.4653102, 11.9512167 ], [ 108.4647346, 11.9500614 ], [ 108.4643772, 11.9495274 ], [ 108.4640144, 11.9492585 ], [ 108.463291, 11.9489575 ] ], [ [ 108.463291, 11.9489575 ], [ 108.4636017, 11.9481286 ] ], [ [ 108.4636017, 11.9481286 ], [ 108.4639125, 11.9476798 ] ], [ [ 108.4639125, 11.9476798 ], [ 108.4641269, 11.947472 ] ], [ [ 108.4641269, 11.947472 ], [ 108.4649016, 11.946758 ] ], [ [ 108.4649016, 11.946758 ], [ 108.4646055, 11.9461677 ] ], [ [ 108.4646055, 11.9461677 ], [ 108.4637221, 11.9443241 ] ], [ [ 108.4637221, 11.9443241 ], [ 108.4631277, 11.9429568 ], [ 108.4630428, 11.9416176 ], [ 108.4629175, 11.9413189 ] ], [ [ 108.4629175, 11.9413189 ], [ 108.4626756, 11.9411913 ] ], [ [ 108.4626756, 11.9411913 ], [ 108.4612277, 11.9412458 ], [ 108.4602785, 11.9411621 ] ] ] } },
{ "type": "Feature", "properties": { "edge_id": "E004", "from_node": "DL05", "to_node": "DL01", "from_name": "Bảo tàng Lâm Đồng", "to_name": "Nhà lao thiếu nhi Đà Lạt", "distance_km": 2.207, "base_time_min": 4.24, "average_speed_kph": 31.2, "road_type": "residential|secondary|trunk", "one_way_share": 0.0, "direction": "directed", "congestion_level": 1, "risk_score": 0, "closed": false, "backbone_edge": true, "data_source": "OpenStreetMap + modeled speeds" }, "geometry": { "type": "MultiLineString", "coordinates": [ [ [ 108.4602785, 11.9411621 ], [ 108.4612277, 11.9412458 ], [ 108.4626756, 11.9411913 ] ], [ [ 108.4626756, 11.9411913 ], [ 108.4629175, 11.9413189 ] ], [ [ 108.4629175, 11.9413189 ], [ 108.4630428, 11.9416176 ], [ 108.4631277, 11.9429568 ], [ 108.4637221, 11.9443241 ] ], [ [ 108.4637221, 11.9443241 ], [ 108.4646055, 11.9461677 ] ], [ [ 108.4646055, 11.9461677 ], [ 108.4649016, 11.946758 ] ], [ [ 108.4649016, 11.946758 ], [ 108.4641269, 11.947472 ] ], [ [ 108.4641269, 11.947472 ], [ 108.4639125, 11.9476798 ] ], [ [ 108.4639125, 11.9476798 ], [ 108.4636017, 11.9481286 ] ], [ [ 108.4636017, 11.9481286 ], [ 108.463291, 11.9489575 ] ], [ [ 108.463291, 11.9489575 ], [ 108.4640144, 11.9492585 ], [ 108.4643772, 11.9495274 ], [ 108.4647346, 11.9500614 ], [ 108.4653102, 11.9512167 ], [ 108.4655929, 11.951548 ], [ 108.4661496, 11.9519714 ], [ 108.4680671, 11.9530438 ] ], [ [ 108.4680671, 11.9530438 ], [ 108.4693995, 11.9538387 ] ], [ [ 108.4693995, 11.9538387 ], [ 108.4695336, 11.9539106 ] ], [ [ 108.4695336, 11.9539106 ], [ 108.46983, 11.9534931 ] ] ] } },
{ "type": "Feature", "properties": { "edge_id": "E005", "from_node": "DL01", "to_node": "DL06", "from_name": "Nhà lao thiếu nhi Đà Lạt", "to_name": "Thung Lũng Tình Yêu", "distance_km": 6.008, "base_time_min": 9.1, "average_speed_kph": 39.6, "road_type": "residential|secondary", "one_way_share": 0.132, "direction": "directed", "congestion_level": 1, "risk_score": 0, "closed": false, "backbone_edge": true, "data_source": "OpenStreetMap + modeled speeds" }, "geometry": { "type": "MultiLineString", "coordinates": [ [ [ 108.46983, 11.9534931 ], [ 108.4695336, 11.9539106 ] ], [ [ 108.4695336, 11.9539106 ], [ 108.4693995, 11.9538387 ] ], [ [ 108.4693995, 11.9538387 ], [ 108.4680671, 11.9530438 ] ], [ [ 108.4680671, 11.9530438 ], [ 108.4661496, 11.9519714 ], [ 108.4655929, 11.951548 ], [ 108.4653102, 11.9512167 ], [ 108.4647346, 11.9500614 ], [ 108.4643772, 11.9495274 ], [ 108.4640144, 11.9492585 ], [ 108.463291, 11.9489575 ] ], [ [ 108.463291, 11.9489575 ], [ 108.4632588, 11.9493352 ], [ 108.4631769, 11.9494036 ] ], [ [ 108.4631769, 11.9494036 ], [ 108.4620677, 11.9501349 ] ], [ [ 108.4620677, 11.9501349 ], [ 108.4618529, 11.9503137 ] ], [ [ 108.4618529, 11.9503137 ], [ 108.4615171, 11.9505914 ] ], [ [ 108.4615171, 11.9505914 ], [ 108.4613111, 11.9506975 ] ], [ [ 108.4613111, 11.9506975 ], [ 108.4602594, 11.9507548 ] ], [ [ 108.4602594, 11.9507548 ], [ 108.4590181, 11.9507579 ] ], [ [ 108.4590181, 11.9507579 ], [ 108.4576872, 11.9507419 ] ], [ [ 108.4576872, 11.9507419 ], [ 108.4569423, 11.9507407 ] ], [ [ 108.4569423, 11.9507407 ], [ 108.4562738, 11.9510033 ] ], [ [ 108.4562738, 11.9510033 ], [ 108.4552696, 11.9499836 ] ], [ [ 108.4552696, 11.9499836 ], [ 108.4549324, 11.9497124 ], [ 108.4545364, 11.9496308 ], [ 108.4540955, 11.9496691 ], [ 108.4537966, 11.9498452 ], [ 108.4533518, 11.9506347 ], [ 108.4531691, 11.9507348 ], [ 108.4529717, 11.9507193 ] ], [ [ 108.4529717, 11.9507193 ], [ 108.4528208, 11.9507801 ] ], [ [ 108.4528208, 11.9507801 ], [ 108.4527751, 11.9507034 ] ], [ [ 108.4527751, 11.9507034 ], [ 108.451802, 11.9510541 ] ], [ [ 108.451802, 11.9510541 ], [ 108.4517605, 11.9511764 ] ], [ [ 108.4517605, 11.9511764 ], [ 108.4516175, 11.9511275 ] ], [ [ 108.4516175, 11.9511275 ], [ 108.4510446, 11.9517736 ], [ 108.4502978, 11.9547453 ], [ 108.450579, 11.9555842 ], [ 108.4516754, 11.9576337 ], [ 108.4518402, 11.9583541 ] ], [ [ 108.4518402, 11.9583541 ], [ 108.4518498, 11.9584403 ] ], [ [ 108.4518498, 11.9584403 ], [ 108.4519106, 11.9588162 ] ], [ [ 108.4519106, 11.9588162 ], [ 108.452037, 11.9597598 ] ], [ [ 108.452037, 11.9597598 ], [ 108.4521165, 11.9602624 ] ], [ [ 108.4521165, 11.9602624 ], [ 108.4522167, 11.9629427 ], [ 108.4524915, 11.9639786 ] ], [ [ 108.4524915, 11.9639786 ], [ 108.4526145, 11.9641323 ] ], [ [ 108.4526145, 11.9641323 ], [ 108.4530344, 11.964917 ], [ 108.4531208, 11.9662587 ] ], [ [ 108.4531208, 11.9662587 ], [ 108.4529864, 11.967076 ] ], [ [ 108.4529864, 11.967076 ], [ 108.4529361, 11.967451 ] ], [ [ 108.4529361, 11.967451 ], [ 108.452426, 11.9695208 ], [ 108.4522542, 11.9709483 ], [ 108.4522931, 11.9718503 ] ], [ [ 108.4522931, 11.9718503 ], [ 108.4524658, 11.9743385 ] ], [ [ 108.4524658, 11.9743385 ], [ 108.4524947, 11.9744507 ] ], [ [ 108.4524947, 11.9744507 ], [ 108.4533864, 11.977386 ], [ 108.4534102, 11.977693 ], [ 108.4533206, 11.977938 ] ], [ [ 108.4533206, 11.977938 ], [ 108.4531796, 11.9780206 ] ], [ [ 108.4531796, 11.9780206 ], [ 108.451711, 11.9779819 ], [ 108.4513782, 11.9778949 ] ], [ [ 108.4513782, 11.9778949 ], [ 108.4503683, 11.9777102 ], [ 108.44945, 11.9777694 ] ] ] } },
{ "type": "Feature", "properties": { "edge_id": "E006", "from_node": "DL06", "to_node": "DL01", "from_name": "Thung Lũng Tình Yêu", "to_name": "Nhà lao thiếu nhi Đà Lạt", "distance_km": 6.013, "base_time_min": 9.1, "average_speed_kph": 39.6, "road_type": "residential|secondary", "one_way_share": 0.132, "direction": "directed", "congestion_level": 1, "risk_score": 0, "closed": false, "backbone_edge": true, "data_source": "OpenStreetMap + modeled speeds" }, "geometry": { "type": "MultiLineString", "coordinates": [ [ [ 108.44945, 11.9777694 ], [ 108.4503683, 11.9777102 ], [ 108.4513782, 11.9778949 ] ], [ [ 108.4513782, 11.9778949 ], [ 108.451711, 11.9779819 ], [ 108.4531796, 11.9780206 ] ], [ [ 108.4531796, 11.9780206 ], [ 108.4533206, 11.977938 ] ], [ [ 108.4533206, 11.977938 ], [ 108.4534102, 11.977693 ], [ 108.4533864, 11.977386 ], [ 108.4524947, 11.9744507 ] ], [ [ 108.4524947, 11.9744507 ], [ 108.4524658, 11.9743385 ] ], [ [ 108.4524658, 11.9743385 ], [ 108.4522931, 11.9718503 ] ], [ [ 108.4522931, 11.9718503 ], [ 108.4522542, 11.9709483 ], [ 108.452426, 11.9695208 ], [ 108.4529361, 11.967451 ] ], [ [ 108.4529361, 11.967451 ], [ 108.4529864, 11.967076 ] ], [ [ 108.4529864, 11.967076 ], [ 108.4531208, 11.9662587 ] ], [ [ 108.4531208, 11.9662587 ], [ 108.4530344, 11.964917 ], [ 108.4526145, 11.9641323 ] ], [ [ 108.4526145, 11.9641323 ], [ 108.4524915, 11.9639786 ] ], [ [ 108.4524915, 11.9639786 ], [ 108.4522167, 11.9629427 ], [ 108.4521165, 11.9602624 ] ], [ [ 108.4521165, 11.9602624 ], [ 108.452037, 11.9597598 ] ], [ [ 108.452037, 11.9597598 ], [ 108.4519106, 11.9588162 ] ], [ [ 108.4519106, 11.9588162 ], [ 108.4518498, 11.9584403 ] ], [ [ 108.4518498, 11.9584403 ], [ 108.4518402, 11.9583541 ] ], [ [ 108.4518402, 11.9583541 ], [ 108.4516754, 11.9576337 ], [ 108.450579, 11.9555842 ], [ 108.4502978, 11.9547453 ], [ 108.4510446, 11.9517736 ], [ 108.4516175, 11.9511275 ] ], [ [ 108.4516175, 11.9511275 ], [ 108.4516466, 11.9510174 ] ], [ [ 108.4516466, 11.9510174 ], [ 108.451802, 11.9510541 ] ], [ [ 108.451802, 11.9510541 ], [ 108.4527751, 11.9507034 ] ], [ [ 108.4527751, 11.9507034 ], [ 108.4528672, 11.9506009 ] ], [ [ 108.4528672, 11.9506009 ], [ 108.4529717, 11.9507193 ] ], [ [ 108.4529717, 11.9507193 ], [ 108.4531691, 11.9507348 ], [ 108.4533518, 11.9506347 ], [ 108.4537966, 11.9498452 ], [ 108.4540955, 11.9496691 ], [ 108.4545364, 11.9496308 ], [ 108.4549324, 11.9497124 ], [ 108.4552696, 11.9499836 ] ], [ [ 108.4552696, 11.9499836 ], [ 108.4562738, 11.9510033 ] ], [ [ 108.4562738, 11.9510033 ], [ 108.4569423, 11.9507407 ] ], [ [ 108.4569423, 11.9507407 ], [ 108.4576872, 11.9507419 ] ], [ [ 108.4576872, 11.9507419 ], [ 108.4590181, 11.9507579 ] ], [ [ 108.4590181, 11.9507579 ], [ 108.4602594, 11.9507548 ] ], [ [ 108.4602594, 11.9507548 ], [ 108.4613111, 11.9506975 ] ], [ [ 108.4613111, 11.9506975 ], [ 108.4615171, 11.9505914 ] ], [ [ 108.4615171, 11.9505914 ], [ 108.4618529, 11.9503137 ] ], [ [ 108.4618529, 11.9503137 ], [ 108.4620677, 11.9501349 ] ], [ [ 108.4620677, 11.9501349 ], [ 108.4631769, 11.9494036 ] ], [ [ 108.4631769, 11.9494036 ], [ 108.4632047, 11.9490636 ], [ 108.463291, 11.9489575 ] ], [ [ 108.463291, 11.9489575 ], [ 108.4640144, 11.9492585 ], [ 108.4643772, 11.9495274 ], [ 108.4647346, 11.9500614 ], [ 108.4653102, 11.9512167 ], [ 108.4655929, 11.951548 ], [ 108.4661496, 11.9519714 ], [ 108.4680671, 11.9530438 ] ], [ [ 108.4680671, 11.9530438 ], [ 108.4693995, 11.9538387 ] ], [ [ 108.4693995, 11.9538387 ], [ 108.4695336, 11.9539106 ] ], [ [ 108.4695336, 11.9539106 ], [ 108.46983, 11.9534931 ] ] ] } },
{ "type": "Feature", "properties": { "edge_id": "E007", "from_node": "DL01", "to_node": "DL14", "from_name": "Nhà lao thiếu nhi Đà Lạt", "to_name": "Vườn Hoa Cẩm Tú Cầu", "distance_km": 7.289, "base_time_min": 15.2, "average_speed_kph": 28.8, "road_type": "primary|residential|secondary|trunk|unclassified", "one_way_share": 0.106, "direction": "directed", "congestion_level": 1, "risk_score": 0, "closed": false, "backbone_edge": true, "data_source": "OpenStreetMap + modeled speeds" }, "geometry": { "type": "MultiLineString", "coordinates": [ [ [ 108.46983, 11.9534931 ], [ 108.4695336, 11.9539106 ] ], [ [ 108.4695336, 11.9539106 ], [ 108.4700837, 11.9541138 ], [ 108.4703908, 11.9540944 ] ], [ [ 108.4703908, 11.9540944 ], [ 108.4707378, 11.9539075 ] ], [ [ 108.4707378, 11.9539075 ], [ 108.4708576, 11.9538383 ] ], [ [ 108.4708576, 11.9538383 ], [ 108.4712763, 11.9534648 ], [ 108.4715568, 11.9527661 ], [ 108.4718209, 11.9525005 ], [ 108.4721817, 11.9524677 ], [ 108.4732653, 11.9526881 ], [ 108.4745352, 11.9522146 ], [ 108.47486, 11.9522906 ], [ 108.4752092, 11.9526831 ], [ 108.476417, 11.9534748 ] ], [ [ 108.476417, 11.9534748 ], [ 108.4778144, 11.9544917 ] ], [ [ 108.4778144, 11.9544917 ], [ 108.4780202, 11.954361 ], [ 108.4791018, 11.9540854 ], [ 108.4804375, 11.9531513 ], [ 108.4812458, 11.9527279 ], [ 108.4815399, 11.9527314 ], [ 108.4819329, 11.9529387 ], [ 108.4824981, 11.9529472 ] ], [ [ 108.4824981, 11.9529472 ], [ 108.4830815, 11.9532214 ], [ 108.4841935, 11.9541841 ], [ 108.4851542, 11.9542993 ], [ 108.4857291, 11.9545254 ] ], [ [ 108.4857291, 11.9545254 ], [ 108.4864174, 11.9550127 ] ], [ [ 108.4864174, 11.9550127 ], [ 108.4867778, 11.955836 ], [ 108.486975, 11.9569289 ] ], [ [ 108.486975, 11.9569289 ], [ 108.4872539, 11.9575114 ], [ 108.4874499, 11.9576827 ] ], [ [ 108.4874499, 11.9576827 ], [ 108.4875439, 11.957219 ], [ 108.4878469, 11.9567641 ], [ 108.4883144, 11.9564652 ], [ 108.4885633, 11.9564248 ], [ 108.4922159, 11.9571735 ] ], [ [ 108.4922159, 11.9571735 ], [ 108.4930748, 11.9572776 ], [ 108.4935844, 11.9571332 ], [ 108.4939867, 11.9568262 ], [ 108.4942657, 11.9561256 ] ], [ [ 108.4942657, 11.9561256 ], [ 108.494429, 11.9555946 ] ], [ [ 108.494429, 11.9555946 ], [ 108.4946246, 11.9550501 ], [ 108.4945956, 11.9544462 ], [ 108.4938108, 11.9533209 ], [ 108.4933859, 11.9529768 ] ], [ [ 108.4933859, 11.9529768 ], [ 108.4925023, 11.9524014 ], [ 108.4922576, 11.9521482 ], [ 108.4921283, 11.951894 ], [ 108.4920801, 11.9512275 ] ], [ [ 108.4920801, 11.9512275 ], [ 108.4922127, 11.9504535 ], [ 108.4922582, 11.949361 ] ], [ [ 108.4922582, 11.949361 ], [ 108.4922641, 11.9492193 ] ], [ [ 108.4922641, 11.9492193 ], [ 108.4922353, 11.948537 ] ], [ [ 108.4922353, 11.948537 ], [ 108.492142, 11.9481898 ], [ 108.4916681, 11.9473686 ] ], [ [ 108.4916681, 11.9473686 ], [ 108.4912231, 11.9469027 ] ], [ [ 108.4912231, 11.9469027 ], [ 108.4911676, 11.9468482 ] ], [ [ 108.4911676, 11.9468482 ], [ 108.4911448, 11.9466349 ], [ 108.4912504, 11.9465241 ] ], [ [ 108.4912504, 11.9465241 ], [ 108.4913256, 11.9465016 ] ], [ [ 108.4913256, 11.9465016 ], [ 108.4918124, 11.9462277 ] ], [ [ 108.4918124, 11.9462277 ], [ 108.492651, 11.9447516 ], [ 108.4930024, 11.9444498 ], [ 108.4932384, 11.9443789 ], [ 108.4944695, 11.9444917 ] ], [ [ 108.4944695, 11.9444917 ], [ 108.4946808, 11.9445121 ] ], [ [ 108.4946808, 11.9445121 ], [ 108.4953084, 11.9446203 ] ], [ [ 108.4953084, 11.9446203 ], [ 108.4955733, 11.9446993 ] ], [ [ 108.4955733, 11.9446993 ], [ 108.4962143, 11.9449155 ] ], [ [ 108.4962143, 11.9449155 ], [ 108.4962787, 11.9449366 ] ], [ [ 108.4962787, 11.9449366 ], [ 108.497164, 11.9452286 ] ], [ [ 108.497164, 11.9452286 ], [ 108.4976761, 11.9453988 ] ], [ [ 108.4976761, 11.9453988 ], [ 108.498204, 11.945564 ] ], [ [ 108.498204, 11.945564 ], [ 108.4987369, 11.9457343 ] ], [ [ 108.4987369, 11.9457343 ], [ 108.4991239, 11.9458492 ] ], [ [ 108.4991239, 11.9458492 ], [ 108.5001172, 11.9461743 ] ], [ [ 108.5001172, 11.9461743 ], [ 108.5006213, 11.9461822 ] ], [ [ 108.5006213, 11.9461822 ], [ 108.5038455, 11.9456632 ] ], [ [ 108.5038455, 11.9456632 ], [ 108.5045935, 11.9455309 ], [ 108.5055894, 11.9451602 ] ], [ [ 108.5055894, 11.9451602 ], [ 108.50653, 11.9447094 ] ], [ [ 108.50653, 11.9447094 ], [ 108.5068679, 11.944542 ] ], [ [ 108.5068679, 11.944542 ], [ 108.5071067, 11.9444114 ] ], [ [ 108.5071067, 11.9444114 ], [ 108.5079557, 11.9436848 ], [ 108.5083587, 11.9435537 ] ], [ [ 108.5083587, 11.9435537 ], [ 108.5086042, 11.9437843 ], [ 108.5092285, 11.9438706 ], [ 108.50927, 11.9445451 ], [ 108.5094993, 11.944818 ] ], [ [ 108.5094993, 11.944818 ], [ 108.5110364, 11.9458099 ], [ 108.5112856, 11.9458308 ] ], [ [ 108.5112856, 11.9458308 ], [ 108.5115713, 11.9455327 ], [ 108.5118609, 11.9454277 ] ] ] } },
{ "type": "Feature", "properties": { "edge_id": "E008", "from_node": "DL14", "to_node": "DL01", "from_name": "Vườn Hoa Cẩm Tú Cầu", "to_name": "Nhà lao thiếu nhi Đà Lạt", "distance_km": 7.231, "base_time_min": 15.06, "average_speed_kph": 28.8, "road_type": "primary|residential|secondary|trunk|unclassified", "one_way_share": 0.067, "direction": "directed", "congestion_level": 1, "risk_score": 0, "closed": false, "backbone_edge": true, "data_source": "OpenStreetMap + modeled speeds" }, "geometry": { "type": "MultiLineString", "coordinates": [ [ [ 108.5118609, 11.9454277 ], [ 108.5115713, 11.9455327 ], [ 108.5112856, 11.9458308 ] ], [ [ 108.5112856, 11.9458308 ], [ 108.5110364, 11.9458099 ], [ 108.5094993, 11.944818 ] ], [ [ 108.5094993, 11.944818 ], [ 108.50927, 11.9445451 ], [ 108.5092285, 11.9438706 ], [ 108.5086042, 11.9437843 ], [ 108.5083587, 11.9435537 ] ], [ [ 108.5083587, 11.9435537 ], [ 108.5079557, 11.9436848 ], [ 108.5071067, 11.9444114 ] ], [ [ 108.5071067, 11.9444114 ], [ 108.5068679, 11.944542 ] ], [ [ 108.5068679, 11.944542 ], [ 108.50653, 11.9447094 ] ], [ [ 108.50653, 11.9447094 ], [ 108.5055894, 11.9451602 ] ], [ [ 108.5055894, 11.9451602 ], [ 108.5045935, 11.9455309 ], [ 108.5038455, 11.9456632 ] ], [ [ 108.5038455, 11.9456632 ], [ 108.5006213, 11.9461822 ] ], [ [ 108.5006213, 11.9461822 ], [ 108.5001172, 11.9461743 ] ], [ [ 108.5001172, 11.9461743 ], [ 108.4991239, 11.9458492 ] ], [ [ 108.4991239, 11.9458492 ], [ 108.4987369, 11.9457343 ] ], [ [ 108.4987369, 11.9457343 ], [ 108.498204, 11.945564 ] ], [ [ 108.498204, 11.945564 ], [ 108.4976761, 11.9453988 ] ], [ [ 108.4976761, 11.9453988 ], [ 108.497164, 11.9452286 ] ], [ [ 108.497164, 11.9452286 ], [ 108.4962787, 11.9449366 ] ], [ [ 108.4962787, 11.9449366 ], [ 108.4962143, 11.9449155 ] ], [ [ 108.4962143, 11.9449155 ], [ 108.4955733, 11.9446993 ] ], [ [ 108.4955733, 11.9446993 ], [ 108.4953084, 11.9446203 ] ], [ [ 108.4953084, 11.9446203 ], [ 108.4946808, 11.9445121 ] ], [ [ 108.4946808, 11.9445121 ], [ 108.4944695, 11.9444917 ] ], [ [ 108.4944695, 11.9444917 ], [ 108.4932384, 11.9443789 ], [ 108.4930024, 11.9444498 ], [ 108.492651, 11.9447516 ], [ 108.4918124, 11.9462277 ] ], [ [ 108.4918124, 11.9462277 ], [ 108.4915762, 11.9467148 ] ], [ [ 108.4915762, 11.9467148 ], [ 108.4915758, 11.9467618 ] ], [ [ 108.4915758, 11.9467618 ], [ 108.4916681, 11.9473686 ] ], [ [ 108.4916681, 11.9473686 ], [ 108.492142, 11.9481898 ], [ 108.4922353, 11.948537 ] ], [ [ 108.4922353, 11.948537 ], [ 108.4922641, 11.9492193 ] ], [ [ 108.4922641, 11.9492193 ], [ 108.4922582, 11.949361 ] ], [ [ 108.4922582, 11.949361 ], [ 108.4922127, 11.9504535 ], [ 108.4920801, 11.9512275 ] ], [ [ 108.4920801, 11.9512275 ], [ 108.4921283, 11.951894 ], [ 108.4922576, 11.9521482 ], [ 108.4925023, 11.9524014 ], [ 108.4933859, 11.9529768 ] ], [ [ 108.4933859, 11.9529768 ], [ 108.4938108, 11.9533209 ], [ 108.4945956, 11.9544462 ], [ 108.4946246, 11.9550501 ], [ 108.494429, 11.9555946 ] ], [ [ 108.494429, 11.9555946 ], [ 108.4942657, 11.9561256 ] ], [ [ 108.4942657, 11.9561256 ], [ 108.4939867, 11.9568262 ], [ 108.4935844, 11.9571332 ], [ 108.4930748, 11.9572776 ], [ 108.4922159, 11.9571735 ] ], [ [ 108.4922159, 11.9571735 ], [ 108.4885633, 11.9564248 ], [ 108.4883144, 11.9564652 ], [ 108.4878469, 11.9567641 ], [ 108.4875439, 11.957219 ], [ 108.4874499, 11.9576827 ] ], [ [ 108.4874499, 11.9576827 ], [ 108.4872539, 11.9575114 ], [ 108.486975, 11.9569289 ] ], [ [ 108.486975, 11.9569289 ], [ 108.4867778, 11.955836 ], [ 108.4864174, 11.9550127 ] ], [ [ 108.4864174, 11.9550127 ], [ 108.4857291, 11.9545254 ] ], [ [ 108.4857291, 11.9545254 ], [ 108.4851542, 11.9542993 ], [ 108.4841935, 11.9541841 ], [ 108.4830815, 11.9532214 ], [ 108.4824981, 11.9529472 ] ], [ [ 108.4824981, 11.9529472 ], [ 108.4819329, 11.9529387 ], [ 108.4815399, 11.9527314 ], [ 108.4812458, 11.9527279 ], [ 108.4804375, 11.9531513 ], [ 108.4791018, 11.9540854 ], [ 108.4780202, 11.954361 ], [ 108.4778144, 11.9544917 ] ], [ [ 108.4778144, 11.9544917 ], [ 108.476417, 11.9534748 ] ], [ [ 108.476417, 11.9534748 ], [ 108.4752092, 11.9526831 ], [ 108.47486, 11.9522906 ], [ 108.4745352, 11.9522146 ], [ 108.4732653, 11.9526881 ], [ 108.4721817, 11.9524677 ], [ 108.4718209, 11.9525005 ], [ 108.4715568, 11.9527661 ], [ 108.4712763, 11.9534648 ], [ 108.4708576, 11.9538383 ] ], [ [ 108.4708576, 11.9538383 ], [ 108.4707378, 11.9539075 ] ], [ [ 108.4707378, 11.9539075 ], [ 108.4703908, 11.9540944 ] ], [ [ 108.4703908, 11.9540944 ], [ 108.4700837, 11.9541138 ], [ 108.4695336, 11.9539106 ] ], [ [ 108.4695336, 11.9539106 ], [ 108.46983, 11.9534931 ] ] ] } },
{ "type": "Feature", "properties": { "edge_id": "E009", "from_node": "DL01", "to_node": "DL22", "from_name": "Nhà lao thiếu nhi Đà Lạt", "to_name": "Hồ Xuân Hương", "distance_km": 3.023, "base_time_min": 4.62, "average_speed_kph": 39.3, "road_type": "residential|secondary", "one_way_share": 0.182, "direction": "directed", "congestion_level": 1, "risk_score": 0, "closed": false, "backbone_edge": false, "data_source": "OpenStreetMap + modeled speeds" }, "geometry": { "type": "MultiLineString", "coordinates": [ [ [ 108.46983, 11.9534931 ], [ 108.4695336, 11.9539106 ] ], [ [ 108.4695336, 11.9539106 ], [ 108.4693995, 11.9538387 ] ], [ [ 108.4693995, 11.9538387 ], [ 108.4680671, 11.9530438 ] ], [ [ 108.4680671, 11.9530438 ], [ 108.4661496, 11.9519714 ], [ 108.4655929, 11.951548 ], [ 108.4653102, 11.9512167 ], [ 108.4647346, 11.9500614 ], [ 108.4643772, 11.9495274 ], [ 108.4640144, 11.9492585 ], [ 108.463291, 11.9489575 ] ], [ [ 108.463291, 11.9489575 ], [ 108.4616399, 11.9484044 ] ], [ [ 108.4616399, 11.9484044 ], [ 108.4607563, 11.9481062 ] ], [ [ 108.4607563, 11.9481062 ], [ 108.460239, 11.9479231 ] ], [ [ 108.460239, 11.9479231 ], [ 108.4595609, 11.9476124 ] ], [ [ 108.4595609, 11.9476124 ], [ 108.4586541, 11.9467445 ] ], [ [ 108.4586541, 11.9467445 ], [ 108.4581228, 11.9462119 ] ], [ [ 108.4581228, 11.9462119 ], [ 108.4571073, 11.9452257 ] ], [ [ 108.4571073, 11.9452257 ], [ 108.4569092, 11.9449746 ], [ 108.4566719, 11.9441796 ], [ 108.4564549, 11.943817 ] ], [ [ 108.4564549, 11.943817 ], [ 108.4561991, 11.9435686 ] ], [ [ 108.4561991, 11.9435686 ], [ 108.453995, 11.9420282 ], [ 108.4536045, 11.9419424 ] ], [ [ 108.4536045, 11.9419424 ], [ 108.453395, 11.9419997 ] ], [ [ 108.453395, 11.9419997 ], [ 108.4530467, 11.9419876 ], [ 108.4527013, 11.9418704 ], [ 108.4523537, 11.9413916 ] ], [ [ 108.4523537, 11.9413916 ], [ 108.451811, 11.9407489 ] ], [ [ 108.451811, 11.9407489 ], [ 108.4510829, 11.940332 ] ], [ [ 108.4510829, 11.940332 ], [ 108.450679, 11.9402434 ] ], [ [ 108.450679, 11.9402434 ], [ 108.4503165, 11.9401921 ] ], [ [ 108.4503165, 11.9401921 ], [ 108.449347, 11.9402019 ], [ 108.4484232, 11.9405151 ] ], [ [ 108.4484232, 11.9405151 ], [ 108.4480834, 11.9408573 ] ] ] } },
{ "type": "Feature", "properties": { "edge_id": "E010", "from_node": "DL22", "to_node": "DL01", "from_name": "Hồ Xuân Hương", "to_name": "Nhà lao thiếu nhi Đà Lạt", "distance_km": 3.031, "base_time_min": 4.63, "average_speed_kph": 39.3, "road_type": "residential|secondary", "one_way_share": 0.182, "direction": "directed", "congestion_level": 1, "risk_score": 0, "closed": false, "backbone_edge": false, "data_source": "OpenStreetMap + modeled speeds" }, "geometry": { "type": "MultiLineString", "coordinates": [ [ [ 108.4480834, 11.9408573 ], [ 108.4484232, 11.9405151 ] ], [ [ 108.4484232, 11.9405151 ], [ 108.449347, 11.9402019 ], [ 108.4503165, 11.9401921 ] ], [ [ 108.4503165, 11.9401921 ], [ 108.4507442, 11.9401745 ] ], [ [ 108.4507442, 11.9401745 ], [ 108.4510625, 11.9402543 ] ], [ [ 108.4510625, 11.9402543 ], [ 108.4517262, 11.9405993 ] ], [ [ 108.4517262, 11.9405993 ], [ 108.4521201, 11.9409583 ], [ 108.4523537, 11.9413916 ] ], [ [ 108.4523537, 11.9413916 ], [ 108.4527013, 11.9418704 ], [ 108.4530467, 11.9419876 ], [ 108.453395, 11.9419997 ] ], [ [ 108.453395, 11.9419997 ], [ 108.4536045, 11.9419424 ] ], [ [ 108.4536045, 11.9419424 ], [ 108.453995, 11.9420282 ], [ 108.4561991, 11.9435686 ] ], [ [ 108.4561991, 11.9435686 ], [ 108.4564549, 11.943817 ] ], [ [ 108.4564549, 11.943817 ], [ 108.4566719, 11.9441796 ], [ 108.4569092, 11.9449746 ], [ 108.4571073, 11.9452257 ] ], [ [ 108.4571073, 11.9452257 ], [ 108.4581228, 11.9462119 ] ], [ [ 108.4581228, 11.9462119 ], [ 108.4586541, 11.9467445 ] ], [ [ 108.4586541, 11.9467445 ], [ 108.4595609, 11.9476124 ] ], [ [ 108.4595609, 11.9476124 ], [ 108.460239, 11.9479231 ] ], [ [ 108.460239, 11.9479231 ], [ 108.4607563, 11.9481062 ] ], [ [ 108.4607563, 11.9481062 ], [ 108.4616399, 11.9484044 ] ], [ [ 108.4616399, 11.9484044 ], [ 108.463291, 11.9489575 ] ], [ [ 108.463291, 11.9489575 ], [ 108.4640144, 11.9492585 ], [ 108.4643772, 11.9495274 ], [ 108.4647346, 11.9500614 ], [ 108.4653102, 11.9512167 ], [ 108.4655929, 11.951548 ], [ 108.4661496, 11.9519714 ], [ 108.4680671, 11.9530438 ] ], [ [ 108.4680671, 11.9530438 ], [ 108.4693995, 11.9538387 ] ], [ [ 108.4693995, 11.9538387 ], [ 108.4695336, 11.9539106 ] ], [ [ 108.4695336, 11.9539106 ], [ 108.46983, 11.9534931 ] ] ] } },
{ "type": "Feature", "properties": { "edge_id": "E011", "from_node": "DL02", "to_node": "DL05", "from_name": "Ga Đà Lạt", "to_name": "Bảo tàng Lâm Đồng", "distance_km": 1.598, "base_time_min": 3.15, "average_speed_kph": 30.4, "road_type": "secondary|tertiary|trunk", "one_way_share": 0.444, "direction": "directed", "congestion_level": 1, "risk_score": 0, "closed": false, "backbone_edge": true, "data_source": "OpenStreetMap + modeled speeds" }, "geometry": { "type": "MultiLineString", "coordinates": [ [ [ 108.4536045, 11.9419424 ], [ 108.453395, 11.9419997 ] ], [ [ 108.453395, 11.9419997 ], [ 108.4530467, 11.9419876 ], [ 108.4527013, 11.9418704 ], [ 108.4523537, 11.9413916 ] ], [ [ 108.4523537, 11.9413916 ], [ 108.451811, 11.9407489 ] ], [ [ 108.451811, 11.9407489 ], [ 108.4510829, 11.940332 ] ], [ [ 108.4510829, 11.940332 ], [ 108.4510625, 11.9402543 ] ], [ [ 108.4510625, 11.9402543 ], [ 108.450977, 11.9399288 ] ], [ [ 108.450977, 11.9399288 ], [ 108.4510311, 11.9397295 ] ], [ [ 108.4510311, 11.9397295 ], [ 108.4511921, 11.9394599 ], [ 108.4515686, 11.9393782 ], [ 108.4521113, 11.9395814 ], [ 108.4535446, 11.9398921 ], [ 108.4540005, 11.9399093 ], [ 108.4549334, 11.939789 ] ], [ [ 108.4549334, 11.939789 ], [ 108.455342, 11.9397656 ], [ 108.455837, 11.9399274 ] ], [ [ 108.455837, 11.9399274 ], [ 108.4573067, 11.940758 ], [ 108.457677, 11.9407185 ] ], [ [ 108.457677, 11.9407185 ], [ 108.4580174, 11.9402524 ] ], [ [ 108.4580174, 11.9402524 ], [ 108.4579591, 11.9401921 ] ], [ [ 108.4579591, 11.9401921 ], [ 108.4580243, 11.9400132 ] ], [ [ 108.4580243, 11.9400132 ], [ 108.4581084, 11.9400026 ] ], [ [ 108.4581084, 11.9400026 ], [ 108.4582193, 11.9401582 ] ], [ [ 108.4582193, 11.9401582 ], [ 108.4582036, 11.9401989 ] ], [ [ 108.4582036, 11.9401989 ], [ 108.4584778, 11.9405356 ] ], [ [ 108.4584778, 11.9405356 ], [ 108.4592046, 11.9409822 ], [ 108.4602785, 11.9411621 ] ] ] } },
{ "type": "Feature", "properties": { "edge_id": "E012", "from_node": "DL05", "to_node": "DL02", "from_name": "Bảo tàng Lâm Đồng", "to_name": "Ga Đà Lạt", "distance_km": 1.541, "base_time_min": 3.01, "average_speed_kph": 30.7, "road_type": "secondary|tertiary|trunk", "one_way_share": 0.308, "direction": "directed", "congestion_level": 1, "risk_score": 0, "closed": false, "backbone_edge": true, "data_source": "OpenStreetMap + modeled speeds" }, "geometry": { "type": "MultiLineString", "coordinates": [ [ [ 108.4602785, 11.9411621 ], [ 108.4592046, 11.9409822 ], [ 108.4584778, 11.9405356 ] ], [ [ 108.4584778, 11.9405356 ], [ 108.4581037, 11.9402692 ] ], [ [ 108.4581037, 11.9402692 ], [ 108.4580174, 11.9402524 ] ], [ [ 108.4580174, 11.9402524 ], [ 108.457677, 11.9407185 ] ], [ [ 108.457677, 11.9407185 ], [ 108.4573067, 11.940758 ], [ 108.455837, 11.9399274 ] ], [ [ 108.455837, 11.9399274 ], [ 108.455342, 11.9397656 ], [ 108.4549334, 11.939789 ] ], [ [ 108.4549334, 11.939789 ], [ 108.4540005, 11.9399093 ], [ 108.4535446, 11.9398921 ], [ 108.4521113, 11.9395814 ], [ 108.4515686, 11.9393782 ], [ 108.4511921, 11.9394599 ], [ 108.4510311, 11.9397295 ] ], [ [ 108.4510311, 11.9397295 ], [ 108.450977, 11.9399288 ] ], [ [ 108.450977, 11.9399288 ], [ 108.4510625, 11.9402543 ] ], [ [ 108.4510625, 11.9402543 ], [ 108.4517262, 11.9405993 ] ], [ [ 108.4517262, 11.9405993 ], [ 108.4521201, 11.9409583 ], [ 108.4523537, 11.9413916 ] ], [ [ 108.4523537, 11.9413916 ], [ 108.4527013, 11.9418704 ], [ 108.4530467, 11.9419876 ], [ 108.453395, 11.9419997 ] ], [ [ 108.453395, 11.9419997 ], [ 108.4536045, 11.9419424 ] ] ] } },
{ "type": "Feature", "properties": { "edge_id": "E013", "from_node": "DL02", "to_node": "DL14", "from_name": "Ga Đà Lạt", "to_name": "Vườn Hoa Cẩm Tú Cầu", "distance_km": 9.495, "base_time_min": 18.42, "average_speed_kph": 30.9, "road_type": "primary|residential|secondary|trunk|unclassified", "one_way_share": 0.085, "direction": "directed", "congestion_level": 1, "risk_score": 0, "closed": false, "backbone_edge": false, "data_source": "OpenStreetMap + modeled speeds" }, "geometry": { "type": "MultiLineString", "coordinates": [ [ [ 108.4536045, 11.9419424 ], [ 108.453995, 11.9420282 ], [ 108.4561991, 11.9435686 ] ], [ [ 108.4561991, 11.9435686 ], [ 108.4564549, 11.943817 ] ], [ [ 108.4564549, 11.943817 ], [ 108.4566719, 11.9441796 ], [ 108.4569092, 11.9449746 ], [ 108.4571073, 11.9452257 ] ], [ [ 108.4571073, 11.9452257 ], [ 108.4581228, 11.9462119 ] ], [ [ 108.4581228, 11.9462119 ], [ 108.4586541, 11.9467445 ] ], [ [ 108.4586541, 11.9467445 ], [ 108.4595609, 11.9476124 ] ], [ [ 108.4595609, 11.9476124 ], [ 108.460239, 11.9479231 ] ], [ [ 108.460239, 11.9479231 ], [ 108.4607563, 11.9481062 ] ], [ [ 108.4607563, 11.9481062 ], [ 108.4616399, 11.9484044 ] ], [ [ 108.4616399, 11.9484044 ], [ 108.463291, 11.9489575 ] ], [ [ 108.463291, 11.9489575 ], [ 108.4640144, 11.9492585 ], [ 108.4643772, 11.9495274 ], [ 108.4647346, 11.9500614 ], [ 108.4653102, 11.9512167 ], [ 108.4655929, 11.951548 ], [ 108.4661496, 11.9519714 ], [ 108.4680671, 11.9530438 ] ], [ [ 108.4680671, 11.9530438 ], [ 108.4693995, 11.9538387 ] ], [ [ 108.4693995, 11.9538387 ], [ 108.4695336, 11.9539106 ] ], [ [ 108.4695336, 11.9539106 ], [ 108.4700837, 11.9541138 ], [ 108.4703908, 11.9540944 ] ], [ [ 108.4703908, 11.9540944 ], [ 108.4707378, 11.9539075 ] ], [ [ 108.4707378, 11.9539075 ], [ 108.4708576, 11.9538383 ] ], [ [ 108.4708576, 11.9538383 ], [ 108.4712763, 11.9534648 ], [ 108.4715568, 11.9527661 ], [ 108.4718209, 11.9525005 ], [ 108.4721817, 11.9524677 ], [ 108.4732653, 11.9526881 ], [ 108.4745352, 11.9522146 ], [ 108.47486, 11.9522906 ], [ 108.4752092, 11.9526831 ], [ 108.476417, 11.9534748 ] ], [ [ 108.476417, 11.9534748 ], [ 108.4778144, 11.9544917 ] ], [ [ 108.4778144, 11.9544917 ], [ 108.4780202, 11.954361 ], [ 108.4791018, 11.9540854 ], [ 108.4804375, 11.9531513 ], [ 108.4812458, 11.9527279 ], [ 108.4815399, 11.9527314 ], [ 108.4819329, 11.9529387 ], [ 108.4824981, 11.9529472 ] ], [ [ 108.4824981, 11.9529472 ], [ 108.4830815, 11.9532214 ], [ 108.4841935, 11.9541841 ], [ 108.4851542, 11.9542993 ], [ 108.4857291, 11.9545254 ] ], [ [ 108.4857291, 11.9545254 ], [ 108.4864174, 11.9550127 ] ], [ [ 108.4864174, 11.9550127 ], [ 108.4867778, 11.955836 ], [ 108.486975, 11.9569289 ] ], [ [ 108.486975, 11.9569289 ], [ 108.4872539, 11.9575114 ], [ 108.4874499, 11.9576827 ] ], [ [ 108.4874499, 11.9576827 ], [ 108.4875439, 11.957219 ], [ 108.4878469, 11.9567641 ], [ 108.4883144, 11.9564652 ], [ 108.4885633, 11.9564248 ], [ 108.4922159, 11.9571735 ] ], [ [ 108.4922159, 11.9571735 ], [ 108.4930748, 11.9572776 ], [ 108.4935844, 11.9571332 ], [ 108.4939867, 11.9568262 ], [ 108.4942657, 11.9561256 ] ], [ [ 108.4942657, 11.9561256 ], [ 108.494429, 11.9555946 ] ], [ [ 108.494429, 11.9555946 ], [ 108.4946246, 11.9550501 ], [ 108.4945956, 11.9544462 ], [ 108.4938108, 11.9533209 ], [ 108.4933859, 11.9529768 ] ], [ [ 108.4933859, 11.9529768 ], [ 108.4925023, 11.9524014 ], [ 108.4922576, 11.9521482 ], [ 108.4921283, 11.951894 ], [ 108.4920801, 11.9512275 ] ], [ [ 108.4920801, 11.9512275 ], [ 108.4922127, 11.9504535 ], [ 108.4922582, 11.949361 ] ], [ [ 108.4922582, 11.949361 ], [ 108.4922641, 11.9492193 ] ], [ [ 108.4922641, 11.9492193 ], [ 108.4922353, 11.948537 ] ], [ [ 108.4922353, 11.948537 ], [ 108.492142, 11.9481898 ], [ 108.4916681, 11.9473686 ] ], [ [ 108.4916681, 11.9473686 ], [ 108.4912231, 11.9469027 ] ], [ [ 108.4912231, 11.9469027 ], [ 108.4911676, 11.9468482 ] ], [ [ 108.4911676, 11.9468482 ], [ 108.4911448, 11.9466349 ], [ 108.4912504, 11.9465241 ] ], [ [ 108.4912504, 11.9465241 ], [ 108.4913256, 11.9465016 ] ], [ [ 108.4913256, 11.9465016 ], [ 108.4918124, 11.9462277 ] ], [ [ 108.4918124, 11.9462277 ], [ 108.492651, 11.9447516 ], [ 108.4930024, 11.9444498 ], [ 108.4932384, 11.9443789 ], [ 108.4944695, 11.9444917 ] ], [ [ 108.4944695, 11.9444917 ], [ 108.4946808, 11.9445121 ] ], [ [ 108.4946808, 11.9445121 ], [ 108.4953084, 11.9446203 ] ], [ [ 108.4953084, 11.9446203 ], [ 108.4955733, 11.9446993 ] ], [ [ 108.4955733, 11.9446993 ], [ 108.4962143, 11.9449155 ] ], [ [ 108.4962143, 11.9449155 ], [ 108.4962787, 11.9449366 ] ], [ [ 108.4962787, 11.9449366 ], [ 108.497164, 11.9452286 ] ], [ [ 108.497164, 11.9452286 ], [ 108.4976761, 11.9453988 ] ], [ [ 108.4976761, 11.9453988 ], [ 108.498204, 11.945564 ] ], [ [ 108.498204, 11.945564 ], [ 108.4987369, 11.9457343 ] ], [ [ 108.4987369, 11.9457343 ], [ 108.4991239, 11.9458492 ] ], [ [ 108.4991239, 11.9458492 ], [ 108.5001172, 11.9461743 ] ], [ [ 108.5001172, 11.9461743 ], [ 108.5006213, 11.9461822 ] ], [ [ 108.5006213, 11.9461822 ], [ 108.5038455, 11.9456632 ] ], [ [ 108.5038455, 11.9456632 ], [ 108.5045935, 11.9455309 ], [ 108.5055894, 11.9451602 ] ], [ [ 108.5055894, 11.9451602 ], [ 108.50653, 11.9447094 ] ], [ [ 108.50653, 11.9447094 ], [ 108.5068679, 11.944542 ] ], [ [ 108.5068679, 11.944542 ], [ 108.5071067, 11.9444114 ] ], [ [ 108.5071067, 11.9444114 ], [ 108.5079557, 11.9436848 ], [ 108.5083587, 11.9435537 ] ], [ [ 108.5083587, 11.9435537 ], [ 108.5086042, 11.9437843 ], [ 108.5092285, 11.9438706 ], [ 108.50927, 11.9445451 ], [ 108.5094993, 11.944818 ] ], [ [ 108.5094993, 11.944818 ], [ 108.5110364, 11.9458099 ], [ 108.5112856, 11.9458308 ] ], [ [ 108.5112856, 11.9458308 ], [ 108.5115713, 11.9455327 ], [ 108.5118609, 11.9454277 ] ] ] } },
{ "type": "Feature", "properties": { "edge_id": "E014", "from_node": "DL14", "to_node": "DL02", "from_name": "Vườn Hoa Cẩm Tú Cầu", "to_name": "Ga Đà Lạt", "distance_km": 9.438, "base_time_min": 18.28, "average_speed_kph": 31.0, "road_type": "primary|residential|secondary|trunk|unclassified", "one_way_share": 0.053, "direction": "directed", "congestion_level": 1, "risk_score": 0, "closed": false, "backbone_edge": false, "data_source": "OpenStreetMap + modeled speeds" }, "geometry": { "type": "MultiLineString", "coordinates": [ [ [ 108.5118609, 11.9454277 ], [ 108.5115713, 11.9455327 ], [ 108.5112856, 11.9458308 ] ], [ [ 108.5112856, 11.9458308 ], [ 108.5110364, 11.9458099 ], [ 108.5094993, 11.944818 ] ], [ [ 108.5094993, 11.944818 ], [ 108.50927, 11.9445451 ], [ 108.5092285, 11.9438706 ], [ 108.5086042, 11.9437843 ], [ 108.5083587, 11.9435537 ] ], [ [ 108.5083587, 11.9435537 ], [ 108.5079557, 11.9436848 ], [ 108.5071067, 11.9444114 ] ], [ [ 108.5071067, 11.9444114 ], [ 108.5068679, 11.944542 ] ], [ [ 108.5068679, 11.944542 ], [ 108.50653, 11.9447094 ] ], [ [ 108.50653, 11.9447094 ], [ 108.5055894, 11.9451602 ] ], [ [ 108.5055894, 11.9451602 ], [ 108.5045935, 11.9455309 ], [ 108.5038455, 11.9456632 ] ], [ [ 108.5038455, 11.9456632 ], [ 108.5006213, 11.9461822 ] ], [ [ 108.5006213, 11.9461822 ], [ 108.5001172, 11.9461743 ] ], [ [ 108.5001172, 11.9461743 ], [ 108.4991239, 11.9458492 ] ], [ [ 108.4991239, 11.9458492 ], [ 108.4987369, 11.9457343 ] ], [ [ 108.4987369, 11.9457343 ], [ 108.498204, 11.945564 ] ], [ [ 108.498204, 11.945564 ], [ 108.4976761, 11.9453988 ] ], [ [ 108.4976761, 11.9453988 ], [ 108.497164, 11.9452286 ] ], [ [ 108.497164, 11.9452286 ], [ 108.4962787, 11.9449366 ] ], [ [ 108.4962787, 11.9449366 ], [ 108.4962143, 11.9449155 ] ], [ [ 108.4962143, 11.9449155 ], [ 108.4955733, 11.9446993 ] ], [ [ 108.4955733, 11.9446993 ], [ 108.4953084, 11.9446203 ] ], [ [ 108.4953084, 11.9446203 ], [ 108.4946808, 11.9445121 ] ], [ [ 108.4946808, 11.9445121 ], [ 108.4944695, 11.9444917 ] ], [ [ 108.4944695, 11.9444917 ], [ 108.4932384, 11.9443789 ], [ 108.4930024, 11.9444498 ], [ 108.492651, 11.9447516 ], [ 108.4918124, 11.9462277 ] ], [ [ 108.4918124, 11.9462277 ], [ 108.4915762, 11.9467148 ] ], [ [ 108.4915762, 11.9467148 ], [ 108.4915758, 11.9467618 ] ], [ [ 108.4915758, 11.9467618 ], [ 108.4916681, 11.9473686 ] ], [ [ 108.4916681, 11.9473686 ], [ 108.492142, 11.9481898 ], [ 108.4922353, 11.948537 ] ], [ [ 108.4922353, 11.948537 ], [ 108.4922641, 11.9492193 ] ], [ [ 108.4922641, 11.9492193 ], [ 108.4922582, 11.949361 ] ], [ [ 108.4922582, 11.949361 ], [ 108.4922127, 11.9504535 ], [ 108.4920801, 11.9512275 ] ], [ [ 108.4920801, 11.9512275 ], [ 108.4921283, 11.951894 ], [ 108.4922576, 11.9521482 ], [ 108.4925023, 11.9524014 ], [ 108.4933859, 11.9529768 ] ], [ [ 108.4933859, 11.9529768 ], [ 108.4938108, 11.9533209 ], [ 108.4945956, 11.9544462 ], [ 108.4946246, 11.9550501 ], [ 108.494429, 11.9555946 ] ], [ [ 108.494429, 11.9555946 ], [ 108.4942657, 11.9561256 ] ], [ [ 108.4942657, 11.9561256 ], [ 108.4939867, 11.9568262 ], [ 108.4935844, 11.9571332 ], [ 108.4930748, 11.9572776 ], [ 108.4922159, 11.9571735 ] ], [ [ 108.4922159, 11.9571735 ], [ 108.4885633, 11.9564248 ], [ 108.4883144, 11.9564652 ], [ 108.4878469, 11.9567641 ], [ 108.4875439, 11.957219 ], [ 108.4874499, 11.9576827 ] ], [ [ 108.4874499, 11.9576827 ], [ 108.4872539, 11.9575114 ], [ 108.486975, 11.9569289 ] ], [ [ 108.486975, 11.9569289 ], [ 108.4867778, 11.955836 ], [ 108.4864174, 11.9550127 ] ], [ [ 108.4864174, 11.9550127 ], [ 108.4857291, 11.9545254 ] ], [ [ 108.4857291, 11.9545254 ], [ 108.4851542, 11.9542993 ], [ 108.4841935, 11.9541841 ], [ 108.4830815, 11.9532214 ], [ 108.4824981, 11.9529472 ] ], [ [ 108.4824981, 11.9529472 ], [ 108.4819329, 11.9529387 ], [ 108.4815399, 11.9527314 ], [ 108.4812458, 11.9527279 ], [ 108.4804375, 11.9531513 ], [ 108.4791018, 11.9540854 ], [ 108.4780202, 11.954361 ], [ 108.4778144, 11.9544917 ] ], [ [ 108.4778144, 11.9544917 ], [ 108.476417, 11.9534748 ] ], [ [ 108.476417, 11.9534748 ], [ 108.4752092, 11.9526831 ], [ 108.47486, 11.9522906 ], [ 108.4745352, 11.9522146 ], [ 108.4732653, 11.9526881 ], [ 108.4721817, 11.9524677 ], [ 108.4718209, 11.9525005 ], [ 108.4715568, 11.9527661 ], [ 108.4712763, 11.9534648 ], [ 108.4708576, 11.9538383 ] ], [ [ 108.4708576, 11.9538383 ], [ 108.4707378, 11.9539075 ] ], [ [ 108.4707378, 11.9539075 ], [ 108.4703908, 11.9540944 ] ], [ [ 108.4703908, 11.9540944 ], [ 108.4700837, 11.9541138 ], [ 108.4695336, 11.9539106 ] ], [ [ 108.4695336, 11.9539106 ], [ 108.4693995, 11.9538387 ] ], [ [ 108.4693995, 11.9538387 ], [ 108.4680671, 11.9530438 ] ], [ [ 108.4680671, 11.9530438 ], [ 108.4661496, 11.9519714 ], [ 108.4655929, 11.951548 ], [ 108.4653102, 11.9512167 ], [ 108.4647346, 11.9500614 ], [ 108.4643772, 11.9495274 ], [ 108.4640144, 11.9492585 ], [ 108.463291, 11.9489575 ] ], [ [ 108.463291, 11.9489575 ], [ 108.4616399, 11.9484044 ] ], [ [ 108.4616399, 11.9484044 ], [ 108.4607563, 11.9481062 ] ], [ [ 108.4607563, 11.9481062 ], [ 108.460239, 11.9479231 ] ], [ [ 108.460239, 11.9479231 ], [ 108.4595609, 11.9476124 ] ], [ [ 108.4595609, 11.9476124 ], [ 108.4586541, 11.9467445 ] ], [ [ 108.4586541, 11.9467445 ], [ 108.4581228, 11.9462119 ] ], [ [ 108.4581228, 11.9462119 ], [ 108.4571073, 11.9452257 ] ], [ [ 108.4571073, 11.9452257 ], [ 108.4569092, 11.9449746 ], [ 108.4566719, 11.9441796 ], [ 108.4564549, 11.943817 ] ], [ [ 108.4564549, 11.943817 ], [ 108.4561991, 11.9435686 ] ], [ [ 108.4561991, 11.9435686 ], [ 108.453995, 11.9420282 ], [ 108.4536045, 11.9419424 ] ] ] } },
{ "type": "Feature", "properties": { "edge_id": "E015", "from_node": "DL02", "to_node": "DL22", "from_name": "Ga Đà Lạt", "to_name": "Hồ Xuân Hương", "distance_km": 0.704, "base_time_min": 1.06, "average_speed_kph": 40.0, "road_type": "secondary", "one_way_share": 0.5, "direction": "directed", "congestion_level": 1, "risk_score": 0, "closed": false, "backbone_edge": true, "data_source": "OpenStreetMap + modeled speeds" }, "geometry": { "type": "MultiLineString", "coordinates": [ [ [ 108.4536045, 11.9419424 ], [ 108.453395, 11.9419997 ] ], [ [ 108.453395, 11.9419997 ], [ 108.4530467, 11.9419876 ], [ 108.4527013, 11.9418704 ], [ 108.4523537, 11.9413916 ] ], [ [ 108.4523537, 11.9413916 ], [ 108.451811, 11.9407489 ] ], [ [ 108.451811, 11.9407489 ], [ 108.4510829, 11.940332 ] ], [ [ 108.4510829, 11.940332 ], [ 108.450679, 11.9402434 ] ], [ [ 108.450679, 11.9402434 ], [ 108.4503165, 11.9401921 ] ], [ [ 108.4503165, 11.9401921 ], [ 108.449347, 11.9402019 ], [ 108.4484232, 11.9405151 ] ], [ [ 108.4484232, 11.9405151 ], [ 108.4480834, 11.9408573 ] ] ] } },
{ "type": "Feature", "properties": { "edge_id": "E016", "from_node": "DL22", "to_node": "DL02", "from_name": "Hồ Xuân Hương", "to_name": "Ga Đà Lạt", "distance_km": 0.711, "base_time_min": 1.07, "average_speed_kph": 40.0, "road_type": "secondary", "one_way_share": 0.5, "direction": "directed", "congestion_level": 1, "risk_score": 0, "closed": false, "backbone_edge": true, "data_source": "OpenStreetMap + modeled speeds" }, "geometry": { "type": "MultiLineString", "coordinates": [ [ [ 108.4480834, 11.9408573 ], [ 108.4484232, 11.9405151 ] ], [ [ 108.4484232, 11.9405151 ], [ 108.449347, 11.9402019 ], [ 108.4503165, 11.9401921 ] ], [ [ 108.4503165, 11.9401921 ], [ 108.4507442, 11.9401745 ] ], [ [ 108.4507442, 11.9401745 ], [ 108.4510625, 11.9402543 ] ], [ [ 108.4510625, 11.9402543 ], [ 108.4517262, 11.9405993 ] ], [ [ 108.4517262, 11.9405993 ], [ 108.4521201, 11.9409583 ], [ 108.4523537, 11.9413916 ] ], [ [ 108.4523537, 11.9413916 ], [ 108.4527013, 11.9418704 ], [ 108.4530467, 11.9419876 ], [ 108.453395, 11.9419997 ] ], [ [ 108.453395, 11.9419997 ], [ 108.4536045, 11.9419424 ] ] ] } },
{ "type": "Feature", "properties": { "edge_id": "E017", "from_node": "DL02", "to_node": "DL23", "from_name": "Ga Đà Lạt", "to_name": "Quảng trường Lâm Viên", "distance_km": 1.294, "base_time_min": 2.32, "average_speed_kph": 33.5, "road_type": "residential|secondary|tertiary", "one_way_share": 0.333, "direction": "directed", "congestion_level": 1, "risk_score": 0, "closed": false, "backbone_edge": false, "data_source": "OpenStreetMap + modeled speeds" }, "geometry": { "type": "MultiLineString", "coordinates": [ [ [ 108.4536045, 11.9419424 ], [ 108.453395, 11.9419997 ] ], [ [ 108.453395, 11.9419997 ], [ 108.4530467, 11.9419876 ], [ 108.4527013, 11.9418704 ], [ 108.4523537, 11.9413916 ] ], [ [ 108.4523537, 11.9413916 ], [ 108.451811, 11.9407489 ] ], [ [ 108.451811, 11.9407489 ], [ 108.4510829, 11.940332 ] ], [ [ 108.4510829, 11.940332 ], [ 108.450679, 11.9402434 ] ], [ [ 108.450679, 11.9402434 ], [ 108.4503165, 11.9401921 ] ], [ [ 108.4503165, 11.9401921 ], [ 108.449347, 11.9402019 ], [ 108.4484232, 11.9405151 ] ], [ [ 108.4484232, 11.9405151 ], [ 108.4479507, 11.9404825 ] ], [ [ 108.4479507, 11.9404825 ], [ 108.4470305, 11.9402065 ] ], [ [ 108.4470305, 11.9402065 ], [ 108.4461427, 11.9399138 ] ], [ [ 108.4461427, 11.9399138 ], [ 108.4466152, 11.9381911 ] ], [ [ 108.4466152, 11.9381911 ], [ 108.4457445, 11.9381449 ], [ 108.4450793, 11.9376623 ] ] ] } },
{ "type": "Feature", "properties": { "edge_id": "E018", "from_node": "DL23", "to_node": "DL02", "from_name": "Quảng trường Lâm Viên", "to_name": "Ga Đà Lạt", "distance_km": 1.302, "base_time_min": 2.33, "average_speed_kph": 33.5, "road_type": "residential|secondary|tertiary", "one_way_share": 0.333, "direction": "directed", "congestion_level": 1, "risk_score": 0, "closed": false, "backbone_edge": false, "data_source": "OpenStreetMap + modeled speeds" }, "geometry": { "type": "MultiLineString", "coordinates": [ [ [ 108.4450793, 11.9376623 ], [ 108.4457445, 11.9381449 ], [ 108.4466152, 11.9381911 ] ], [ [ 108.4466152, 11.9381911 ], [ 108.4461427, 11.9399138 ] ], [ [ 108.4461427, 11.9399138 ], [ 108.4470305, 11.9402065 ] ], [ [ 108.4470305, 11.9402065 ], [ 108.4479507, 11.9404825 ] ], [ [ 108.4479507, 11.9404825 ], [ 108.4484232, 11.9405151 ] ], [ [ 108.4484232, 11.9405151 ], [ 108.449347, 11.9402019 ], [ 108.4503165, 11.9401921 ] ], [ [ 108.4503165, 11.9401921 ], [ 108.4507442, 11.9401745 ] ], [ [ 108.4507442, 11.9401745 ], [ 108.4510625, 11.9402543 ] ], [ [ 108.4510625, 11.9402543 ], [ 108.4517262, 11.9405993 ] ], [ [ 108.4517262, 11.9405993 ], [ 108.4521201, 11.9409583 ], [ 108.4523537, 11.9413916 ] ], [ [ 108.4523537, 11.9413916 ], [ 108.4527013, 11.9418704 ], [ 108.4530467, 11.9419876 ], [ 108.453395, 11.9419997 ] ], [ [ 108.453395, 11.9419997 ], [ 108.4536045, 11.9419424 ] ] ] } },
{ "type": "Feature", "properties": { "edge_id": "E019", "from_node": "DL03", "to_node": "DL04", "from_name": "Crazy House", "to_name": "Museum Madam De Dalat", "distance_km": 2.182, "base_time_min": 4.16, "average_speed_kph": 31.5, "road_type": "primary|residential|secondary|tertiary", "one_way_share": 0.214, "direction": "directed", "congestion_level": 1, "risk_score": 0, "closed": false, "backbone_edge": false, "data_source": "OpenStreetMap + modeled speeds" }, "geometry": { "type": "MultiLineString", "coordinates": [ [ [ 108.4315438, 11.9345103 ], [ 108.4322429, 11.9354619 ] ], [ [ 108.4322429, 11.9354619 ], [ 108.4324547, 11.9358054 ] ], [ [ 108.4324547, 11.9358054 ], [ 108.4324692, 11.9358391 ] ], [ [ 108.4324692, 11.9358391 ], [ 108.4323803, 11.9359792 ] ], [ [ 108.4323803, 11.9359792 ], [ 108.4322778, 11.9359542 ] ], [ [ 108.4322778, 11.9359542 ], [ 108.431631, 11.9358215 ] ], [ [ 108.431631, 11.9358215 ], [ 108.4313075, 11.9359173 ], [ 108.4309805, 11.9362176 ] ], [ [ 108.4309805, 11.9362176 ], [ 108.4304778, 11.9369494 ] ], [ [ 108.4304778, 11.9369494 ], [ 108.4300316, 11.9376111 ] ], [ [ 108.4300316, 11.9376111 ], [ 108.4294181, 11.938559 ] ], [ [ 108.4294181, 11.938559 ], [ 108.4308, 11.9400129 ] ], [ [ 108.4308, 11.9400129 ], [ 108.4312355, 11.9404859 ] ], [ [ 108.4312355, 11.9404859 ], [ 108.4315773, 11.9408501 ] ], [ [ 108.4315773, 11.9408501 ], [ 108.4320073, 11.9412491 ] ], [ [ 108.4320073, 11.9412491 ], [ 108.4315064, 11.9420207 ] ], [ [ 108.4315064, 11.9420207 ], [ 108.4314559, 11.9421087 ] ], [ [ 108.4314559, 11.9421087 ], [ 108.4312884, 11.9424017 ] ], [ [ 108.4312884, 11.9424017 ], [ 108.4311339, 11.9425348 ] ], [ [ 108.4311339, 11.9425348 ], [ 108.4309378, 11.9431866 ] ], [ [ 108.4309378, 11.9431866 ], [ 108.4309378, 11.9436862 ], [ 108.4308484, 11.9439451 ], [ 108.4303532, 11.9445836 ] ], [ [ 108.4303532, 11.9445836 ], [ 108.4301354, 11.944745 ] ], [ [ 108.4301354, 11.944745 ], [ 108.4299483, 11.9449987 ], [ 108.4299212, 11.9459416 ], [ 108.4296707, 11.9461492 ] ], [ [ 108.4296707, 11.9461492 ], [ 108.4293498, 11.9462444 ] ], [ [ 108.4293498, 11.9462444 ], [ 108.4292139, 11.9463551 ] ], [ [ 108.4292139, 11.9463551 ], [ 108.4289597, 11.946233 ], [ 108.4283675, 11.9461886 ] ], [ [ 108.4283675, 11.9461886 ], [ 108.4272071, 11.9469616 ] ], [ [ 108.4272071, 11.9469616 ], [ 108.4266398, 11.9469873 ], [ 108.4259568, 11.9467134 ] ], [ [ 108.4259568, 11.9467134 ], [ 108.4258823, 11.9466443 ] ] ] } },
{ "type": "Feature", "properties": { "edge_id": "E020", "from_node": "DL04", "to_node": "DL03", "from_name": "Museum Madam De Dalat", "to_name": "Crazy House", "distance_km": 2.217, "base_time_min": 4.19, "average_speed_kph": 31.7, "road_type": "primary|residential|secondary|tertiary", "one_way_share": 0.241, "direction": "directed", "congestion_level": 1, "risk_score": 0, "closed": false, "backbone_edge": false, "data_source": "OpenStreetMap + modeled speeds" }, "geometry": { "type": "MultiLineString", "coordinates": [ [ [ 108.4258823, 11.9466443 ], [ 108.4259568, 11.9467134 ] ], [ [ 108.4259568, 11.9467134 ], [ 108.4266398, 11.9469873 ], [ 108.4272071, 11.9469616 ] ], [ [ 108.4272071, 11.9469616 ], [ 108.4283675, 11.9461886 ] ], [ [ 108.4283675, 11.9461886 ], [ 108.4289597, 11.946233 ], [ 108.4292139, 11.9463551 ] ], [ [ 108.4292139, 11.9463551 ], [ 108.4293498, 11.9462444 ] ], [ [ 108.4293498, 11.9462444 ], [ 108.4296707, 11.9461492 ] ], [ [ 108.4296707, 11.9461492 ], [ 108.4299212, 11.9459416 ], [ 108.4299483, 11.9449987 ], [ 108.4301354, 11.944745 ] ], [ [ 108.4301354, 11.944745 ], [ 108.4303532, 11.9445836 ] ], [ [ 108.4303532, 11.9445836 ], [ 108.4308484, 11.9439451 ], [ 108.4309378, 11.9436862 ], [ 108.4309378, 11.9431866 ] ], [ [ 108.4309378, 11.9431866 ], [ 108.4311339, 11.9425348 ] ], [ [ 108.4311339, 11.9425348 ], [ 108.4312884, 11.9424017 ] ], [ [ 108.4312884, 11.9424017 ], [ 108.4314559, 11.9421087 ] ], [ [ 108.4314559, 11.9421087 ], [ 108.4315064, 11.9420207 ] ], [ [ 108.4315064, 11.9420207 ], [ 108.4320073, 11.9412491 ] ], [ [ 108.4320073, 11.9412491 ], [ 108.4315773, 11.9408501 ] ], [ [ 108.4315773, 11.9408501 ], [ 108.4312355, 11.9404859 ] ], [ [ 108.4312355, 11.9404859 ], [ 108.4308, 11.9400129 ] ], [ [ 108.4308, 11.9400129 ], [ 108.4294181, 11.938559 ] ], [ [ 108.4294181, 11.938559 ], [ 108.429324, 11.9384589 ] ], [ [ 108.429324, 11.9384589 ], [ 108.4289704, 11.9380781 ] ], [ [ 108.4289704, 11.9380781 ], [ 108.4292309, 11.9378769 ] ], [ [ 108.4292309, 11.9378769 ], [ 108.4296154, 11.9376602 ], [ 108.4300316, 11.9376111 ] ], [ [ 108.4300316, 11.9376111 ], [ 108.4304778, 11.9369494 ] ], [ [ 108.4304778, 11.9369494 ], [ 108.4309805, 11.9362176 ] ], [ [ 108.4309805, 11.9362176 ], [ 108.4313075, 11.9359173 ], [ 108.431631, 11.9358215 ] ], [ [ 108.431631, 11.9358215 ], [ 108.4322448, 11.9358242 ] ], [ [ 108.4322448, 11.9358242 ], [ 108.4322631, 11.9357935 ] ], [ [ 108.4322631, 11.9357935 ], [ 108.4322429, 11.9354619 ] ], [ [ 108.4322429, 11.9354619 ], [ 108.4315438, 11.9345103 ] ] ] } },
{ "type": "Feature", "properties": { "edge_id": "E021", "from_node": "DL03", "to_node": "DL13", "from_name": "Crazy House", "to_name": "Dinh III Bảo Đại", "distance_km": 1.037, "base_time_min": 2.07, "average_speed_kph": 30.0, "road_type": "tertiary", "one_way_share": 0.0, "direction": "directed", "congestion_level": 1, "risk_score": 0, "closed": false, "backbone_edge": true, "data_source": "OpenStreetMap + modeled speeds" }, "geometry": { "type": "MultiLineString", "coordinates": [ [ [ 108.4315438, 11.9345103 ], [ 108.4308542, 11.933541 ], [ 108.4304997, 11.9333145 ], [ 108.4301183, 11.9332028 ] ], [ [ 108.4301183, 11.9332028 ], [ 108.4291233, 11.9333111 ] ], [ [ 108.4291233, 11.9333111 ], [ 108.4285738, 11.9332343 ], [ 108.4277523, 11.9328076 ], [ 108.4272477, 11.9328194 ] ], [ [ 108.4272477, 11.9328194 ], [ 108.4270027, 11.9317375 ], [ 108.4270817, 11.9313353 ], [ 108.4272568, 11.9310983 ], [ 108.4287205, 11.9306058 ], [ 108.4295015, 11.9313144 ] ] ] } },
{ "type": "Feature", "properties": { "edge_id": "E022", "from_node": "DL13", "to_node": "DL03", "from_name": "Dinh III Bảo Đại", "to_name": "Crazy House", "distance_km": 1.037, "base_time_min": 2.07, "average_speed_kph": 30.0, "road_type": "tertiary", "one_way_share": 0.0, "direction": "directed", "congestion_level": 1, "risk_score": 0, "closed": false, "backbone_edge": true, "data_source": "OpenStreetMap + modeled speeds" }, "geometry": { "type": "MultiLineString", "coordinates": [ [ [ 108.4295015, 11.9313144 ], [ 108.4287205, 11.9306058 ], [ 108.4272568, 11.9310983 ], [ 108.4270817, 11.9313353 ], [ 108.4270027, 11.9317375 ], [ 108.4272477, 11.9328194 ] ], [ [ 108.4272477, 11.9328194 ], [ 108.4277523, 11.9328076 ], [ 108.4285738, 11.9332343 ], [ 108.4291233, 11.9333111 ] ], [ [ 108.4291233, 11.9333111 ], [ 108.4301183, 11.9332028 ] ], [ [ 108.4301183, 11.9332028 ], [ 108.4304997, 11.9333145 ], [ 108.4308542, 11.933541 ], [ 108.4315438, 11.9345103 ] ] ] } },
{ "type": "Feature", "properties": { "edge_id": "E023", "from_node": "DL03", "to_node": "DL15", "from_name": "Crazy House", "to_name": "Nhà thờ Cam Ly", "distance_km": 2.77, "base_time_min": 5.94, "average_speed_kph": 28.0, "road_type": "primary|residential|secondary|tertiary", "one_way_share": 0.207, "direction": "directed", "congestion_level": 1, "risk_score": 0, "closed": false, "backbone_edge": false, "data_source": "OpenStreetMap + modeled speeds" }, "geometry": { "type": "MultiLineString", "coordinates": [ [ [ 108.4315438, 11.9345103 ], [ 108.4322429, 11.9354619 ] ], [ [ 108.4322429, 11.9354619 ], [ 108.4324547, 11.9358054 ] ], [ [ 108.4324547, 11.9358054 ], [ 108.4324692, 11.9358391 ] ], [ [ 108.4324692, 11.9358391 ], [ 108.4323803, 11.9359792 ] ], [ [ 108.4323803, 11.9359792 ], [ 108.4322778, 11.9359542 ] ], [ [ 108.4322778, 11.9359542 ], [ 108.431631, 11.9358215 ] ], [ [ 108.431631, 11.9358215 ], [ 108.4313075, 11.9359173 ], [ 108.4309805, 11.9362176 ] ], [ [ 108.4309805, 11.9362176 ], [ 108.4304778, 11.9369494 ] ], [ [ 108.4304778, 11.9369494 ], [ 108.4300316, 11.9376111 ] ], [ [ 108.4300316, 11.9376111 ], [ 108.4294181, 11.938559 ] ], [ [ 108.4294181, 11.938559 ], [ 108.4308, 11.9400129 ] ], [ [ 108.4308, 11.9400129 ], [ 108.4312355, 11.9404859 ] ], [ [ 108.4312355, 11.9404859 ], [ 108.4315773, 11.9408501 ] ], [ [ 108.4315773, 11.9408501 ], [ 108.4320073, 11.9412491 ] ], [ [ 108.4320073, 11.9412491 ], [ 108.4315064, 11.9420207 ] ], [ [ 108.4315064, 11.9420207 ], [ 108.4314559, 11.9421087 ] ], [ [ 108.4314559, 11.9421087 ], [ 108.4312884, 11.9424017 ] ], [ [ 108.4312884, 11.9424017 ], [ 108.4311339, 11.9425348 ] ], [ [ 108.4311339, 11.9425348 ], [ 108.4309378, 11.9431866 ] ], [ [ 108.4309378, 11.9431866 ], [ 108.4309378, 11.9436862 ], [ 108.4308484, 11.9439451 ], [ 108.4303532, 11.9445836 ] ], [ [ 108.4303532, 11.9445836 ], [ 108.4301354, 11.944745 ] ], [ [ 108.4301354, 11.944745 ], [ 108.4299483, 11.9449987 ], [ 108.4299212, 11.9459416 ], [ 108.4296707, 11.9461492 ] ], [ [ 108.4296707, 11.9461492 ], [ 108.4293498, 11.9462444 ] ], [ [ 108.4293498, 11.9462444 ], [ 108.4286631, 11.9455187 ] ], [ [ 108.4286631, 11.9455187 ], [ 108.4279782, 11.9450033 ] ], [ [ 108.4279782, 11.9450033 ], [ 108.4263493, 11.9439035 ] ], [ [ 108.4263493, 11.9439035 ], [ 108.425663, 11.9434007 ] ], [ [ 108.425663, 11.9434007 ], [ 108.4255905, 11.9433459 ] ], [ [ 108.4255905, 11.9433459 ], [ 108.4251879, 11.9433017 ], [ 108.4229689, 11.9440054 ], [ 108.4228428, 11.9437783 ], [ 108.4224136, 11.9435819 ], [ 108.4220262, 11.9431847 ], [ 108.4223631, 11.9429244 ] ] ] } },
{ "type": "Feature", "properties": { "edge_id": "E024", "from_node": "DL15", "to_node": "DL03", "from_name": "Nhà thờ Cam Ly", "to_name": "Crazy House", "distance_km": 2.805, "base_time_min": 5.98, "average_speed_kph": 28.2, "road_type": "primary|residential|secondary|tertiary", "one_way_share": 0.233, "direction": "directed", "congestion_level": 1, "risk_score": 0, "closed": false, "backbone_edge": false, "data_source": "OpenStreetMap + modeled speeds" }, "geometry": { "type": "MultiLineString", "coordinates": [ [ [ 108.4223631, 11.9429244 ], [ 108.4220262, 11.9431847 ], [ 108.4224136, 11.9435819 ], [ 108.4228428, 11.9437783 ], [ 108.4229689, 11.9440054 ], [ 108.4251879, 11.9433017 ], [ 108.4255905, 11.9433459 ] ], [ [ 108.4255905, 11.9433459 ], [ 108.425663, 11.9434007 ] ], [ [ 108.425663, 11.9434007 ], [ 108.4263493, 11.9439035 ] ], [ [ 108.4263493, 11.9439035 ], [ 108.4279782, 11.9450033 ] ], [ [ 108.4279782, 11.9450033 ], [ 108.4286631, 11.9455187 ] ], [ [ 108.4286631, 11.9455187 ], [ 108.4293498, 11.9462444 ] ], [ [ 108.4293498, 11.9462444 ], [ 108.4296707, 11.9461492 ] ], [ [ 108.4296707, 11.9461492 ], [ 108.4299212, 11.9459416 ], [ 108.4299483, 11.9449987 ], [ 108.4301354, 11.944745 ] ], [ [ 108.4301354, 11.944745 ], [ 108.4303532, 11.9445836 ] ], [ [ 108.4303532, 11.9445836 ], [ 108.4308484, 11.9439451 ], [ 108.4309378, 11.9436862 ], [ 108.4309378, 11.9431866 ] ], [ [ 108.4309378, 11.9431866 ], [ 108.4311339, 11.9425348 ] ], [ [ 108.4311339, 11.9425348 ], [ 108.4312884, 11.9424017 ] ], [ [ 108.4312884, 11.9424017 ], [ 108.4314559, 11.9421087 ] ], [ [ 108.4314559, 11.9421087 ], [ 108.4315064, 11.9420207 ] ], [ [ 108.4315064, 11.9420207 ], [ 108.4320073, 11.9412491 ] ], [ [ 108.4320073, 11.9412491 ], [ 108.4315773, 11.9408501 ] ], [ [ 108.4315773, 11.9408501 ], [ 108.4312355, 11.9404859 ] ], [ [ 108.4312355, 11.9404859 ], [ 108.4308, 11.9400129 ] ], [ [ 108.4308, 11.9400129 ], [ 108.4294181, 11.938559 ] ], [ [ 108.4294181, 11.938559 ], [ 108.429324, 11.9384589 ] ], [ [ 108.429324, 11.9384589 ], [ 108.4289704, 11.9380781 ] ], [ [ 108.4289704, 11.9380781 ], [ 108.4292309, 11.9378769 ] ], [ [ 108.4292309, 11.9378769 ], [ 108.4296154, 11.9376602 ], [ 108.4300316, 11.9376111 ] ], [ [ 108.4300316, 11.9376111 ], [ 108.4304778, 11.9369494 ] ], [ [ 108.4304778, 11.9369494 ], [ 108.4309805, 11.9362176 ] ], [ [ 108.4309805, 11.9362176 ], [ 108.4313075, 11.9359173 ], [ 108.431631, 11.9358215 ] ], [ [ 108.431631, 11.9358215 ], [ 108.4322448, 11.9358242 ] ], [ [ 108.4322448, 11.9358242 ], [ 108.4322631, 11.9357935 ] ], [ [ 108.4322631, 11.9357935 ], [ 108.4322429, 11.9354619 ] ], [ [ 108.4322429, 11.9354619 ], [ 108.4315438, 11.9345103 ] ] ] } },
{ "type": "Feature", "properties": { "edge_id": "E025", "from_node": "DL03", "to_node": "DL21", "from_name": "Crazy House", "to_name": "Chợ Đà Lạt", "distance_km": 1.414, "base_time_min": 2.76, "average_speed_kph": 30.7, "road_type": "primary|primary_link|residential|secondary|tertiary", "one_way_share": 0.391, "direction": "directed", "congestion_level": 1, "risk_score": 0, "closed": false, "backbone_edge": true, "data_source": "OpenStreetMap + modeled speeds" }, "geometry": { "type": "MultiLineString", "coordinates": [ [ [ 108.4315438, 11.9345103 ], [ 108.4322429, 11.9354619 ] ], [ [ 108.4322429, 11.9354619 ], [ 108.4324547, 11.9358054 ] ], [ [ 108.4324547, 11.9358054 ], [ 108.4324692, 11.9358391 ] ], [ [ 108.4324692, 11.9358391 ], [ 108.4329554, 11.9360239 ] ], [ [ 108.4329554, 11.9360239 ], [ 108.4335586, 11.9361932 ] ], [ [ 108.4335586, 11.9361932 ], [ 108.4338096, 11.9362637 ] ], [ [ 108.4338096, 11.9362637 ], [ 108.4337493, 11.9363591 ] ], [ [ 108.4337493, 11.9363591 ], [ 108.4336558, 11.9366356 ] ], [ [ 108.4336558, 11.9366356 ], [ 108.4336398, 11.9368482 ] ], [ [ 108.4336398, 11.9368482 ], [ 108.4336819, 11.9374582 ] ], [ [ 108.4336819, 11.9374582 ], [ 108.4337688, 11.937604 ] ], [ [ 108.4337688, 11.937604 ], [ 108.4339855, 11.938022 ] ], [ [ 108.4339855, 11.938022 ], [ 108.4342147, 11.9384931 ] ], [ [ 108.4342147, 11.9384931 ], [ 108.4343359, 11.9387655 ] ], [ [ 108.4343359, 11.9387655 ], [ 108.4345322, 11.9391934 ] ], [ [ 108.4345322, 11.9391934 ], [ 108.4346446, 11.9391532 ] ], [ [ 108.4346446, 11.9391532 ], [ 108.435245, 11.9390624 ], [ 108.4359638, 11.9391687 ], [ 108.4369603, 11.9396108 ], [ 108.4373175, 11.9399051 ] ], [ [ 108.4373175, 11.9399051 ], [ 108.4374903, 11.9401147 ] ], [ [ 108.4374903, 11.9401147 ], [ 108.4377022, 11.9400945 ] ], [ [ 108.4377022, 11.9400945 ], [ 108.4377863, 11.9402304 ], [ 108.4377588, 11.9403351 ] ], [ [ 108.4377588, 11.9403351 ], [ 108.4375707, 11.9404105 ] ], [ [ 108.4375707, 11.9404105 ], [ 108.4370107, 11.942457 ] ], [ [ 108.4370107, 11.942457 ], [ 108.4371657, 11.9426567 ], [ 108.4370388, 11.9428504 ] ] ] } },
{ "type": "Feature", "properties": { "edge_id": "E026", "from_node": "DL21", "to_node": "DL03", "from_name": "Chợ Đà Lạt", "to_name": "Crazy House", "distance_km": 1.401, "base_time_min": 2.81, "average_speed_kph": 29.9, "road_type": "primary|residential|secondary|tertiary", "one_way_share": 0.455, "direction": "directed", "congestion_level": 1, "risk_score": 0, "closed": false, "backbone_edge": true, "data_source": "OpenStreetMap + modeled speeds" }, "geometry": { "type": "MultiLineString", "coordinates": [ [ [ 108.4370388, 11.9428504 ], [ 108.4368717, 11.9428587 ], [ 108.4367626, 11.9427693 ] ], [ [ 108.4367626, 11.9427693 ], [ 108.436779, 11.9425283 ], [ 108.4370107, 11.942457 ] ], [ [ 108.4370107, 11.942457 ], [ 108.4375707, 11.9404105 ] ], [ [ 108.4375707, 11.9404105 ], [ 108.4374425, 11.9402973 ] ], [ [ 108.4374425, 11.9402973 ], [ 108.4374903, 11.9401147 ] ], [ [ 108.4374903, 11.9401147 ], [ 108.4373175, 11.9399051 ] ], [ [ 108.4373175, 11.9399051 ], [ 108.4369603, 11.9396108 ], [ 108.4359638, 11.9391687 ], [ 108.435245, 11.9390624 ], [ 108.4346446, 11.9391532 ] ], [ [ 108.4346446, 11.9391532 ], [ 108.4345322, 11.9391934 ] ], [ [ 108.4345322, 11.9391934 ], [ 108.4343359, 11.9387655 ] ], [ [ 108.4343359, 11.9387655 ], [ 108.4342147, 11.9384931 ] ], [ [ 108.4342147, 11.9384931 ], [ 108.4339855, 11.938022 ] ], [ [ 108.4339855, 11.938022 ], [ 108.4337688, 11.937604 ] ], [ [ 108.4337688, 11.937604 ], [ 108.4336819, 11.9374582 ] ], [ [ 108.4336819, 11.9374582 ], [ 108.4336398, 11.9368482 ] ], [ [ 108.4336398, 11.9368482 ], [ 108.4336558, 11.9366356 ] ], [ [ 108.4336558, 11.9366356 ], [ 108.4335783, 11.9363956 ], [ 108.4333764, 11.9362525 ] ], [ [ 108.4333764, 11.9362525 ], [ 108.4323803, 11.9359792 ] ], [ [ 108.4323803, 11.9359792 ], [ 108.4322778, 11.9359542 ] ], [ [ 108.4322778, 11.9359542 ], [ 108.4322448, 11.9358242 ] ], [ [ 108.4322448, 11.9358242 ], [ 108.4322631, 11.9357935 ] ], [ [ 108.4322631, 11.9357935 ], [ 108.4322429, 11.9354619 ] ], [ [ 108.4322429, 11.9354619 ], [ 108.4315438, 11.9345103 ] ] ] } },
{ "type": "Feature", "properties": { "edge_id": "E027", "from_node": "DL04", "to_node": "DL10", "from_name": "Museum Madam De Dalat", "to_name": "Vườn dâu Công nghệ cao Bình Yên", "distance_km": 0.366, "base_time_min": 1.1, "average_speed_kph": 20.0, "road_type": "residential", "one_way_share": 0.0, "direction": "directed", "congestion_level": 1, "risk_score": 0, "closed": false, "backbone_edge": true, "data_source": "OpenStreetMap + modeled speeds" }, "geometry": { "type": "MultiLineString", "coordinates": [ [ [ 108.4258823, 11.9466443 ], [ 108.4259568, 11.9467134 ] ], [ [ 108.4259568, 11.9467134 ], [ 108.425923, 11.9471814 ] ], [ [ 108.425923, 11.9471814 ], [ 108.4261385, 11.9475249 ], [ 108.4259315, 11.948643 ], [ 108.425926, 11.9487484 ], [ 108.426044, 11.94888 ] ], [ [ 108.426044, 11.94888 ], [ 108.4264336, 11.9489984 ], [ 108.4267553, 11.9493561 ] ] ] } },
{ "type": "Feature", "properties": { "edge_id": "E028", "from_node": "DL10", "to_node": "DL04", "from_name": "Vườn dâu Công nghệ cao Bình Yên", "to_name": "Museum Madam De Dalat", "distance_km": 0.366, "base_time_min": 1.1, "average_speed_kph": 20.0, "road_type": "residential", "one_way_share": 0.0, "direction": "directed", "congestion_level": 1, "risk_score": 0, "closed": false, "backbone_edge": true, "data_source": "OpenStreetMap + modeled speeds" }, "geometry": { "type": "MultiLineString", "coordinates": [ [ [ 108.4267553, 11.9493561 ], [ 108.4264336, 11.9489984 ], [ 108.426044, 11.94888 ] ], [ [ 108.426044, 11.94888 ], [ 108.425926, 11.9487484 ], [ 108.4259315, 11.948643 ], [ 108.4261385, 11.9475249 ], [ 108.425923, 11.9471814 ] ], [ [ 108.425923, 11.9471814 ], [ 108.4259568, 11.9467134 ] ], [ [ 108.4259568, 11.9467134 ], [ 108.4258823, 11.9466443 ] ] ] } },
{ "type": "Feature", "properties": { "edge_id": "E029", "from_node": "DL04", "to_node": "DL15", "from_name": "Museum Madam De Dalat", "to_name": "Nhà thờ Cam Ly", "distance_km": 0.919, "base_time_min": 2.76, "average_speed_kph": 20.0, "road_type": "residential", "one_way_share": 0.0, "direction": "directed", "congestion_level": 1, "risk_score": 0, "closed": false, "backbone_edge": true, "data_source": "OpenStreetMap + modeled speeds" }, "geometry": { "type": "MultiLineString", "coordinates": [ [ [ 108.4258823, 11.9466443 ], [ 108.4257625, 11.946305 ], [ 108.4257999, 11.9459793 ] ], [ [ 108.4257999, 11.9459793 ], [ 108.426277, 11.945359 ], [ 108.4263451, 11.9446505 ] ], [ [ 108.4263451, 11.9446505 ], [ 108.4263493, 11.9439035 ] ], [ [ 108.4263493, 11.9439035 ], [ 108.425663, 11.9434007 ] ], [ [ 108.425663, 11.9434007 ], [ 108.4255905, 11.9433459 ] ], [ [ 108.4255905, 11.9433459 ], [ 108.4251879, 11.9433017 ], [ 108.4229689, 11.9440054 ], [ 108.4228428, 11.9437783 ], [ 108.4224136, 11.9435819 ], [ 108.4220262, 11.9431847 ], [ 108.4223631, 11.9429244 ] ] ] } },
{ "type": "Feature", "properties": { "edge_id": "E030", "from_node": "DL15", "to_node": "DL04", "from_name": "Nhà thờ Cam Ly", "to_name": "Museum Madam De Dalat", "distance_km": 0.919, "base_time_min": 2.76, "average_speed_kph": 20.0, "road_type": "residential", "one_way_share": 0.0, "direction": "directed", "congestion_level": 1, "risk_score": 0, "closed": false, "backbone_edge": true, "data_source": "OpenStreetMap + modeled speeds" }, "geometry": { "type": "MultiLineString", "coordinates": [ [ [ 108.4223631, 11.9429244 ], [ 108.4220262, 11.9431847 ], [ 108.4224136, 11.9435819 ], [ 108.4228428, 11.9437783 ], [ 108.4229689, 11.9440054 ], [ 108.4251879, 11.9433017 ], [ 108.4255905, 11.9433459 ] ], [ [ 108.4255905, 11.9433459 ], [ 108.425663, 11.9434007 ] ], [ [ 108.425663, 11.9434007 ], [ 108.4263493, 11.9439035 ] ], [ [ 108.4263493, 11.9439035 ], [ 108.4263451, 11.9446505 ] ], [ [ 108.4263451, 11.9446505 ], [ 108.426277, 11.945359 ], [ 108.4257999, 11.9459793 ] ], [ [ 108.4257999, 11.9459793 ], [ 108.4257625, 11.946305 ], [ 108.4258823, 11.9466443 ] ] ] } },
{ "type": "Feature", "properties": { "edge_id": "E031", "from_node": "DL04", "to_node": "DL18", "from_name": "Museum Madam De Dalat", "to_name": "Làng Cổ Tích", "distance_km": 4.529, "base_time_min": 10.51, "average_speed_kph": 25.9, "road_type": "primary|primary_link|residential|tertiary|unclassified", "one_way_share": 0.2, "direction": "directed", "congestion_level": 1, "risk_score": 0, "closed": false, "backbone_edge": false, "data_source": "OpenStreetMap + modeled speeds" }, "geometry": { "type": "MultiLineString", "coordinates": [ [ [ 108.4258823, 11.9466443 ], [ 108.4259568, 11.9467134 ] ], [ [ 108.4259568, 11.9467134 ], [ 108.4266398, 11.9469873 ], [ 108.4272071, 11.9469616 ] ], [ [ 108.4272071, 11.9469616 ], [ 108.4283675, 11.9461886 ] ], [ [ 108.4283675, 11.9461886 ], [ 108.4289597, 11.946233 ], [ 108.4292139, 11.9463551 ] ], [ [ 108.4292139, 11.9463551 ], [ 108.4293498, 11.9462444 ] ], [ [ 108.4293498, 11.9462444 ], [ 108.4286631, 11.9455187 ] ], [ [ 108.4286631, 11.9455187 ], [ 108.4286641, 11.9446956 ], [ 108.4284159, 11.9428165 ] ], [ [ 108.4284159, 11.9428165 ], [ 108.4274706, 11.9428965 ], [ 108.4268626, 11.9423282 ], [ 108.4266242, 11.9422757 ], [ 108.4261761, 11.9423474 ] ], [ [ 108.4261761, 11.9423474 ], [ 108.4261047, 11.9411811 ] ], [ [ 108.4261047, 11.9411811 ], [ 108.4260871, 11.9408661 ] ], [ [ 108.4260871, 11.9408661 ], [ 108.4260558, 11.9405105 ] ], [ [ 108.4260558, 11.9405105 ], [ 108.4260551, 11.9401035 ] ], [ [ 108.4260551, 11.9401035 ], [ 108.426144, 11.9396732 ] ], [ [ 108.426144, 11.9396732 ], [ 108.4252343, 11.9395452 ] ], [ [ 108.4252343, 11.9395452 ], [ 108.4249084, 11.9397913 ], [ 108.4245665, 11.9404257 ], [ 108.4242227, 11.9406794 ], [ 108.4232418, 11.9409707 ], [ 108.4221637, 11.9408268 ] ], [ [ 108.4221637, 11.9408268 ], [ 108.4215966, 11.9407983 ], [ 108.4213608, 11.9409747 ], [ 108.4212643, 11.9411761 ] ], [ [ 108.4212643, 11.9411761 ], [ 108.4211449, 11.9415786 ], [ 108.4209527, 11.9416713 ], [ 108.4204258, 11.9412439 ], [ 108.419417, 11.9410452 ] ], [ [ 108.419417, 11.9410452 ], [ 108.418376, 11.9409457 ] ], [ [ 108.418376, 11.9409457 ], [ 108.4181025, 11.9410212 ] ], [ [ 108.4181025, 11.9410212 ], [ 108.4180587, 11.941052 ] ], [ [ 108.4180587, 11.941052 ], [ 108.4179507, 11.9410144 ] ], [ [ 108.4179507, 11.9410144 ], [ 108.4179399, 11.9409859 ] ], [ [ 108.4179399, 11.9409859 ], [ 108.4177355, 11.9408589 ] ], [ [ 108.4177355, 11.9408589 ], [ 108.4168326, 11.9408254 ], [ 108.4157694, 11.9411382 ], [ 108.4138301, 11.940945 ], [ 108.4133412, 11.9406853 ] ], [ [ 108.4133412, 11.9406853 ], [ 108.412943, 11.9404538 ] ], [ [ 108.412943, 11.9404538 ], [ 108.4127968, 11.9404951 ], [ 108.4113976, 11.9403102 ] ], [ [ 108.4113976, 11.9403102 ], [ 108.4113371, 11.9405319 ], [ 108.410522, 11.9411676 ], [ 108.4096207, 11.9416767 ], [ 108.4086442, 11.9427375 ] ], [ [ 108.4086442, 11.9427375 ], [ 108.4085315, 11.942832 ], [ 108.4082419, 11.9427349 ], [ 108.4075499, 11.9428609 ], [ 108.4073245, 11.9431364 ] ], [ [ 108.4073245, 11.9431364 ], [ 108.4075767, 11.9434618 ], [ 108.4075992, 11.9437461 ] ], [ [ 108.4075992, 11.9437461 ], [ 108.4073712, 11.9436479 ], [ 108.4070861, 11.9438989 ], [ 108.4067028, 11.9440787 ], [ 108.4060914, 11.9449402 ], [ 108.4055466, 11.9460094 ], [ 108.4052393, 11.9462418 ], [ 108.4042954, 11.9466974 ], [ 108.4036935, 11.9464278 ], [ 108.4034686, 11.9465424 ], [ 108.4033546, 11.9464371 ], [ 108.4030441, 11.9465393 ] ] ] } },
{ "type": "Feature", "properties": { "edge_id": "E032", "from_node": "DL18", "to_node": "DL04", "from_name": "Làng Cổ Tích", "to_name": "Museum Madam De Dalat", "distance_km": 4.566, "base_time_min": 10.57, "average_speed_kph": 25.9, "road_type": "primary|primary_link|residential|tertiary|unclassified", "one_way_share": 0.133, "direction": "directed", "congestion_level": 1, "risk_score": 0, "closed": false, "backbone_edge": false, "data_source": "OpenStreetMap + modeled speeds" }, "geometry": { "type": "MultiLineString", "coordinates": [ [ [ 108.4030441, 11.9465393 ], [ 108.4033546, 11.9464371 ], [ 108.4034686, 11.9465424 ], [ 108.4036935, 11.9464278 ], [ 108.4042954, 11.9466974 ], [ 108.4052393, 11.9462418 ], [ 108.4055466, 11.9460094 ], [ 108.4060914, 11.9449402 ], [ 108.4067028, 11.9440787 ], [ 108.4070861, 11.9438989 ], [ 108.4073712, 11.9436479 ], [ 108.4075992, 11.9437461 ] ], [ [ 108.4075992, 11.9437461 ], [ 108.4075767, 11.9434618 ], [ 108.4073245, 11.9431364 ] ], [ [ 108.4073245, 11.9431364 ], [ 108.4075499, 11.9428609 ], [ 108.4082419, 11.9427349 ], [ 108.4085315, 11.942832 ], [ 108.4086442, 11.9427375 ] ], [ [ 108.4086442, 11.9427375 ], [ 108.4096207, 11.9416767 ], [ 108.410522, 11.9411676 ], [ 108.4113371, 11.9405319 ], [ 108.4113976, 11.9403102 ] ], [ [ 108.4113976, 11.9403102 ], [ 108.4127968, 11.9404951 ], [ 108.412943, 11.9404538 ] ], [ [ 108.412943, 11.9404538 ], [ 108.4133412, 11.9406853 ] ], [ [ 108.4133412, 11.9406853 ], [ 108.4138301, 11.940945 ], [ 108.4157694, 11.9411382 ], [ 108.4168326, 11.9408254 ], [ 108.4177355, 11.9408589 ] ], [ [ 108.4177355, 11.9408589 ], [ 108.4179965, 11.9408884 ] ], [ [ 108.4179965, 11.9408884 ], [ 108.4180576, 11.9408879 ] ], [ [ 108.4180576, 11.9408879 ], [ 108.418376, 11.9409457 ] ], [ [ 108.418376, 11.9409457 ], [ 108.419417, 11.9410452 ] ], [ [ 108.419417, 11.9410452 ], [ 108.4204258, 11.9412439 ], [ 108.4209527, 11.9416713 ], [ 108.4211449, 11.9415786 ], [ 108.4212643, 11.9411761 ] ], [ [ 108.4212643, 11.9411761 ], [ 108.4213608, 11.9409747 ], [ 108.4215966, 11.9407983 ], [ 108.4221637, 11.9408268 ] ], [ [ 108.4221637, 11.9408268 ], [ 108.4232418, 11.9409707 ], [ 108.4242227, 11.9406794 ], [ 108.4245665, 11.9404257 ], [ 108.4249084, 11.9397913 ], [ 108.4252343, 11.9395452 ] ], [ [ 108.4252343, 11.9395452 ], [ 108.426144, 11.9396732 ] ], [ [ 108.426144, 11.9396732 ], [ 108.4260551, 11.9401035 ] ], [ [ 108.4260551, 11.9401035 ], [ 108.4260558, 11.9405105 ] ], [ [ 108.4260558, 11.9405105 ], [ 108.4260871, 11.9408661 ] ], [ [ 108.4260871, 11.9408661 ], [ 108.4261047, 11.9411811 ] ], [ [ 108.4261047, 11.9411811 ], [ 108.4261761, 11.9423474 ] ], [ [ 108.4261761, 11.9423474 ], [ 108.4266242, 11.9422757 ], [ 108.4268626, 11.9423282 ], [ 108.4274706, 11.9428965 ], [ 108.4284159, 11.9428165 ] ], [ [ 108.4284159, 11.9428165 ], [ 108.4286278, 11.9427842 ] ], [ [ 108.4286278, 11.9427842 ], [ 108.4287032, 11.9427738 ] ], [ [ 108.4287032, 11.9427738 ], [ 108.4290281, 11.9444062 ], [ 108.4296707, 11.9461492 ] ], [ [ 108.4296707, 11.9461492 ], [ 108.4293498, 11.9462444 ] ], [ [ 108.4293498, 11.9462444 ], [ 108.4292139, 11.9463551 ] ], [ [ 108.4292139, 11.9463551 ], [ 108.4289597, 11.946233 ], [ 108.4283675, 11.9461886 ] ], [ [ 108.4283675, 11.9461886 ], [ 108.4272071, 11.9469616 ] ], [ [ 108.4272071, 11.9469616 ], [ 108.4266398, 11.9469873 ], [ 108.4259568, 11.9467134 ] ], [ [ 108.4259568, 11.9467134 ], [ 108.4258823, 11.9466443 ] ] ] } },
{ "type": "Feature", "properties": { "edge_id": "E033", "from_node": "DL04", "to_node": "DL21", "from_name": "Museum Madam De Dalat", "to_name": "Chợ Đà Lạt", "distance_km": 2.273, "base_time_min": 4.8, "average_speed_kph": 28.4, "road_type": "residential|secondary|tertiary", "one_way_share": 0.185, "direction": "directed", "congestion_level": 1, "risk_score": 0, "closed": false, "backbone_edge": true, "data_source": "OpenStreetMap + modeled speeds" }, "geometry": { "type": "MultiLineString", "coordinates": [ [ [ 108.4258823, 11.9466443 ], [ 108.4259568, 11.9467134 ] ], [ [ 108.4259568, 11.9467134 ], [ 108.4266398, 11.9469873 ], [ 108.4272071, 11.9469616 ] ], [ [ 108.4272071, 11.9469616 ], [ 108.4283675, 11.9461886 ] ], [ [ 108.4283675, 11.9461886 ], [ 108.4289597, 11.946233 ], [ 108.4292139, 11.9463551 ] ], [ [ 108.4292139, 11.9463551 ], [ 108.4293498, 11.9462444 ] ], [ [ 108.4293498, 11.9462444 ], [ 108.4296707, 11.9461492 ] ], [ [ 108.4296707, 11.9461492 ], [ 108.4299212, 11.9459416 ], [ 108.4299483, 11.9449987 ], [ 108.4301354, 11.944745 ] ], [ [ 108.4301354, 11.944745 ], [ 108.4303532, 11.9445836 ] ], [ [ 108.4303532, 11.9445836 ], [ 108.4308484, 11.9439451 ], [ 108.4309378, 11.9436862 ], [ 108.4309378, 11.9431866 ] ], [ [ 108.4309378, 11.9431866 ], [ 108.4311339, 11.9425348 ] ], [ [ 108.4311339, 11.9425348 ], [ 108.4312884, 11.9424017 ] ], [ [ 108.4312884, 11.9424017 ], [ 108.4314559, 11.9421087 ] ], [ [ 108.4314559, 11.9421087 ], [ 108.4315064, 11.9420207 ] ], [ [ 108.4315064, 11.9420207 ], [ 108.4320073, 11.9412491 ] ], [ [ 108.4320073, 11.9412491 ], [ 108.4315773, 11.9408501 ] ], [ [ 108.4315773, 11.9408501 ], [ 108.431672, 11.9407806 ] ], [ [ 108.431672, 11.9407806 ], [ 108.431877, 11.9406015 ] ], [ [ 108.431877, 11.9406015 ], [ 108.4330849, 11.939515 ], [ 108.4333662, 11.9393981 ], [ 108.4338806, 11.9393636 ] ], [ [ 108.4338806, 11.9393636 ], [ 108.4345322, 11.9391934 ] ], [ [ 108.4345322, 11.9391934 ], [ 108.4346446, 11.9391532 ] ], [ [ 108.4346446, 11.9391532 ], [ 108.435245, 11.9390624 ], [ 108.4359638, 11.9391687 ], [ 108.4369603, 11.9396108 ], [ 108.4373175, 11.9399051 ] ], [ [ 108.4373175, 11.9399051 ], [ 108.4374903, 11.9401147 ] ], [ [ 108.4374903, 11.9401147 ], [ 108.4377022, 11.9400945 ] ], [ [ 108.4377022, 11.9400945 ], [ 108.4377863, 11.9402304 ], [ 108.4377588, 11.9403351 ] ], [ [ 108.4377588, 11.9403351 ], [ 108.4375707, 11.9404105 ] ], [ [ 108.4375707, 11.9404105 ], [ 108.4370107, 11.942457 ] ], [ [ 108.4370107, 11.942457 ], [ 108.4371657, 11.9426567 ], [ 108.4370388, 11.9428504 ] ] ] } },
{ "type": "Feature", "properties": { "edge_id": "E034", "from_node": "DL21", "to_node": "DL04", "from_name": "Chợ Đà Lạt", "to_name": "Museum Madam De Dalat", "distance_km": 2.27, "base_time_min": 4.84, "average_speed_kph": 28.1, "road_type": "residential|secondary|tertiary", "one_way_share": 0.185, "direction": "directed", "congestion_level": 1, "risk_score": 0, "closed": false, "backbone_edge": true, "data_source": "OpenStreetMap + modeled speeds" }, "geometry": { "type": "MultiLineString", "coordinates": [ [ [ 108.4370388, 11.9428504 ], [ 108.4368717, 11.9428587 ], [ 108.4367626, 11.9427693 ] ], [ [ 108.4367626, 11.9427693 ], [ 108.436779, 11.9425283 ], [ 108.4370107, 11.942457 ] ], [ [ 108.4370107, 11.942457 ], [ 108.4375707, 11.9404105 ] ], [ [ 108.4375707, 11.9404105 ], [ 108.4374425, 11.9402973 ] ], [ [ 108.4374425, 11.9402973 ], [ 108.4374903, 11.9401147 ] ], [ [ 108.4374903, 11.9401147 ], [ 108.4373175, 11.9399051 ] ], [ [ 108.4373175, 11.9399051 ], [ 108.4369603, 11.9396108 ], [ 108.4359638, 11.9391687 ], [ 108.435245, 11.9390624 ], [ 108.4346446, 11.9391532 ] ], [ [ 108.4346446, 11.9391532 ], [ 108.4345322, 11.9391934 ] ], [ [ 108.4345322, 11.9391934 ], [ 108.4338806, 11.9393636 ] ], [ [ 108.4338806, 11.9393636 ], [ 108.4333662, 11.9393981 ], [ 108.4330849, 11.939515 ], [ 108.431877, 11.9406015 ] ], [ [ 108.431877, 11.9406015 ], [ 108.431672, 11.9407806 ] ], [ [ 108.431672, 11.9407806 ], [ 108.4315773, 11.9408501 ] ], [ [ 108.4315773, 11.9408501 ], [ 108.4320073, 11.9412491 ] ], [ [ 108.4320073, 11.9412491 ], [ 108.4315064, 11.9420207 ] ], [ [ 108.4315064, 11.9420207 ], [ 108.4314559, 11.9421087 ] ], [ [ 108.4314559, 11.9421087 ], [ 108.4312884, 11.9424017 ] ], [ [ 108.4312884, 11.9424017 ], [ 108.4311339, 11.9425348 ] ], [ [ 108.4311339, 11.9425348 ], [ 108.4309378, 11.9431866 ] ], [ [ 108.4309378, 11.9431866 ], [ 108.4309378, 11.9436862 ], [ 108.4308484, 11.9439451 ], [ 108.4303532, 11.9445836 ] ], [ [ 108.4303532, 11.9445836 ], [ 108.4301354, 11.944745 ] ], [ [ 108.4301354, 11.944745 ], [ 108.4299483, 11.9449987 ], [ 108.4299212, 11.9459416 ], [ 108.4296707, 11.9461492 ] ], [ [ 108.4296707, 11.9461492 ], [ 108.4293498, 11.9462444 ] ], [ [ 108.4293498, 11.9462444 ], [ 108.4292139, 11.9463551 ] ], [ [ 108.4292139, 11.9463551 ], [ 108.4289597, 11.946233 ], [ 108.4283675, 11.9461886 ] ], [ [ 108.4283675, 11.9461886 ], [ 108.4272071, 11.9469616 ] ], [ [ 108.4272071, 11.9469616 ], [ 108.4266398, 11.9469873 ], [ 108.4259568, 11.9467134 ] ], [ [ 108.4259568, 11.9467134 ], [ 108.4258823, 11.9466443 ] ] ] } },
{ "type": "Feature", "properties": { "edge_id": "E035", "from_node": "DL05", "to_node": "DL14", "from_name": "Bảo tàng Lâm Đồng", "to_name": "Vườn Hoa Cẩm Tú Cầu", "distance_km": 7.591, "base_time_min": 18.54, "average_speed_kph": 24.6, "road_type": "residential|trunk", "one_way_share": 0.073, "direction": "directed", "congestion_level": 1, "risk_score": 0, "closed": false, "backbone_edge": false, "data_source": "OpenStreetMap + modeled speeds" }, "geometry": { "type": "MultiLineString", "coordinates": [ [ [ 108.4602785, 11.9411621 ], [ 108.4612277, 11.9412458 ], [ 108.4626756, 11.9411913 ] ], [ [ 108.4626756, 11.9411913 ], [ 108.4629175, 11.9413189 ] ], [ [ 108.4629175, 11.9413189 ], [ 108.4630428, 11.9416176 ], [ 108.4631277, 11.9429568 ], [ 108.4637221, 11.9443241 ] ], [ [ 108.4637221, 11.9443241 ], [ 108.4646055, 11.9461677 ] ], [ [ 108.4646055, 11.9461677 ], [ 108.4649016, 11.946758 ] ], [ [ 108.4649016, 11.946758 ], [ 108.4649925, 11.9468677 ] ], [ [ 108.4649925, 11.9468677 ], [ 108.4664878, 11.9483701 ] ], [ [ 108.4664878, 11.9483701 ], [ 108.4679653, 11.9498082 ], [ 108.4682671, 11.9500277 ], [ 108.4687665, 11.9502112 ] ], [ [ 108.4687665, 11.9502112 ], [ 108.4696455, 11.9502645 ], [ 108.4714503, 11.9501145 ] ], [ [ 108.4714503, 11.9501145 ], [ 108.4722278, 11.9500097 ] ], [ [ 108.4722278, 11.9500097 ], [ 108.472405, 11.9499793 ] ], [ [ 108.472405, 11.9499793 ], [ 108.4726402, 11.9499463 ] ], [ [ 108.4726402, 11.9499463 ], [ 108.4732104, 11.949857 ], [ 108.4737226, 11.9495915 ] ], [ [ 108.4737226, 11.9495915 ], [ 108.4741553, 11.9489716 ] ], [ [ 108.4741553, 11.9489716 ], [ 108.4745685, 11.948108 ] ], [ [ 108.4745685, 11.948108 ], [ 108.4746149, 11.9479968 ] ], [ [ 108.4746149, 11.9479968 ], [ 108.4749869, 11.9467467 ] ], [ [ 108.4749869, 11.9467467 ], [ 108.4757163, 11.945637 ], [ 108.4759688, 11.9449953 ] ], [ [ 108.4759688, 11.9449953 ], [ 108.4760083, 11.9448734 ] ], [ [ 108.4760083, 11.9448734 ], [ 108.476436, 11.943859 ] ], [ [ 108.476436, 11.943859 ], [ 108.4769529, 11.9429865 ], [ 108.4772257, 11.9427282 ], [ 108.4780544, 11.9422594 ] ], [ [ 108.4780544, 11.9422594 ], [ 108.4784866, 11.9419255 ], [ 108.4793945, 11.9409286 ], [ 108.4800254, 11.9406289 ] ], [ [ 108.4800254, 11.9406289 ], [ 108.4814256, 11.9397349 ], [ 108.4818555, 11.9395834 ] ], [ [ 108.4818555, 11.9395834 ], [ 108.482464, 11.9396883 ], [ 108.4829442, 11.9399112 ] ], [ [ 108.4829442, 11.9399112 ], [ 108.4834766, 11.940133 ], [ 108.4842783, 11.940328 ] ], [ [ 108.4842783, 11.940328 ], [ 108.4845712, 11.940401 ] ], [ [ 108.4845712, 11.940401 ], [ 108.4849177, 11.9405236 ] ], [ [ 108.4849177, 11.9405236 ], [ 108.4852913, 11.9408105 ], [ 108.4859937, 11.9416715 ], [ 108.4866977, 11.9419152 ] ], [ [ 108.4866977, 11.9419152 ], [ 108.4875312, 11.9421002 ], [ 108.4879782, 11.9425259 ], [ 108.4882611, 11.9431277 ], [ 108.4884467, 11.9439403 ], [ 108.4885173, 11.9453388 ], [ 108.4887522, 11.9456379 ], [ 108.4890588, 11.9458906 ], [ 108.4904887, 11.9465271 ] ], [ [ 108.4904887, 11.9465271 ], [ 108.4907067, 11.9465711 ] ], [ [ 108.4907067, 11.9465711 ], [ 108.4912504, 11.9465241 ] ], [ [ 108.4912504, 11.9465241 ], [ 108.4913256, 11.9465016 ] ], [ [ 108.4913256, 11.9465016 ], [ 108.4918124, 11.9462277 ] ], [ [ 108.4918124, 11.9462277 ], [ 108.492651, 11.9447516 ], [ 108.4930024, 11.9444498 ], [ 108.4932384, 11.9443789 ], [ 108.4944695, 11.9444917 ] ], [ [ 108.4944695, 11.9444917 ], [ 108.4946808, 11.9445121 ] ], [ [ 108.4946808, 11.9445121 ], [ 108.4953084, 11.9446203 ] ], [ [ 108.4953084, 11.9446203 ], [ 108.4955733, 11.9446993 ] ], [ [ 108.4955733, 11.9446993 ], [ 108.4962143, 11.9449155 ] ], [ [ 108.4962143, 11.9449155 ], [ 108.4962787, 11.9449366 ] ], [ [ 108.4962787, 11.9449366 ], [ 108.497164, 11.9452286 ] ], [ [ 108.497164, 11.9452286 ], [ 108.4976761, 11.9453988 ] ], [ [ 108.4976761, 11.9453988 ], [ 108.498204, 11.945564 ] ], [ [ 108.498204, 11.945564 ], [ 108.4987369, 11.9457343 ] ], [ [ 108.4987369, 11.9457343 ], [ 108.4991239, 11.9458492 ] ], [ [ 108.4991239, 11.9458492 ], [ 108.5001172, 11.9461743 ] ], [ [ 108.5001172, 11.9461743 ], [ 108.5006213, 11.9461822 ] ], [ [ 108.5006213, 11.9461822 ], [ 108.5038455, 11.9456632 ] ], [ [ 108.5038455, 11.9456632 ], [ 108.5045935, 11.9455309 ], [ 108.5055894, 11.9451602 ] ], [ [ 108.5055894, 11.9451602 ], [ 108.50653, 11.9447094 ] ], [ [ 108.50653, 11.9447094 ], [ 108.5068679, 11.944542 ] ], [ [ 108.5068679, 11.944542 ], [ 108.5071067, 11.9444114 ] ], [ [ 108.5071067, 11.9444114 ], [ 108.5079557, 11.9436848 ], [ 108.5083587, 11.9435537 ] ], [ [ 108.5083587, 11.9435537 ], [ 108.5086042, 11.9437843 ], [ 108.5092285, 11.9438706 ], [ 108.50927, 11.9445451 ], [ 108.5094993, 11.944818 ] ], [ [ 108.5094993, 11.944818 ], [ 108.5110364, 11.9458099 ], [ 108.5112856, 11.9458308 ] ], [ [ 108.5112856, 11.9458308 ], [ 108.5115713, 11.9455327 ], [ 108.5118609, 11.9454277 ] ] ] } },
{ "type": "Feature", "properties": { "edge_id": "E036", "from_node": "DL14", "to_node": "DL05", "from_name": "Vườn Hoa Cẩm Tú Cầu", "to_name": "Bảo tàng Lâm Đồng", "distance_km": 7.642, "base_time_min": 18.66, "average_speed_kph": 24.6, "road_type": "residential|trunk", "one_way_share": 0.105, "direction": "directed", "congestion_level": 1, "risk_score": 0, "closed": false, "backbone_edge": false, "data_source": "OpenStreetMap + modeled speeds" }, "geometry": { "type": "MultiLineString", "coordinates": [ [ [ 108.5118609, 11.9454277 ], [ 108.5115713, 11.9455327 ], [ 108.5112856, 11.9458308 ] ], [ [ 108.5112856, 11.9458308 ], [ 108.5110364, 11.9458099 ], [ 108.5094993, 11.944818 ] ], [ [ 108.5094993, 11.944818 ], [ 108.50927, 11.9445451 ], [ 108.5092285, 11.9438706 ], [ 108.5086042, 11.9437843 ], [ 108.5083587, 11.9435537 ] ], [ [ 108.5083587, 11.9435537 ], [ 108.5079557, 11.9436848 ], [ 108.5071067, 11.9444114 ] ], [ [ 108.5071067, 11.9444114 ], [ 108.5068679, 11.944542 ] ], [ [ 108.5068679, 11.944542 ], [ 108.50653, 11.9447094 ] ], [ [ 108.50653, 11.9447094 ], [ 108.5055894, 11.9451602 ] ], [ [ 108.5055894, 11.9451602 ], [ 108.5045935, 11.9455309 ], [ 108.5038455, 11.9456632 ] ], [ [ 108.5038455, 11.9456632 ], [ 108.5006213, 11.9461822 ] ], [ [ 108.5006213, 11.9461822 ], [ 108.5001172, 11.9461743 ] ], [ [ 108.5001172, 11.9461743 ], [ 108.4991239, 11.9458492 ] ], [ [ 108.4991239, 11.9458492 ], [ 108.4987369, 11.9457343 ] ], [ [ 108.4987369, 11.9457343 ], [ 108.498204, 11.945564 ] ], [ [ 108.498204, 11.945564 ], [ 108.4976761, 11.9453988 ] ], [ [ 108.4976761, 11.9453988 ], [ 108.497164, 11.9452286 ] ], [ [ 108.497164, 11.9452286 ], [ 108.4962787, 11.9449366 ] ], [ [ 108.4962787, 11.9449366 ], [ 108.4962143, 11.9449155 ] ], [ [ 108.4962143, 11.9449155 ], [ 108.4955733, 11.9446993 ] ], [ [ 108.4955733, 11.9446993 ], [ 108.4953084, 11.9446203 ] ], [ [ 108.4953084, 11.9446203 ], [ 108.4946808, 11.9445121 ] ], [ [ 108.4946808, 11.9445121 ], [ 108.4944695, 11.9444917 ] ], [ [ 108.4944695, 11.9444917 ], [ 108.4932384, 11.9443789 ], [ 108.4930024, 11.9444498 ], [ 108.492651, 11.9447516 ], [ 108.4918124, 11.9462277 ] ], [ [ 108.4918124, 11.9462277 ], [ 108.4915762, 11.9467148 ] ], [ [ 108.4915762, 11.9467148 ], [ 108.4915758, 11.9467618 ] ], [ [ 108.4915758, 11.9467618 ], [ 108.4914486, 11.9469223 ], [ 108.4912231, 11.9469027 ] ], [ [ 108.4912231, 11.9469027 ], [ 108.4911676, 11.9468482 ] ], [ [ 108.4911676, 11.9468482 ], [ 108.4908717, 11.946726 ] ], [ [ 108.4908717, 11.946726 ], [ 108.4904887, 11.9465271 ] ], [ [ 108.4904887, 11.9465271 ], [ 108.4890588, 11.9458906 ], [ 108.4887522, 11.9456379 ], [ 108.4885173, 11.9453388 ], [ 108.4884467, 11.9439403 ], [ 108.4882611, 11.9431277 ], [ 108.4879782, 11.9425259 ], [ 108.4875312, 11.9421002 ], [ 108.4866977, 11.9419152 ] ], [ [ 108.4866977, 11.9419152 ], [ 108.4859937, 11.9416715 ], [ 108.4852913, 11.9408105 ], [ 108.4849177, 11.9405236 ] ], [ [ 108.4849177, 11.9405236 ], [ 108.4845712, 11.940401 ] ], [ [ 108.4845712, 11.940401 ], [ 108.4842783, 11.940328 ] ], [ [ 108.4842783, 11.940328 ], [ 108.4834766, 11.940133 ], [ 108.4829442, 11.9399112 ] ], [ [ 108.4829442, 11.9399112 ], [ 108.482464, 11.9396883 ], [ 108.4818555, 11.9395834 ] ], [ [ 108.4818555, 11.9395834 ], [ 108.4814256, 11.9397349 ], [ 108.4800254, 11.9406289 ] ], [ [ 108.4800254, 11.9406289 ], [ 108.4793945, 11.9409286 ], [ 108.4784866, 11.9419255 ], [ 108.4780544, 11.9422594 ] ], [ [ 108.4780544, 11.9422594 ], [ 108.4772257, 11.9427282 ], [ 108.4769529, 11.9429865 ], [ 108.476436, 11.943859 ] ], [ [ 108.476436, 11.943859 ], [ 108.4760083, 11.9448734 ] ], [ [ 108.4760083, 11.9448734 ], [ 108.4759688, 11.9449953 ] ], [ [ 108.4759688, 11.9449953 ], [ 108.4757163, 11.945637 ], [ 108.4749869, 11.9467467 ] ], [ [ 108.4749869, 11.9467467 ], [ 108.4746149, 11.9479968 ] ], [ [ 108.4746149, 11.9479968 ], [ 108.4745685, 11.948108 ] ], [ [ 108.4745685, 11.948108 ], [ 108.4741553, 11.9489716 ] ], [ [ 108.4741553, 11.9489716 ], [ 108.4737226, 11.9495915 ] ], [ [ 108.4737226, 11.9495915 ], [ 108.4732104, 11.949857 ], [ 108.4726402, 11.9499463 ] ], [ [ 108.4726402, 11.9499463 ], [ 108.472405, 11.9499793 ] ], [ [ 108.472405, 11.9499793 ], [ 108.4722278, 11.9500097 ] ], [ [ 108.4722278, 11.9500097 ], [ 108.4714503, 11.9501145 ] ], [ [ 108.4714503, 11.9501145 ], [ 108.4696455, 11.9502645 ], [ 108.4687665, 11.9502112 ] ], [ [ 108.4687665, 11.9502112 ], [ 108.4682671, 11.9500277 ], [ 108.4679653, 11.9498082 ], [ 108.4664878, 11.9483701 ] ], [ [ 108.4664878, 11.9483701 ], [ 108.4649925, 11.9468677 ] ], [ [ 108.4649925, 11.9468677 ], [ 108.4649016, 11.946758 ] ], [ [ 108.4649016, 11.946758 ], [ 108.4646055, 11.9461677 ] ], [ [ 108.4646055, 11.9461677 ], [ 108.4637221, 11.9443241 ] ], [ [ 108.4637221, 11.9443241 ], [ 108.4631277, 11.9429568 ], [ 108.4630428, 11.9416176 ], [ 108.4629175, 11.9413189 ] ], [ [ 108.4629175, 11.9413189 ], [ 108.4626756, 11.9411913 ] ], [ [ 108.4626756, 11.9411913 ], [ 108.4612277, 11.9412458 ], [ 108.4602785, 11.9411621 ] ] ] } },
{ "type": "Feature", "properties": { "edge_id": "E037", "from_node": "DL05", "to_node": "DL22", "from_name": "Bảo tàng Lâm Đồng", "to_name": "Hồ Xuân Hương", "distance_km": 1.493, "base_time_min": 2.94, "average_speed_kph": 30.4, "road_type": "secondary|tertiary|trunk", "one_way_share": 0.231, "direction": "directed", "congestion_level": 1, "risk_score": 0, "closed": false, "backbone_edge": false, "data_source": "OpenStreetMap + modeled speeds" }, "geometry": { "type": "MultiLineString", "coordinates": [ [ [ 108.4602785, 11.9411621 ], [ 108.4592046, 11.9409822 ], [ 108.4584778, 11.9405356 ] ], [ [ 108.4584778, 11.9405356 ], [ 108.4581037, 11.9402692 ] ], [ [ 108.4581037, 11.9402692 ], [ 108.4580174, 11.9402524 ] ], [ [ 108.4580174, 11.9402524 ], [ 108.457677, 11.9407185 ] ], [ [ 108.457677, 11.9407185 ], [ 108.4573067, 11.940758 ], [ 108.455837, 11.9399274 ] ], [ [ 108.455837, 11.9399274 ], [ 108.455342, 11.9397656 ], [ 108.4549334, 11.939789 ] ], [ [ 108.4549334, 11.939789 ], [ 108.4540005, 11.9399093 ], [ 108.4535446, 11.9398921 ], [ 108.4521113, 11.9395814 ], [ 108.4515686, 11.9393782 ], [ 108.4511921, 11.9394599 ], [ 108.4510311, 11.9397295 ] ], [ [ 108.4510311, 11.9397295 ], [ 108.450977, 11.9399288 ] ], [ [ 108.450977, 11.9399288 ], [ 108.4507442, 11.9401745 ] ], [ [ 108.4507442, 11.9401745 ], [ 108.450679, 11.9402434 ] ], [ [ 108.450679, 11.9402434 ], [ 108.4503165, 11.9401921 ] ], [ [ 108.4503165, 11.9401921 ], [ 108.449347, 11.9402019 ], [ 108.4484232, 11.9405151 ] ], [ [ 108.4484232, 11.9405151 ], [ 108.4480834, 11.9408573 ] ] ] } },
{ "type": "Feature", "properties": { "edge_id": "E038", "from_node": "DL22", "to_node": "DL05", "from_name": "Hồ Xuân Hương", "to_name": "Bảo tàng Lâm Đồng", "distance_km": 1.547, "base_time_min": 3.07, "average_speed_kph": 30.2, "road_type": "secondary|tertiary|trunk", "one_way_share": 0.438, "direction": "directed", "congestion_level": 1, "risk_score": 0, "closed": false, "backbone_edge": false, "data_source": "OpenStreetMap + modeled speeds" }, "geometry": { "type": "MultiLineString", "coordinates": [ [ [ 108.4480834, 11.9408573 ], [ 108.4484232, 11.9405151 ] ], [ [ 108.4484232, 11.9405151 ], [ 108.449347, 11.9402019 ], [ 108.4503165, 11.9401921 ] ], [ [ 108.4503165, 11.9401921 ], [ 108.4507442, 11.9401745 ] ], [ [ 108.4507442, 11.9401745 ], [ 108.450977, 11.9399288 ] ], [ [ 108.450977, 11.9399288 ], [ 108.4510311, 11.9397295 ] ], [ [ 108.4510311, 11.9397295 ], [ 108.4511921, 11.9394599 ], [ 108.4515686, 11.9393782 ], [ 108.4521113, 11.9395814 ], [ 108.4535446, 11.9398921 ], [ 108.4540005, 11.9399093 ], [ 108.4549334, 11.939789 ] ], [ [ 108.4549334, 11.939789 ], [ 108.455342, 11.9397656 ], [ 108.455837, 11.9399274 ] ], [ [ 108.455837, 11.9399274 ], [ 108.4573067, 11.940758 ], [ 108.457677, 11.9407185 ] ], [ [ 108.457677, 11.9407185 ], [ 108.4580174, 11.9402524 ] ], [ [ 108.4580174, 11.9402524 ], [ 108.4579591, 11.9401921 ] ], [ [ 108.4579591, 11.9401921 ], [ 108.4580243, 11.9400132 ] ], [ [ 108.4580243, 11.9400132 ], [ 108.4581084, 11.9400026 ] ], [ [ 108.4581084, 11.9400026 ], [ 108.4582193, 11.9401582 ] ], [ [ 108.4582193, 11.9401582 ], [ 108.4582036, 11.9401989 ] ], [ [ 108.4582036, 11.9401989 ], [ 108.4584778, 11.9405356 ] ], [ [ 108.4584778, 11.9405356 ], [ 108.4592046, 11.9409822 ], [ 108.4602785, 11.9411621 ] ] ] } },
{ "type": "Feature", "properties": { "edge_id": "E039", "from_node": "DL05", "to_node": "DL23", "from_name": "Bảo tàng Lâm Đồng", "to_name": "Quảng trường Lâm Viên", "distance_km": 1.946, "base_time_min": 2.73, "average_speed_kph": 42.7, "road_type": "primary|secondary|trunk", "one_way_share": 0.5, "direction": "directed", "congestion_level": 1, "risk_score": 0, "closed": false, "backbone_edge": false, "data_source": "OpenStreetMap + modeled speeds" }, "geometry": { "type": "MultiLineString", "coordinates": [ [ [ 108.4602785, 11.9411621 ], [ 108.4592046, 11.9409822 ], [ 108.4584778, 11.9405356 ] ], [ [ 108.4584778, 11.9405356 ], [ 108.4581037, 11.9402692 ] ], [ [ 108.4581037, 11.9402692 ], [ 108.4580174, 11.9402524 ] ], [ [ 108.4580174, 11.9402524 ], [ 108.4579591, 11.9401921 ] ], [ [ 108.4579591, 11.9401921 ], [ 108.4576048, 11.9399202 ] ], [ [ 108.4576048, 11.9399202 ], [ 108.4532724, 11.9382209 ] ], [ [ 108.4532724, 11.9382209 ], [ 108.45309, 11.9381829 ] ], [ [ 108.45309, 11.9381829 ], [ 108.4513672, 11.9379181 ], [ 108.4491328, 11.9371516 ], [ 108.4485668, 11.9370823 ] ], [ [ 108.4485668, 11.9370823 ], [ 108.4477071, 11.936779 ], [ 108.4464581, 11.9357945 ] ], [ [ 108.4464581, 11.9357945 ], [ 108.4460789, 11.9357094 ] ], [ [ 108.4460789, 11.9357094 ], [ 108.446072, 11.935714 ] ], [ [ 108.446072, 11.935714 ], [ 108.445642, 11.9359998 ] ], [ [ 108.445642, 11.9359998 ], [ 108.4456558, 11.9363094 ] ], [ [ 108.4456558, 11.9363094 ], [ 108.4453822, 11.9373403 ], [ 108.4450793, 11.9376623 ] ] ] } },
{ "type": "Feature", "properties": { "edge_id": "E040", "from_node": "DL23", "to_node": "DL05", "from_name": "Quảng trường Lâm Viên", "to_name": "Bảo tàng Lâm Đồng", "distance_km": 2.208, "base_time_min": 3.14, "average_speed_kph": 42.3, "road_type": "primary|secondary|trunk", "one_way_share": 0.579, "direction": "directed", "congestion_level": 1, "risk_score": 0, "closed": false, "backbone_edge": false, "data_source": "OpenStreetMap + modeled speeds" }, "geometry": { "type": "MultiLineString", "coordinates": [ [ [ 108.4450793, 11.9376623 ], [ 108.4440749, 11.9379755 ] ], [ [ 108.4440749, 11.9379755 ], [ 108.4440168, 11.9378961 ] ], [ [ 108.4440168, 11.9378961 ], [ 108.444906, 11.9376454 ], [ 108.4451252, 11.9375149 ], [ 108.4453191, 11.9372728 ], [ 108.4455266, 11.9365547 ] ], [ [ 108.4455266, 11.9365547 ], [ 108.4455368, 11.936054 ] ], [ [ 108.4455368, 11.936054 ], [ 108.4455092, 11.9359371 ] ], [ [ 108.4455092, 11.9359371 ], [ 108.4456145, 11.9358859 ] ], [ [ 108.4456145, 11.9358859 ], [ 108.446072, 11.935714 ] ], [ [ 108.446072, 11.935714 ], [ 108.4460789, 11.9357094 ] ], [ [ 108.4460789, 11.9357094 ], [ 108.4464581, 11.9357945 ] ], [ [ 108.4464581, 11.9357945 ], [ 108.4477071, 11.936779 ], [ 108.4485668, 11.9370823 ] ], [ [ 108.4485668, 11.9370823 ], [ 108.4491328, 11.9371516 ], [ 108.4513672, 11.9379181 ], [ 108.45309, 11.9381829 ] ], [ [ 108.45309, 11.9381829 ], [ 108.4532724, 11.9382209 ] ], [ [ 108.4532724, 11.9382209 ], [ 108.4576048, 11.9399202 ] ], [ [ 108.4576048, 11.9399202 ], [ 108.4580243, 11.9400132 ] ], [ [ 108.4580243, 11.9400132 ], [ 108.4581084, 11.9400026 ] ], [ [ 108.4581084, 11.9400026 ], [ 108.4582193, 11.9401582 ] ], [ [ 108.4582193, 11.9401582 ], [ 108.4582036, 11.9401989 ] ], [ [ 108.4582036, 11.9401989 ], [ 108.4584778, 11.9405356 ] ], [ [ 108.4584778, 11.9405356 ], [ 108.4592046, 11.9409822 ], [ 108.4602785, 11.9411621 ] ] ] } },
{ "type": "Feature", "properties": { "edge_id": "E041", "from_node": "DL06", "to_node": "DL19", "from_name": "Thung Lũng Tình Yêu", "to_name": "Làng Đồng trụ LangBiang", "distance_km": 11.125, "base_time_min": 18.59, "average_speed_kph": 35.9, "road_type": "living_street|residential|secondary|tertiary", "one_way_share": 0.14, "direction": "directed", "congestion_level": 1, "risk_score": 0, "closed": false, "backbone_edge": true, "data_source": "OpenStreetMap + modeled speeds" }, "geometry": { "type": "MultiLineString", "coordinates": [ [ [ 108.44945, 11.9777694 ], [ 108.4480512, 11.9777941 ], [ 108.446809, 11.9772585 ] ], [ [ 108.446809, 11.9772585 ], [ 108.4448232, 11.9767285 ] ], [ [ 108.4448232, 11.9767285 ], [ 108.4436354, 11.9762965 ], [ 108.4429577, 11.9759572 ] ], [ [ 108.4429577, 11.9759572 ], [ 108.4427753, 11.9758643 ] ], [ [ 108.4427753, 11.9758643 ], [ 108.4411003, 11.9749523 ], [ 108.4406839, 11.9744827 ] ], [ [ 108.4406839, 11.9744827 ], [ 108.4400985, 11.9748552 ], [ 108.4394275, 11.9748138 ] ], [ [ 108.4394275, 11.9748138 ], [ 108.4389532, 11.9747293 ], [ 108.4358509, 11.9746914 ], [ 108.4352502, 11.9747736 ] ], [ [ 108.4352502, 11.9747736 ], [ 108.4349953, 11.9750234 ] ], [ [ 108.4349953, 11.9750234 ], [ 108.4333504, 11.9742848 ] ], [ [ 108.4333504, 11.9742848 ], [ 108.4322169, 11.9743101 ], [ 108.4316216, 11.9738687 ], [ 108.4315041, 11.9735348 ] ], [ [ 108.4315041, 11.9735348 ], [ 108.4308355, 11.9715203 ], [ 108.4302144, 11.9707766 ], [ 108.4299264, 11.970645 ] ], [ [ 108.4299264, 11.970645 ], [ 108.428858, 11.9702003 ], [ 108.4281559, 11.9701774 ], [ 108.4277959, 11.9700414 ] ], [ [ 108.4277959, 11.9700414 ], [ 108.4277637, 11.9700232 ] ], [ [ 108.4277637, 11.9700232 ], [ 108.427661, 11.9700487 ] ], [ [ 108.427661, 11.9700487 ], [ 108.4269334, 11.9710541 ], [ 108.4263137, 11.9714326 ] ], [ [ 108.4263137, 11.9714326 ], [ 108.4262105, 11.9714964 ] ], [ [ 108.4262105, 11.9714964 ], [ 108.4254907, 11.9719258 ], [ 108.4241149, 11.9731134 ] ], [ [ 108.4241149, 11.9731134 ], [ 108.423653, 11.9735998 ], [ 108.4225862, 11.975219 ], [ 108.4220242, 11.975694 ] ], [ [ 108.4220242, 11.975694 ], [ 108.4217167, 11.9758874 ] ], [ [ 108.4217167, 11.9758874 ], [ 108.4207156, 11.9765809 ] ], [ [ 108.4207156, 11.9765809 ], [ 108.4200214, 11.9773927 ] ], [ [ 108.4200214, 11.9773927 ], [ 108.4198733, 11.9777039 ] ], [ [ 108.4198733, 11.9777039 ], [ 108.4197107, 11.9778875 ], [ 108.4189494, 11.9783088 ], [ 108.4182469, 11.9785848 ], [ 108.4179893, 11.9788954 ] ], [ [ 108.4179893, 11.9788954 ], [ 108.4180093, 11.9798545 ], [ 108.4178172, 11.9807777 ], [ 108.4179172, 11.9822002 ] ], [ [ 108.4179172, 11.9822002 ], [ 108.4177633, 11.9827775 ] ], [ [ 108.4177633, 11.9827775 ], [ 108.4169348, 11.9834728 ], [ 108.4167184, 11.9839284 ], [ 108.4166956, 11.9844814 ], [ 108.4168413, 11.9852169 ], [ 108.4167671, 11.9861455 ] ], [ [ 108.4167671, 11.9861455 ], [ 108.4167623, 11.9865132 ], [ 108.4175814, 11.9887827 ], [ 108.4177925, 11.9896869 ], [ 108.4178086, 11.9902345 ] ], [ [ 108.4178086, 11.9902345 ], [ 108.4179409, 11.9908033 ], [ 108.4184277, 11.9913038 ], [ 108.4185676, 11.9915515 ], [ 108.4188542, 11.9925774 ] ], [ [ 108.4188542, 11.9925774 ], [ 108.4194373, 11.9941769 ] ], [ [ 108.4194373, 11.9941769 ], [ 108.419531, 11.9945003 ] ], [ [ 108.419531, 11.9945003 ], [ 108.4195183, 11.9950852 ], [ 108.4193766, 11.9957278 ] ], [ [ 108.4193766, 11.9957278 ], [ 108.4193623, 11.9970341 ], [ 108.4191268, 11.9976341 ], [ 108.4189119, 11.9979038 ] ], [ [ 108.4189119, 11.9979038 ], [ 108.4183413, 11.9985097 ], [ 108.4178303, 11.9988438 ] ], [ [ 108.4178303, 11.9988438 ], [ 108.4167642, 11.999846 ], [ 108.4158083, 12.0004807 ], [ 108.4154728, 12.0008188 ], [ 108.4149867, 12.0017294 ], [ 108.4149376, 12.0021665 ] ], [ [ 108.4149376, 12.0021665 ], [ 108.4152094, 12.0028199 ] ], [ [ 108.4152094, 12.0028199 ], [ 108.4156711, 12.0037416 ] ], [ [ 108.4156711, 12.0037416 ], [ 108.4159321, 12.0039087 ], [ 108.4175313, 12.0042734 ], [ 108.4179806, 12.0044481 ] ], [ [ 108.4179806, 12.0044481 ], [ 108.4181095, 12.0045132 ] ], [ [ 108.4181095, 12.0045132 ], [ 108.4185817, 12.0048278 ], [ 108.4188807, 12.0051672 ] ], [ [ 108.4188807, 12.0051672 ], [ 108.4188863, 12.0051746 ] ], [ [ 108.4188863, 12.0051746 ], [ 108.4191314, 12.0055258 ], [ 108.4193191, 12.0060615 ] ], [ [ 108.4193191, 12.0060615 ], [ 108.4191447, 12.0078285 ] ], [ [ 108.4191447, 12.0078285 ], [ 108.4191371, 12.0081083 ] ], [ [ 108.4191371, 12.0081083 ], [ 108.419127, 12.0086174 ] ], [ [ 108.419127, 12.0086174 ], [ 108.4191576, 12.0086938 ] ], [ [ 108.4191576, 12.0086938 ], [ 108.419612, 12.0086906 ], [ 108.4198068, 12.0087714 ] ], [ [ 108.4198068, 12.0087714 ], [ 108.4205341, 12.0089961 ], [ 108.4210062, 12.0088492 ], [ 108.4213693, 12.008835 ] ], [ [ 108.4213693, 12.008835 ], [ 108.421952, 12.0089662 ] ], [ [ 108.421952, 12.0089662 ], [ 108.4220442, 12.0090254 ] ], [ [ 108.4220442, 12.0090254 ], [ 108.4234497, 12.0097202 ], [ 108.42397, 12.0100902 ], [ 108.4242731, 12.0101846 ], [ 108.4246624, 12.0100518 ], [ 108.4253665, 12.0095108 ] ], [ [ 108.4253665, 12.0095108 ], [ 108.4266312, 12.0098784 ], [ 108.4269212, 12.0104644 ] ], [ [ 108.4269212, 12.0104644 ], [ 108.4272441, 12.0113901 ], [ 108.4276123, 12.011964 ] ], [ [ 108.4276123, 12.011964 ], [ 108.4289401, 12.0135232 ], [ 108.4296482, 12.0141529 ], [ 108.430964, 12.0156872 ] ], [ [ 108.430964, 12.0156872 ], [ 108.4315482, 12.0166076 ], [ 108.4324354, 12.0176284 ], [ 108.4327499, 12.0178648 ], [ 108.4349563, 12.0188527 ], [ 108.4351675, 12.0191205 ], [ 108.4352348, 12.0201081 ], [ 108.4355821, 12.020636 ], [ 108.4371433, 12.0212935 ] ], [ [ 108.4371433, 12.0212935 ], [ 108.4372391, 12.0208884 ] ], [ [ 108.4372391, 12.0208884 ], [ 108.4374875, 12.0198632 ] ], [ [ 108.4374875, 12.0198632 ], [ 108.4363235, 12.0197778 ] ] ] } },
{ "type": "Feature", "properties": { "edge_id": "E042", "from_node": "DL19", "to_node": "DL06", "from_name": "Làng Đồng trụ LangBiang", "to_name": "Thung Lũng Tình Yêu", "distance_km": 11.194, "base_time_min": 18.69, "average_speed_kph": 35.9, "road_type": "living_street|residential|secondary|tertiary", "one_way_share": 0.213, "direction": "directed", "congestion_level": 1, "risk_score": 0, "closed": false, "backbone_edge": true, "data_source": "OpenStreetMap + modeled speeds" }, "geometry": { "type": "MultiLineString", "coordinates": [ [ [ 108.4363235, 12.0197778 ], [ 108.4374875, 12.0198632 ] ], [ [ 108.4374875, 12.0198632 ], [ 108.4372391, 12.0208884 ] ], [ [ 108.4372391, 12.0208884 ], [ 108.4371433, 12.0212935 ] ], [ [ 108.4371433, 12.0212935 ], [ 108.4355821, 12.020636 ], [ 108.4352348, 12.0201081 ], [ 108.4351675, 12.0191205 ], [ 108.4349563, 12.0188527 ], [ 108.4327499, 12.0178648 ], [ 108.4324354, 12.0176284 ], [ 108.4315482, 12.0166076 ], [ 108.430964, 12.0156872 ] ], [ [ 108.430964, 12.0156872 ], [ 108.4296482, 12.0141529 ], [ 108.4289401, 12.0135232 ], [ 108.4276123, 12.011964 ] ], [ [ 108.4276123, 12.011964 ], [ 108.4272441, 12.0113901 ], [ 108.4269212, 12.0104644 ] ], [ [ 108.4269212, 12.0104644 ], [ 108.4266312, 12.0098784 ], [ 108.4253665, 12.0095108 ] ], [ [ 108.4253665, 12.0095108 ], [ 108.4246624, 12.0100518 ], [ 108.4242731, 12.0101846 ], [ 108.42397, 12.0100902 ], [ 108.4234497, 12.0097202 ], [ 108.4220442, 12.0090254 ] ], [ [ 108.4220442, 12.0090254 ], [ 108.421952, 12.0089662 ] ], [ [ 108.421952, 12.0089662 ], [ 108.4213693, 12.008835 ] ], [ [ 108.4213693, 12.008835 ], [ 108.4210062, 12.0088492 ], [ 108.4205341, 12.0089961 ], [ 108.4198068, 12.0087714 ] ], [ [ 108.4198068, 12.0087714 ], [ 108.419612, 12.0086906 ], [ 108.4191576, 12.0086938 ] ], [ [ 108.4191576, 12.0086938 ], [ 108.4191037, 12.0087576 ] ], [ [ 108.4191037, 12.0087576 ], [ 108.4190473, 12.0087573 ] ], [ [ 108.4190473, 12.0087573 ], [ 108.4189968, 12.0086561 ] ], [ [ 108.4189968, 12.0086561 ], [ 108.4190316, 12.0086124 ] ], [ [ 108.4190316, 12.0086124 ], [ 108.4190593, 12.0081085 ] ], [ [ 108.4190593, 12.0081085 ], [ 108.4190699, 12.0078241 ] ], [ [ 108.4190699, 12.0078241 ], [ 108.4192439, 12.0060707 ] ], [ [ 108.4192439, 12.0060707 ], [ 108.4188807, 12.0051672 ] ], [ [ 108.4188807, 12.0051672 ], [ 108.4185817, 12.0048278 ], [ 108.4181095, 12.0045132 ] ], [ [ 108.4181095, 12.0045132 ], [ 108.4179806, 12.0044481 ] ], [ [ 108.4179806, 12.0044481 ], [ 108.4161704, 12.0040421 ], [ 108.4157315, 12.0039002 ], [ 108.4156009, 12.003784 ] ], [ [ 108.4156009, 12.003784 ], [ 108.4152094, 12.0028199 ] ], [ [ 108.4152094, 12.0028199 ], [ 108.4149376, 12.0021665 ] ], [ [ 108.4149376, 12.0021665 ], [ 108.4149867, 12.0017294 ], [ 108.4154728, 12.0008188 ], [ 108.4158083, 12.0004807 ], [ 108.4167642, 11.999846 ], [ 108.4178303, 11.9988438 ] ], [ [ 108.4178303, 11.9988438 ], [ 108.4183413, 11.9985097 ], [ 108.4189119, 11.9979038 ] ], [ [ 108.4189119, 11.9979038 ], [ 108.4191268, 11.9976341 ], [ 108.4193623, 11.9970341 ], [ 108.4193766, 11.9957278 ] ], [ [ 108.4193766, 11.9957278 ], [ 108.4195183, 11.9950852 ], [ 108.419531, 11.9945003 ] ], [ [ 108.419531, 11.9945003 ], [ 108.4194373, 11.9941769 ] ], [ [ 108.4194373, 11.9941769 ], [ 108.4188542, 11.9925774 ] ], [ [ 108.4188542, 11.9925774 ], [ 108.4185676, 11.9915515 ], [ 108.4184277, 11.9913038 ], [ 108.4179409, 11.9908033 ], [ 108.4178086, 11.9902345 ] ], [ [ 108.4178086, 11.9902345 ], [ 108.4177925, 11.9896869 ], [ 108.4175814, 11.9887827 ], [ 108.4167623, 11.9865132 ], [ 108.4167671, 11.9861455 ] ], [ [ 108.4167671, 11.9861455 ], [ 108.4168413, 11.9852169 ], [ 108.4166956, 11.9844814 ], [ 108.4167184, 11.9839284 ], [ 108.4169348, 11.9834728 ], [ 108.4177633, 11.9827775 ] ], [ [ 108.4177633, 11.9827775 ], [ 108.4179172, 11.9822002 ] ], [ [ 108.4179172, 11.9822002 ], [ 108.4178172, 11.9807777 ], [ 108.4180093, 11.9798545 ], [ 108.4179893, 11.9788954 ] ], [ [ 108.4179893, 11.9788954 ], [ 108.4182469, 11.9785848 ], [ 108.4189494, 11.9783088 ], [ 108.4197107, 11.9778875 ], [ 108.4198733, 11.9777039 ] ], [ [ 108.4198733, 11.9777039 ], [ 108.4200214, 11.9773927 ] ], [ [ 108.4200214, 11.9773927 ], [ 108.4207156, 11.9765809 ] ], [ [ 108.4207156, 11.9765809 ], [ 108.4217167, 11.9758874 ] ], [ [ 108.4217167, 11.9758874 ], [ 108.4220242, 11.975694 ] ], [ [ 108.4220242, 11.975694 ], [ 108.4225862, 11.975219 ], [ 108.423653, 11.9735998 ], [ 108.4241149, 11.9731134 ] ], [ [ 108.4241149, 11.9731134 ], [ 108.4254907, 11.9719258 ], [ 108.4262105, 11.9714964 ] ], [ [ 108.4262105, 11.9714964 ], [ 108.4263137, 11.9714326 ] ], [ [ 108.4263137, 11.9714326 ], [ 108.4269334, 11.9710541 ], [ 108.427661, 11.9700487 ] ], [ [ 108.427661, 11.9700487 ], [ 108.4276088, 11.9699192 ] ], [ [ 108.4276088, 11.9699192 ], [ 108.4277042, 11.9698635 ] ], [ [ 108.4277042, 11.9698635 ], [ 108.4277637, 11.9700232 ] ], [ [ 108.4277637, 11.9700232 ], [ 108.4277959, 11.9700414 ] ], [ [ 108.4277959, 11.9700414 ], [ 108.4281559, 11.9701774 ], [ 108.428858, 11.9702003 ], [ 108.4299264, 11.970645 ] ], [ [ 108.4299264, 11.970645 ], [ 108.4302144, 11.9707766 ], [ 108.4308355, 11.9715203 ], [ 108.4315041, 11.9735348 ] ], [ [ 108.4315041, 11.9735348 ], [ 108.4316216, 11.9738687 ], [ 108.4322169, 11.9743101 ], [ 108.4333504, 11.9742848 ] ], [ [ 108.4333504, 11.9742848 ], [ 108.4349953, 11.9750234 ] ], [ [ 108.4349953, 11.9750234 ], [ 108.4352502, 11.9747736 ] ], [ [ 108.4352502, 11.9747736 ], [ 108.4358509, 11.9746914 ], [ 108.4389532, 11.9747293 ], [ 108.4394275, 11.9748138 ] ], [ [ 108.4394275, 11.9748138 ], [ 108.4400985, 11.9748552 ], [ 108.4406839, 11.9744827 ] ], [ [ 108.4406839, 11.9744827 ], [ 108.4411003, 11.9749523 ], [ 108.4427753, 11.9758643 ] ], [ [ 108.4427753, 11.9758643 ], [ 108.4429577, 11.9759572 ] ], [ [ 108.4429577, 11.9759572 ], [ 108.4436354, 11.9762965 ], [ 108.4448232, 11.9767285 ] ], [ [ 108.4448232, 11.9767285 ], [ 108.446809, 11.9772585 ] ], [ [ 108.446809, 11.9772585 ], [ 108.4480512, 11.9777941 ], [ 108.44945, 11.9777694 ] ] ] } },
{ "type": "Feature", "properties": { "edge_id": "E043", "from_node": "DL06", "to_node": "DL21", "from_name": "Thung Lũng Tình Yêu", "to_name": "Chợ Đà Lạt", "distance_km": 5.783, "base_time_min": 9.11, "average_speed_kph": 38.1, "road_type": "residential|secondary", "one_way_share": 0.191, "direction": "directed", "congestion_level": 1, "risk_score": 0, "closed": false, "backbone_edge": false, "data_source": "OpenStreetMap + modeled speeds" }, "geometry": { "type": "MultiLineString", "coordinates": [ [ [ 108.44945, 11.9777694 ], [ 108.4480512, 11.9777941 ], [ 108.446809, 11.9772585 ] ], [ [ 108.446809, 11.9772585 ], [ 108.4448232, 11.9767285 ] ], [ [ 108.4448232, 11.9767285 ], [ 108.4436354, 11.9762965 ], [ 108.4429577, 11.9759572 ] ], [ [ 108.4429577, 11.9759572 ], [ 108.4427753, 11.9758643 ] ], [ [ 108.4427753, 11.9758643 ], [ 108.4411003, 11.9749523 ], [ 108.4406839, 11.9744827 ] ], [ [ 108.4406839, 11.9744827 ], [ 108.4405455, 11.9740532 ] ], [ [ 108.4405455, 11.9740532 ], [ 108.4405452, 11.9739151 ] ], [ [ 108.4405452, 11.9739151 ], [ 108.4407284, 11.9732015 ] ], [ [ 108.4407284, 11.9732015 ], [ 108.440953, 11.9718318 ] ], [ [ 108.440953, 11.9718318 ], [ 108.4410084, 11.9716274 ] ], [ [ 108.4410084, 11.9716274 ], [ 108.4414758, 11.9707712 ], [ 108.4417279, 11.9704668 ], [ 108.4420402, 11.9702535 ] ], [ [ 108.4420402, 11.9702535 ], [ 108.4424297, 11.9701802 ] ], [ [ 108.4424297, 11.9701802 ], [ 108.4432447, 11.9699287 ], [ 108.4437489, 11.9695514 ], [ 108.4439772, 11.9691642 ], [ 108.4441276, 11.9686287 ] ], [ [ 108.4441276, 11.9686287 ], [ 108.44414, 11.9680754 ] ], [ [ 108.44414, 11.9680754 ], [ 108.4439412, 11.9672578 ] ], [ [ 108.4439412, 11.9672578 ], [ 108.4436004, 11.9663082 ], [ 108.4434762, 11.9656536 ] ], [ [ 108.4434762, 11.9656536 ], [ 108.4434026, 11.9651539 ] ], [ [ 108.4434026, 11.9651539 ], [ 108.4433641, 11.9648661 ] ], [ [ 108.4433641, 11.9648661 ], [ 108.4432244, 11.9641307 ] ], [ [ 108.4432244, 11.9641307 ], [ 108.4431616, 11.9637755 ] ], [ [ 108.4431616, 11.9637755 ], [ 108.4430127, 11.9627053 ] ], [ [ 108.4430127, 11.9627053 ], [ 108.4430019, 11.9626403 ] ], [ [ 108.4430019, 11.9626403 ], [ 108.4427569, 11.9616814 ] ], [ [ 108.4427569, 11.9616814 ], [ 108.4426624, 11.9611255 ] ], [ [ 108.4426624, 11.9611255 ], [ 108.442619, 11.9605404 ] ], [ [ 108.442619, 11.9605404 ], [ 108.442609, 11.9601558 ] ], [ [ 108.442609, 11.9601558 ], [ 108.4425859, 11.9589721 ] ], [ [ 108.4425859, 11.9589721 ], [ 108.4425641, 11.9577292 ] ], [ [ 108.4425641, 11.9577292 ], [ 108.4425677, 11.9574606 ] ], [ [ 108.4425677, 11.9574606 ], [ 108.4425521, 11.9560462 ] ], [ [ 108.4425521, 11.9560462 ], [ 108.44252, 11.9550037 ] ], [ [ 108.44252, 11.9550037 ], [ 108.4424001, 11.9544843 ] ], [ [ 108.4424001, 11.9544843 ], [ 108.4423681, 11.9540062 ] ], [ [ 108.4423681, 11.9540062 ], [ 108.4423855, 11.9539057 ] ], [ [ 108.4423855, 11.9539057 ], [ 108.4423158, 11.9533868 ] ], [ [ 108.4423158, 11.9533868 ], [ 108.4421691, 11.9517435 ], [ 108.4430301, 11.9496193 ], [ 108.4430454, 11.9484851 ], [ 108.4434902, 11.9472282 ] ], [ [ 108.4434902, 11.9472282 ], [ 108.4434552, 11.9468915 ], [ 108.4430202, 11.9459811 ], [ 108.4429063, 11.9455627 ] ], [ [ 108.4429063, 11.9455627 ], [ 108.4426917, 11.9444695 ], [ 108.4413953, 11.9426614 ], [ 108.441002, 11.9418328 ] ], [ [ 108.441002, 11.9418328 ], [ 108.440899, 11.9419437 ] ], [ [ 108.440899, 11.9419437 ], [ 108.4405768, 11.9422675 ] ], [ [ 108.4405768, 11.9422675 ], [ 108.4405236, 11.942396 ] ], [ [ 108.4405236, 11.942396 ], [ 108.440403, 11.9423013 ] ], [ [ 108.440403, 11.9423013 ], [ 108.439623, 11.9421896 ], [ 108.4392764, 11.942008 ], [ 108.4378751, 11.9404526 ] ], [ [ 108.4378751, 11.9404526 ], [ 108.4377588, 11.9403351 ] ], [ [ 108.4377588, 11.9403351 ], [ 108.4375707, 11.9404105 ] ], [ [ 108.4375707, 11.9404105 ], [ 108.4370107, 11.942457 ] ], [ [ 108.4370107, 11.942457 ], [ 108.4371657, 11.9426567 ], [ 108.4370388, 11.9428504 ] ] ] } },
{ "type": "Feature", "properties": { "edge_id": "E044", "from_node": "DL21", "to_node": "DL06", "from_name": "Chợ Đà Lạt", "to_name": "Thung Lũng Tình Yêu", "distance_km": 5.88, "base_time_min": 9.31, "average_speed_kph": 37.9, "road_type": "residential|secondary", "one_way_share": 0.22, "direction": "directed", "congestion_level": 1, "risk_score": 0, "closed": false, "backbone_edge": false, "data_source": "OpenStreetMap + modeled speeds" }, "geometry": { "type": "MultiLineString", "coordinates": [ [ [ 108.4370388, 11.9428504 ], [ 108.4368717, 11.9428587 ], [ 108.4367626, 11.9427693 ] ], [ [ 108.4367626, 11.9427693 ], [ 108.436779, 11.9425283 ], [ 108.4370107, 11.942457 ] ], [ [ 108.4370107, 11.942457 ], [ 108.4375707, 11.9404105 ] ], [ [ 108.4375707, 11.9404105 ], [ 108.4374425, 11.9402973 ] ], [ [ 108.4374425, 11.9402973 ], [ 108.4374903, 11.9401147 ] ], [ [ 108.4374903, 11.9401147 ], [ 108.4377022, 11.9400945 ] ], [ [ 108.4377022, 11.9400945 ], [ 108.4377863, 11.9402304 ], [ 108.4377588, 11.9403351 ] ], [ [ 108.4377588, 11.9403351 ], [ 108.4378751, 11.9404526 ] ], [ [ 108.4378751, 11.9404526 ], [ 108.4392764, 11.942008 ], [ 108.439623, 11.9421896 ], [ 108.440403, 11.9423013 ] ], [ [ 108.440403, 11.9423013 ], [ 108.4405069, 11.9422202 ] ], [ [ 108.4405069, 11.9422202 ], [ 108.4409429, 11.9417757 ] ], [ [ 108.4409429, 11.9417757 ], [ 108.441002, 11.9418328 ] ], [ [ 108.441002, 11.9418328 ], [ 108.4413953, 11.9426614 ], [ 108.4426917, 11.9444695 ], [ 108.4429063, 11.9455627 ] ], [ [ 108.4429063, 11.9455627 ], [ 108.4430202, 11.9459811 ], [ 108.4434552, 11.9468915 ], [ 108.4434902, 11.9472282 ] ], [ [ 108.4434902, 11.9472282 ], [ 108.4430454, 11.9484851 ], [ 108.4430301, 11.9496193 ], [ 108.4421691, 11.9517435 ], [ 108.4423158, 11.9533868 ] ], [ [ 108.4423158, 11.9533868 ], [ 108.4423855, 11.9539057 ] ], [ [ 108.4423855, 11.9539057 ], [ 108.442509, 11.9544212 ] ], [ [ 108.442509, 11.9544212 ], [ 108.4425222, 11.9545391 ] ], [ [ 108.4425222, 11.9545391 ], [ 108.44252, 11.9550037 ] ], [ [ 108.44252, 11.9550037 ], [ 108.4425521, 11.9560462 ] ], [ [ 108.4425521, 11.9560462 ], [ 108.4425677, 11.9574606 ] ], [ [ 108.4425677, 11.9574606 ], [ 108.4425641, 11.9577292 ] ], [ [ 108.4425641, 11.9577292 ], [ 108.4425859, 11.9589721 ] ], [ [ 108.4425859, 11.9589721 ], [ 108.442609, 11.9601558 ] ], [ [ 108.442609, 11.9601558 ], [ 108.442619, 11.9605404 ] ], [ [ 108.442619, 11.9605404 ], [ 108.4426624, 11.9611255 ] ], [ [ 108.4426624, 11.9611255 ], [ 108.4427569, 11.9616814 ] ], [ [ 108.4427569, 11.9616814 ], [ 108.4430019, 11.9626403 ] ], [ [ 108.4430019, 11.9626403 ], [ 108.4430127, 11.9627053 ] ], [ [ 108.4430127, 11.9627053 ], [ 108.4431616, 11.9637755 ] ], [ [ 108.4431616, 11.9637755 ], [ 108.4432244, 11.9641307 ] ], [ [ 108.4432244, 11.9641307 ], [ 108.4433641, 11.9648661 ] ], [ [ 108.4433641, 11.9648661 ], [ 108.4434026, 11.9651539 ] ], [ [ 108.4434026, 11.9651539 ], [ 108.4434762, 11.9656536 ] ], [ [ 108.4434762, 11.9656536 ], [ 108.4436004, 11.9663082 ], [ 108.4439412, 11.9672578 ] ], [ [ 108.4439412, 11.9672578 ], [ 108.44414, 11.9680754 ] ], [ [ 108.44414, 11.9680754 ], [ 108.4441276, 11.9686287 ] ], [ [ 108.4441276, 11.9686287 ], [ 108.4439772, 11.9691642 ], [ 108.4437489, 11.9695514 ], [ 108.4432447, 11.9699287 ], [ 108.4424297, 11.9701802 ] ], [ [ 108.4424297, 11.9701802 ], [ 108.4420402, 11.9702535 ] ], [ [ 108.4420402, 11.9702535 ], [ 108.4417279, 11.9704668 ], [ 108.4414758, 11.9707712 ], [ 108.4410084, 11.9716274 ] ], [ [ 108.4410084, 11.9716274 ], [ 108.440953, 11.9718318 ] ], [ [ 108.440953, 11.9718318 ], [ 108.4407284, 11.9732015 ] ], [ [ 108.4407284, 11.9732015 ], [ 108.4405452, 11.9739151 ] ], [ [ 108.4405452, 11.9739151 ], [ 108.4405455, 11.9740532 ] ], [ [ 108.4405455, 11.9740532 ], [ 108.4406839, 11.9744827 ] ], [ [ 108.4406839, 11.9744827 ], [ 108.4411003, 11.9749523 ], [ 108.4427753, 11.9758643 ] ], [ [ 108.4427753, 11.9758643 ], [ 108.4429577, 11.9759572 ] ], [ [ 108.4429577, 11.9759572 ], [ 108.4436354, 11.9762965 ], [ 108.4448232, 11.9767285 ] ], [ [ 108.4448232, 11.9767285 ], [ 108.446809, 11.9772585 ] ], [ [ 108.446809, 11.9772585 ], [ 108.4480512, 11.9777941 ], [ 108.44945, 11.9777694 ] ] ] } },
{ "type": "Feature", "properties": { "edge_id": "E045", "from_node": "DL06", "to_node": "DL22", "from_name": "Thung Lũng Tình Yêu", "to_name": "Hồ Xuân Hương", "distance_km": 4.92, "base_time_min": 7.38, "average_speed_kph": 40.0, "road_type": "secondary", "one_way_share": 0.13, "direction": "directed", "congestion_level": 1, "risk_score": 0, "closed": false, "backbone_edge": false, "data_source": "OpenStreetMap + modeled speeds" }, "geometry": { "type": "MultiLineString", "coordinates": [ [ [ 108.44945, 11.9777694 ], [ 108.4503683, 11.9777102 ], [ 108.4513782, 11.9778949 ] ], [ [ 108.4513782, 11.9778949 ], [ 108.451711, 11.9779819 ], [ 108.4531796, 11.9780206 ] ], [ [ 108.4531796, 11.9780206 ], [ 108.4533206, 11.977938 ] ], [ [ 108.4533206, 11.977938 ], [ 108.4534102, 11.977693 ], [ 108.4533864, 11.977386 ], [ 108.4524947, 11.9744507 ] ], [ [ 108.4524947, 11.9744507 ], [ 108.4524658, 11.9743385 ] ], [ [ 108.4524658, 11.9743385 ], [ 108.4522931, 11.9718503 ] ], [ [ 108.4522931, 11.9718503 ], [ 108.4522542, 11.9709483 ], [ 108.452426, 11.9695208 ], [ 108.4529361, 11.967451 ] ], [ [ 108.4529361, 11.967451 ], [ 108.4529864, 11.967076 ] ], [ [ 108.4529864, 11.967076 ], [ 108.4531208, 11.9662587 ] ], [ [ 108.4531208, 11.9662587 ], [ 108.4530344, 11.964917 ], [ 108.4526145, 11.9641323 ] ], [ [ 108.4526145, 11.9641323 ], [ 108.4524915, 11.9639786 ] ], [ [ 108.4524915, 11.9639786 ], [ 108.4522167, 11.9629427 ], [ 108.4521165, 11.9602624 ] ], [ [ 108.4521165, 11.9602624 ], [ 108.452037, 11.9597598 ] ], [ [ 108.452037, 11.9597598 ], [ 108.4519106, 11.9588162 ] ], [ [ 108.4519106, 11.9588162 ], [ 108.4518498, 11.9584403 ] ], [ [ 108.4518498, 11.9584403 ], [ 108.4518402, 11.9583541 ] ], [ [ 108.4518402, 11.9583541 ], [ 108.4516754, 11.9576337 ], [ 108.450579, 11.9555842 ], [ 108.4502978, 11.9547453 ], [ 108.4510446, 11.9517736 ], [ 108.4516175, 11.9511275 ] ], [ [ 108.4516175, 11.9511275 ], [ 108.4516466, 11.9510174 ] ], [ [ 108.4516466, 11.9510174 ], [ 108.451802, 11.9510541 ] ], [ [ 108.451802, 11.9510541 ], [ 108.4527751, 11.9507034 ] ], [ [ 108.4527751, 11.9507034 ], [ 108.4528672, 11.9506009 ] ], [ [ 108.4528672, 11.9506009 ], [ 108.4529109, 11.9502197 ], [ 108.4528432, 11.9499575 ], [ 108.4505711, 11.9468535 ], [ 108.449973, 11.9450419 ], [ 108.4495421, 11.9443223 ] ], [ [ 108.4495421, 11.9443223 ], [ 108.4486683, 11.9429568 ], [ 108.448156, 11.9414775 ], [ 108.4480834, 11.9408573 ] ] ] } },
{ "type": "Feature", "properties": { "edge_id": "E046", "from_node": "DL22", "to_node": "DL06", "from_name": "Hồ Xuân Hương", "to_name": "Thung Lũng Tình Yêu", "distance_km": 4.955, "base_time_min": 7.43, "average_speed_kph": 40.0, "road_type": "secondary", "one_way_share": 0.2, "direction": "directed", "congestion_level": 1, "risk_score": 0, "closed": false, "backbone_edge": false, "data_source": "OpenStreetMap + modeled speeds" }, "geometry": { "type": "MultiLineString", "coordinates": [ [ [ 108.4480834, 11.9408573 ], [ 108.448156, 11.9414775 ], [ 108.4486683, 11.9429568 ], [ 108.4495421, 11.9443223 ] ], [ [ 108.4495421, 11.9443223 ], [ 108.449973, 11.9450419 ], [ 108.4505711, 11.9468535 ], [ 108.4528432, 11.9499575 ], [ 108.4529109, 11.9502197 ], [ 108.4528672, 11.9506009 ] ], [ [ 108.4528672, 11.9506009 ], [ 108.4529717, 11.9507193 ] ], [ [ 108.4529717, 11.9507193 ], [ 108.4528208, 11.9507801 ] ], [ [ 108.4528208, 11.9507801 ], [ 108.4527751, 11.9507034 ] ], [ [ 108.4527751, 11.9507034 ], [ 108.451802, 11.9510541 ] ], [ [ 108.451802, 11.9510541 ], [ 108.4517605, 11.9511764 ] ], [ [ 108.4517605, 11.9511764 ], [ 108.4516175, 11.9511275 ] ], [ [ 108.4516175, 11.9511275 ], [ 108.4510446, 11.9517736 ], [ 108.4502978, 11.9547453 ], [ 108.450579, 11.9555842 ], [ 108.4516754, 11.9576337 ], [ 108.4518402, 11.9583541 ] ], [ [ 108.4518402, 11.9583541 ], [ 108.4518498, 11.9584403 ] ], [ [ 108.4518498, 11.9584403 ], [ 108.4519106, 11.9588162 ] ], [ [ 108.4519106, 11.9588162 ], [ 108.452037, 11.9597598 ] ], [ [ 108.452037, 11.9597598 ], [ 108.4521165, 11.9602624 ] ], [ [ 108.4521165, 11.9602624 ], [ 108.4522167, 11.9629427 ], [ 108.4524915, 11.9639786 ] ], [ [ 108.4524915, 11.9639786 ], [ 108.4526145, 11.9641323 ] ], [ [ 108.4526145, 11.9641323 ], [ 108.4530344, 11.964917 ], [ 108.4531208, 11.9662587 ] ], [ [ 108.4531208, 11.9662587 ], [ 108.4529864, 11.967076 ] ], [ [ 108.4529864, 11.967076 ], [ 108.4529361, 11.967451 ] ], [ [ 108.4529361, 11.967451 ], [ 108.452426, 11.9695208 ], [ 108.4522542, 11.9709483 ], [ 108.4522931, 11.9718503 ] ], [ [ 108.4522931, 11.9718503 ], [ 108.4524658, 11.9743385 ] ], [ [ 108.4524658, 11.9743385 ], [ 108.4524947, 11.9744507 ] ], [ [ 108.4524947, 11.9744507 ], [ 108.4533864, 11.977386 ], [ 108.4534102, 11.977693 ], [ 108.4533206, 11.977938 ] ], [ [ 108.4533206, 11.977938 ], [ 108.4531796, 11.9780206 ] ], [ [ 108.4531796, 11.9780206 ], [ 108.451711, 11.9779819 ], [ 108.4513782, 11.9778949 ] ], [ [ 108.4513782, 11.9778949 ], [ 108.4503683, 11.9777102 ], [ 108.44945, 11.9777694 ] ] ] } },
{ "type": "Feature", "properties": { "edge_id": "E047", "from_node": "DL07", "to_node": "DL11", "from_name": "Thác Datanla", "to_name": "Thác Prenn", "distance_km": 4.883, "base_time_min": 4.88, "average_speed_kph": 60.0, "road_type": "primary", "one_way_share": 0.25, "direction": "directed", "congestion_level": 1, "risk_score": 0, "closed": false, "backbone_edge": true, "data_source": "OpenStreetMap + modeled speeds" }, "geometry": { "type": "MultiLineString", "coordinates": [ [ [ 108.4483478, 11.9050292 ], [ 108.4487809, 11.9043526 ], [ 108.4491068, 11.9041293 ], [ 108.4495282, 11.9040847 ], [ 108.4502026, 11.9043196 ], [ 108.4505081, 11.9043487 ], [ 108.45115, 11.9042373 ], [ 108.4514306, 11.9038996 ], [ 108.4516307, 11.9026209 ], [ 108.4515864, 11.9023803 ], [ 108.4513758, 11.9021386 ], [ 108.4506301, 11.9018697 ], [ 108.4502675, 11.9015963 ], [ 108.4501018, 11.9012932 ], [ 108.4499153, 11.9003647 ], [ 108.4499594, 11.9000256 ], [ 108.4504518, 11.8992571 ], [ 108.4504456, 11.8983798 ], [ 108.4506127, 11.8977642 ], [ 108.4508258, 11.8973886 ], [ 108.4513458, 11.8969213 ], [ 108.4517184, 11.8967124 ], [ 108.4539467, 11.8961638 ], [ 108.4541327, 11.8958352 ], [ 108.454055, 11.8950048 ], [ 108.4542331, 11.8945219 ], [ 108.4545502, 11.8941247 ], [ 108.454982, 11.8937901 ], [ 108.4556323, 11.8935766 ], [ 108.456118, 11.893025 ], [ 108.4564944, 11.892885 ], [ 108.4569789, 11.8928754 ], [ 108.4577302, 11.8931833 ], [ 108.4579822, 11.8931573 ], [ 108.4582517, 11.8929108 ], [ 108.4586869, 11.8922843 ], [ 108.4595533, 11.8920226 ], [ 108.4613255, 11.8905381 ], [ 108.4616141, 11.8901475 ], [ 108.4621459, 11.8887433 ], [ 108.4621815, 11.8883169 ], [ 108.4620584, 11.8874709 ], [ 108.4621033, 11.8871733 ], [ 108.4622572, 11.8869397 ], [ 108.4627283, 11.8865197 ], [ 108.4629961, 11.8859799 ], [ 108.4632577, 11.8858392 ], [ 108.4638324, 11.8858751 ], [ 108.464056, 11.8858163 ], [ 108.4648941, 11.8849213 ], [ 108.4665081, 11.8840942 ], [ 108.4668159, 11.8837625 ], [ 108.4669822, 11.8831496 ], [ 108.4671284, 11.8829055 ], [ 108.4678824, 11.8825805 ], [ 108.46854, 11.8821686 ], [ 108.4692862, 11.8812865 ] ], [ [ 108.4692862, 11.8812865 ], [ 108.4705459, 11.8805626 ], [ 108.4708183, 11.8801767 ], [ 108.4708285, 11.8796277 ], [ 108.4702709, 11.8781757 ] ], [ [ 108.4702709, 11.8781757 ], [ 108.4701318, 11.877821 ] ], [ [ 108.4701318, 11.877821 ], [ 108.4696427, 11.8767958 ] ] ] } },
{ "type": "Feature", "properties": { "edge_id": "E048", "from_node": "DL11", "to_node": "DL07", "from_name": "Thác Prenn", "to_name": "Thác Datanla", "distance_km": 6.249, "base_time_min": 6.89, "average_speed_kph": 54.4, "road_type": "motorway|motorway_link|primary|residential|trunk_link", "one_way_share": 0.636, "direction": "directed", "congestion_level": 1, "risk_score": 0, "closed": false, "backbone_edge": true, "data_source": "OpenStreetMap + modeled speeds" }, "geometry": { "type": "MultiLineString", "coordinates": [ [ [ 108.4696427, 11.8767958 ], [ 108.4688927, 11.8752846 ], [ 108.4676812, 11.8738449 ] ], [ [ 108.4676812, 11.8738449 ], [ 108.4671864, 11.8734632 ] ], [ [ 108.4671864, 11.8734632 ], [ 108.4667897, 11.8733861 ] ], [ [ 108.4667897, 11.8733861 ], [ 108.4661016, 11.8727902 ], [ 108.4660507, 11.8725933 ], [ 108.4661535, 11.8724333 ], [ 108.4665904, 11.8721176 ], [ 108.4669126, 11.8720741 ], [ 108.4673984, 11.8728479 ] ], [ [ 108.4673984, 11.8728479 ], [ 108.4673937, 11.873203 ] ], [ [ 108.4673937, 11.873203 ], [ 108.467503, 11.8734666 ] ], [ [ 108.467503, 11.8734666 ], [ 108.4691184, 11.8754141 ], [ 108.4700425, 11.8773725 ] ], [ [ 108.4700425, 11.8773725 ], [ 108.4701318, 11.877821 ] ], [ [ 108.4701318, 11.877821 ], [ 108.4702709, 11.8781757 ] ], [ [ 108.4702709, 11.8781757 ], [ 108.4708285, 11.8796277 ], [ 108.4708183, 11.8801767 ], [ 108.4705459, 11.8805626 ], [ 108.4692862, 11.8812865 ] ], [ [ 108.4692862, 11.8812865 ], [ 108.46854, 11.8821686 ], [ 108.4678824, 11.8825805 ], [ 108.4671284, 11.8829055 ], [ 108.4669822, 11.8831496 ], [ 108.4668159, 11.8837625 ], [ 108.4665081, 11.8840942 ], [ 108.4648941, 11.8849213 ], [ 108.464056, 11.8858163 ], [ 108.4638324, 11.8858751 ], [ 108.4632577, 11.8858392 ], [ 108.4629961, 11.8859799 ], [ 108.4627283, 11.8865197 ], [ 108.4622572, 11.8869397 ], [ 108.4621033, 11.8871733 ], [ 108.4620584, 11.8874709 ], [ 108.4621815, 11.8883169 ], [ 108.4621459, 11.8887433 ], [ 108.4616141, 11.8901475 ], [ 108.4613255, 11.8905381 ], [ 108.4595533, 11.8920226 ], [ 108.4586869, 11.8922843 ], [ 108.4582517, 11.8929108 ], [ 108.4579822, 11.8931573 ], [ 108.4577302, 11.8931833 ], [ 108.4569789, 11.8928754 ], [ 108.4564944, 11.892885 ], [ 108.456118, 11.893025 ], [ 108.4556323, 11.8935766 ], [ 108.454982, 11.8937901 ], [ 108.4545502, 11.8941247 ], [ 108.4542331, 11.8945219 ], [ 108.454055, 11.8950048 ], [ 108.4541327, 11.8958352 ], [ 108.4539467, 11.8961638 ], [ 108.4517184, 11.8967124 ], [ 108.4513458, 11.8969213 ], [ 108.4508258, 11.8973886 ], [ 108.4506127, 11.8977642 ], [ 108.4504456, 11.8983798 ], [ 108.4504518, 11.8992571 ], [ 108.4499594, 11.9000256 ], [ 108.4499153, 11.9003647 ], [ 108.4501018, 11.9012932 ], [ 108.4502675, 11.9015963 ], [ 108.4506301, 11.9018697 ], [ 108.4513758, 11.9021386 ], [ 108.4515864, 11.9023803 ], [ 108.4516307, 11.9026209 ], [ 108.4514306, 11.9038996 ], [ 108.45115, 11.9042373 ], [ 108.4505081, 11.9043487 ], [ 108.4502026, 11.9043196 ], [ 108.4495282, 11.9040847 ], [ 108.4491068, 11.9041293 ], [ 108.4487809, 11.9043526 ], [ 108.4483478, 11.9050292 ] ] ] } },
{ "type": "Feature", "properties": { "edge_id": "E049", "from_node": "DL07", "to_node": "DL12", "from_name": "Thác Datanla", "to_name": "Đường hầm điêu khắc", "distance_km": 10.684, "base_time_min": 19.56, "average_speed_kph": 32.8, "road_type": "primary|secondary|tertiary", "one_way_share": 0.231, "direction": "directed", "congestion_level": 1, "risk_score": 0, "closed": false, "backbone_edge": false, "data_source": "OpenStreetMap + modeled speeds" }, "geometry": { "type": "MultiLineString", "coordinates": [ [ [ 108.4483478, 11.9050292 ], [ 108.4481277, 11.9053821 ] ], [ [ 108.4481277, 11.9053821 ], [ 108.4479972, 11.905398 ], [ 108.4478959, 11.9053114 ] ], [ [ 108.4478959, 11.9053114 ], [ 108.447646, 11.905115 ], [ 108.4472561, 11.905019 ], [ 108.4469782, 11.9050578 ], [ 108.4461184, 11.905397 ], [ 108.4457901, 11.9053985 ], [ 108.4454198, 11.9052083 ], [ 108.4446851, 11.9046243 ], [ 108.44266, 11.9043514 ], [ 108.4421531, 11.9040098 ] ], [ [ 108.4421531, 11.9040098 ], [ 108.4416998, 11.9036034 ], [ 108.4406778, 11.9033514 ], [ 108.4404261, 11.9032197 ], [ 108.4402155, 11.9029849 ] ], [ [ 108.4402155, 11.9029849 ], [ 108.4400383, 11.902888 ] ], [ [ 108.4400383, 11.902888 ], [ 108.4395612, 11.9027691 ], [ 108.439069, 11.9030152 ], [ 108.4365523, 11.9059946 ], [ 108.4360483, 11.9063328 ], [ 108.4347765, 11.9068994 ] ], [ [ 108.4347765, 11.9068994 ], [ 108.4346214, 11.9070739 ], [ 108.43452, 11.9073852 ] ], [ [ 108.43452, 11.9073852 ], [ 108.4336699, 11.9109527 ], [ 108.4336624, 11.911474 ], [ 108.4339405, 11.9121334 ], [ 108.4339463, 11.9123686 ], [ 108.4338232, 11.9127241 ] ], [ [ 108.4338232, 11.9127241 ], [ 108.432597, 11.9139478 ], [ 108.4319191, 11.9143241 ], [ 108.4312761, 11.9145842 ], [ 108.4304428, 11.9144214 ] ], [ [ 108.4304428, 11.9144214 ], [ 108.4297102, 11.9144441 ], [ 108.4292568, 11.9142118 ], [ 108.4291164, 11.9140009 ], [ 108.429016, 11.9132608 ], [ 108.4282476, 11.9122934 ], [ 108.4274471, 11.9120313 ], [ 108.4272555, 11.9118968 ], [ 108.4265688, 11.9109807 ], [ 108.4264254, 11.9109064 ] ], [ [ 108.4264254, 11.9109064 ], [ 108.4255906, 11.9101638 ], [ 108.4250283, 11.9092918 ], [ 108.424663, 11.9092163 ], [ 108.4241085, 11.9092926 ], [ 108.4235725, 11.9090639 ], [ 108.4229611, 11.9085656 ], [ 108.4222612, 11.9085927 ], [ 108.4221052, 11.9088268 ], [ 108.4222184, 11.9090222 ], [ 108.4225813, 11.9092504 ], [ 108.4227171, 11.9094399 ], [ 108.4228922, 11.9103208 ], [ 108.4228311, 11.9104274 ], [ 108.4225542, 11.9105263 ], [ 108.4220453, 11.9104484 ], [ 108.4216231, 11.9101475 ], [ 108.4212658, 11.9101009 ], [ 108.4207254, 11.9094435 ], [ 108.4202955, 11.9092618 ], [ 108.4203426, 11.9083227 ], [ 108.420161, 11.9080271 ], [ 108.4191942, 11.9069705 ], [ 108.4191922, 11.9068031 ], [ 108.4194823, 11.9065721 ], [ 108.4204613, 11.907208 ], [ 108.420822, 11.9073093 ], [ 108.4211266, 11.907276 ], [ 108.4215264, 11.9070259 ], [ 108.421788, 11.9066746 ], [ 108.421855, 11.9061135 ], [ 108.4217633, 11.9056444 ], [ 108.4213951, 11.9051293 ], [ 108.4202182, 11.904858 ], [ 108.4194879, 11.9044093 ], [ 108.419272, 11.9045196 ], [ 108.4187576, 11.9054587 ], [ 108.4183051, 11.9056398 ], [ 108.4180806, 11.9056012 ], [ 108.4176876, 11.9050455 ], [ 108.4170374, 11.9050894 ], [ 108.4164917, 11.9045515 ], [ 108.4166203, 11.903905 ], [ 108.4161086, 11.9032529 ], [ 108.4161075, 11.9030552 ], [ 108.4163835, 11.9027052 ], [ 108.4164144, 11.9025259 ], [ 108.4156446, 11.9016926 ], [ 108.4152624, 11.9004171 ], [ 108.4150828, 11.9002452 ], [ 108.4144902, 11.8999361 ], [ 108.4144514, 11.8993936 ] ], [ [ 108.4144514, 11.8993936 ], [ 108.4142341, 11.8992184 ] ], [ [ 108.4142341, 11.8992184 ], [ 108.4139292, 11.899044 ], [ 108.4135462, 11.8983516 ], [ 108.4130163, 11.898128 ], [ 108.4126449, 11.8976961 ], [ 108.4121431, 11.8975704 ], [ 108.4117864, 11.8969927 ], [ 108.4115116, 11.896958 ], [ 108.4110203, 11.8970529 ], [ 108.4107882, 11.896916 ], [ 108.4106311, 11.8966614 ], [ 108.41065, 11.8964624 ], [ 108.4114218, 11.8956449 ], [ 108.4124528, 11.8948171 ], [ 108.4125602, 11.8945634 ], [ 108.4125924, 11.8939659 ], [ 108.4124932, 11.8939082 ], [ 108.4120549, 11.8941427 ], [ 108.4118012, 11.894126 ], [ 108.4112205, 11.8937061 ], [ 108.4107631, 11.8929856 ], [ 108.4103031, 11.8932428 ], [ 108.4101476, 11.8932192 ], [ 108.4098733, 11.892307 ], [ 108.4093831, 11.8919987 ], [ 108.4091887, 11.8917743 ], [ 108.4091678, 11.8915256 ], [ 108.4093192, 11.8913524 ], [ 108.4094971, 11.8912704 ], [ 108.4099236, 11.8912546 ], [ 108.4102951, 11.8910171 ], [ 108.4108356, 11.8902888 ], [ 108.410861, 11.8900696 ], [ 108.4106706, 11.8898885 ], [ 108.409882, 11.8898085 ], [ 108.409241, 11.8894581 ], [ 108.4087013, 11.8896639 ], [ 108.4085173, 11.8895854 ], [ 108.4084685, 11.8894646 ], [ 108.4085342, 11.888903 ], [ 108.4084068, 11.8884043 ], [ 108.408431, 11.8880946 ], [ 108.409072, 11.8874856 ], [ 108.409481, 11.8867258 ], [ 108.4095038, 11.8864974 ], [ 108.4093711, 11.8862687 ], [ 108.4091994, 11.8861772 ], [ 108.4089097, 11.8861798 ], [ 108.4085469, 11.8863279 ], [ 108.4082539, 11.886315 ], [ 108.4078851, 11.8861995 ], [ 108.4077604, 11.8860145 ], [ 108.4078448, 11.8858104 ], [ 108.4083022, 11.885315 ], [ 108.4083371, 11.8850368 ], [ 108.4081918, 11.8847732 ], [ 108.4076893, 11.8844856 ], [ 108.407684, 11.8842677 ], [ 108.4077926, 11.8841142 ], [ 108.4083342, 11.8837998 ], [ 108.4087563, 11.8832168 ], [ 108.4098539, 11.8827428 ], [ 108.4103392, 11.8826111 ], [ 108.4115454, 11.8825031 ], [ 108.4126186, 11.8826739 ], [ 108.4128564, 11.8826039 ], [ 108.4130193, 11.8823933 ], [ 108.413001, 11.8822321 ], [ 108.4128949, 11.8821519 ], [ 108.4121227, 11.8822103 ] ] ] } },
{ "type": "Feature", "properties": { "edge_id": "E050", "from_node": "DL12", "to_node": "DL07", "from_name": "Đường hầm điêu khắc", "to_name": "Thác Datanla", "distance_km": 10.65, "base_time_min": 19.51, "average_speed_kph": 32.8, "road_type": "primary_link|secondary|tertiary", "one_way_share": 0.25, "direction": "directed", "congestion_level": 1, "risk_score": 0, "closed": false, "backbone_edge": false, "data_source": "OpenStreetMap + modeled speeds" }, "geometry": { "type": "MultiLineString", "coordinates": [ [ [ 108.4121227, 11.8822103 ], [ 108.4128949, 11.8821519 ], [ 108.413001, 11.8822321 ], [ 108.4130193, 11.8823933 ], [ 108.4128564, 11.8826039 ], [ 108.4126186, 11.8826739 ], [ 108.4115454, 11.8825031 ], [ 108.4103392, 11.8826111 ], [ 108.4098539, 11.8827428 ], [ 108.4087563, 11.8832168 ], [ 108.4083342, 11.8837998 ], [ 108.4077926, 11.8841142 ], [ 108.407684, 11.8842677 ], [ 108.4076893, 11.8844856 ], [ 108.4081918, 11.8847732 ], [ 108.4083371, 11.8850368 ], [ 108.4083022, 11.885315 ], [ 108.4078448, 11.8858104 ], [ 108.4077604, 11.8860145 ], [ 108.4078851, 11.8861995 ], [ 108.4082539, 11.886315 ], [ 108.4085469, 11.8863279 ], [ 108.4089097, 11.8861798 ], [ 108.4091994, 11.8861772 ], [ 108.4093711, 11.8862687 ], [ 108.4095038, 11.8864974 ], [ 108.409481, 11.8867258 ], [ 108.409072, 11.8874856 ], [ 108.408431, 11.8880946 ], [ 108.4084068, 11.8884043 ], [ 108.4085342, 11.888903 ], [ 108.4084685, 11.8894646 ], [ 108.4085173, 11.8895854 ], [ 108.4087013, 11.8896639 ], [ 108.409241, 11.8894581 ], [ 108.409882, 11.8898085 ], [ 108.4106706, 11.8898885 ], [ 108.410861, 11.8900696 ], [ 108.4108356, 11.8902888 ], [ 108.4102951, 11.8910171 ], [ 108.4099236, 11.8912546 ], [ 108.4094971, 11.8912704 ], [ 108.4093192, 11.8913524 ], [ 108.4091678, 11.8915256 ], [ 108.4091887, 11.8917743 ], [ 108.4093831, 11.8919987 ], [ 108.4098733, 11.892307 ], [ 108.4101476, 11.8932192 ], [ 108.4103031, 11.8932428 ], [ 108.4107631, 11.8929856 ], [ 108.4112205, 11.8937061 ], [ 108.4118012, 11.894126 ], [ 108.4120549, 11.8941427 ], [ 108.4124932, 11.8939082 ], [ 108.4125924, 11.8939659 ], [ 108.4125602, 11.8945634 ], [ 108.4124528, 11.8948171 ], [ 108.4114218, 11.8956449 ], [ 108.41065, 11.8964624 ], [ 108.4106311, 11.8966614 ], [ 108.4107882, 11.896916 ], [ 108.4110203, 11.8970529 ], [ 108.4115116, 11.896958 ], [ 108.4117864, 11.8969927 ], [ 108.4121431, 11.8975704 ], [ 108.4126449, 11.8976961 ], [ 108.4130163, 11.898128 ], [ 108.4135462, 11.8983516 ], [ 108.4139292, 11.899044 ], [ 108.4142341, 11.8992184 ] ], [ [ 108.4142341, 11.8992184 ], [ 108.4144514, 11.8993936 ] ], [ [ 108.4144514, 11.8993936 ], [ 108.4144902, 11.8999361 ], [ 108.4150828, 11.9002452 ], [ 108.4152624, 11.9004171 ], [ 108.4156446, 11.9016926 ], [ 108.4164144, 11.9025259 ], [ 108.4163835, 11.9027052 ], [ 108.4161075, 11.9030552 ], [ 108.4161086, 11.9032529 ], [ 108.4166203, 11.903905 ], [ 108.4164917, 11.9045515 ], [ 108.4170374, 11.9050894 ], [ 108.4176876, 11.9050455 ], [ 108.4180806, 11.9056012 ], [ 108.4183051, 11.9056398 ], [ 108.4187576, 11.9054587 ], [ 108.419272, 11.9045196 ], [ 108.4194879, 11.9044093 ], [ 108.4202182, 11.904858 ], [ 108.4213951, 11.9051293 ], [ 108.4217633, 11.9056444 ], [ 108.421855, 11.9061135 ], [ 108.421788, 11.9066746 ], [ 108.4215264, 11.9070259 ], [ 108.4211266, 11.907276 ], [ 108.420822, 11.9073093 ], [ 108.4204613, 11.907208 ], [ 108.4194823, 11.9065721 ], [ 108.4191922, 11.9068031 ], [ 108.4191942, 11.9069705 ], [ 108.420161, 11.9080271 ], [ 108.4203426, 11.9083227 ], [ 108.4202955, 11.9092618 ], [ 108.4207254, 11.9094435 ], [ 108.4212658, 11.9101009 ], [ 108.4216231, 11.9101475 ], [ 108.4220453, 11.9104484 ], [ 108.4225542, 11.9105263 ], [ 108.4228311, 11.9104274 ], [ 108.4228922, 11.9103208 ], [ 108.4227171, 11.9094399 ], [ 108.4225813, 11.9092504 ], [ 108.4222184, 11.9090222 ], [ 108.4221052, 11.9088268 ], [ 108.4222612, 11.9085927 ], [ 108.4229611, 11.9085656 ], [ 108.4235725, 11.9090639 ], [ 108.4241085, 11.9092926 ], [ 108.424663, 11.9092163 ], [ 108.4250283, 11.9092918 ], [ 108.4255906, 11.9101638 ], [ 108.4264254, 11.9109064 ] ], [ [ 108.4264254, 11.9109064 ], [ 108.4265688, 11.9109807 ], [ 108.4272555, 11.9118968 ], [ 108.4274471, 11.9120313 ], [ 108.4282476, 11.9122934 ], [ 108.429016, 11.9132608 ], [ 108.4291164, 11.9140009 ], [ 108.4292568, 11.9142118 ], [ 108.4297102, 11.9144441 ], [ 108.4304428, 11.9144214 ] ], [ [ 108.4304428, 11.9144214 ], [ 108.4312761, 11.9145842 ], [ 108.4319191, 11.9143241 ], [ 108.432597, 11.9139478 ], [ 108.4338232, 11.9127241 ] ], [ [ 108.4338232, 11.9127241 ], [ 108.4339463, 11.9123686 ], [ 108.4339405, 11.9121334 ], [ 108.4336624, 11.911474 ], [ 108.4336699, 11.9109527 ], [ 108.43452, 11.9073852 ] ], [ [ 108.43452, 11.9073852 ], [ 108.4346214, 11.9070739 ], [ 108.4347765, 11.9068994 ] ], [ [ 108.4347765, 11.9068994 ], [ 108.4360483, 11.9063328 ], [ 108.4365523, 11.9059946 ], [ 108.439069, 11.9030152 ], [ 108.4395612, 11.9027691 ], [ 108.4400383, 11.902888 ] ], [ [ 108.4400383, 11.902888 ], [ 108.4402155, 11.9029849 ] ], [ [ 108.4402155, 11.9029849 ], [ 108.4407341, 11.9032787 ], [ 108.4417561, 11.9035307 ], [ 108.4422114, 11.9039452 ] ], [ [ 108.4422114, 11.9039452 ], [ 108.4427162, 11.9042787 ], [ 108.4447414, 11.9045516 ], [ 108.4454761, 11.9051356 ], [ 108.4458317, 11.9052982 ], [ 108.4461599, 11.9052967 ], [ 108.447109, 11.9049299 ], [ 108.4474335, 11.9049482 ], [ 108.4479278, 11.9051664 ] ], [ [ 108.4479278, 11.9051664 ], [ 108.4483478, 11.9050292 ] ] ] } },
{ "type": "Feature", "properties": { "edge_id": "E051", "from_node": "DL07", "to_node": "DL16", "from_name": "Thác Datanla", "to_name": "Hồ Tuyền Lâm", "distance_km": 1.442, "base_time_min": 2.36, "average_speed_kph": 36.7, "road_type": "primary|secondary|tertiary", "one_way_share": 0.6, "direction": "directed", "congestion_level": 1, "risk_score": 0, "closed": false, "backbone_edge": true, "data_source": "OpenStreetMap + modeled speeds" }, "geometry": { "type": "MultiLineString", "coordinates": [ [ [ 108.4483478, 11.9050292 ], [ 108.4481277, 11.9053821 ] ], [ [ 108.4481277, 11.9053821 ], [ 108.4479972, 11.905398 ], [ 108.4478959, 11.9053114 ] ], [ [ 108.4478959, 11.9053114 ], [ 108.447646, 11.905115 ], [ 108.4472561, 11.905019 ], [ 108.4469782, 11.9050578 ], [ 108.4461184, 11.905397 ], [ 108.4457901, 11.9053985 ], [ 108.4454198, 11.9052083 ], [ 108.4446851, 11.9046243 ], [ 108.44266, 11.9043514 ], [ 108.4421531, 11.9040098 ] ], [ [ 108.4421531, 11.9040098 ], [ 108.4416998, 11.9036034 ], [ 108.4406778, 11.9033514 ], [ 108.4404261, 11.9032197 ], [ 108.4402155, 11.9029849 ] ], [ [ 108.4402155, 11.9029849 ], [ 108.4398491, 11.9021677 ], [ 108.4390799, 11.9014358 ], [ 108.4381271, 11.9000219 ], [ 108.4379432, 11.8998559 ] ] ] } },
{ "type": "Feature", "properties": { "edge_id": "E052", "from_node": "DL16", "to_node": "DL07", "from_name": "Hồ Tuyền Lâm", "to_name": "Thác Datanla", "distance_km": 1.408, "base_time_min": 2.3, "average_speed_kph": 36.7, "road_type": "primary_link|secondary|tertiary", "one_way_share": 0.75, "direction": "directed", "congestion_level": 1, "risk_score": 0, "closed": false, "backbone_edge": true, "data_source": "OpenStreetMap + modeled speeds" }, "geometry": { "type": "MultiLineString", "coordinates": [ [ [ 108.4379432, 11.8998559 ], [ 108.4381271, 11.9000219 ], [ 108.4390799, 11.9014358 ], [ 108.4398491, 11.9021677 ], [ 108.4402155, 11.9029849 ] ], [ [ 108.4402155, 11.9029849 ], [ 108.4407341, 11.9032787 ], [ 108.4417561, 11.9035307 ], [ 108.4422114, 11.9039452 ] ], [ [ 108.4422114, 11.9039452 ], [ 108.4427162, 11.9042787 ], [ 108.4447414, 11.9045516 ], [ 108.4454761, 11.9051356 ], [ 108.4458317, 11.9052982 ], [ 108.4461599, 11.9052967 ], [ 108.447109, 11.9049299 ], [ 108.4474335, 11.9049482 ], [ 108.4479278, 11.9051664 ] ], [ [ 108.4479278, 11.9051664 ], [ 108.4483478, 11.9050292 ] ] ] } },
{ "type": "Feature", "properties": { "edge_id": "E053", "from_node": "DL07", "to_node": "DL24", "from_name": "Thác Datanla", "to_name": "Thiền viện Trúc Lâm Đà Lạt", "distance_km": 1.871, "base_time_min": 2.82, "average_speed_kph": 39.8, "road_type": "primary|secondary|tertiary", "one_way_share": 0.375, "direction": "directed", "congestion_level": 1, "risk_score": 0, "closed": false, "backbone_edge": false, "data_source": "OpenStreetMap + modeled speeds" }, "geometry": { "type": "MultiLineString", "coordinates": [ [ [ 108.4483478, 11.9050292 ], [ 108.4481277, 11.9053821 ] ], [ [ 108.4481277, 11.9053821 ], [ 108.4479972, 11.905398 ], [ 108.4478959, 11.9053114 ] ], [ [ 108.4478959, 11.9053114 ], [ 108.447646, 11.905115 ], [ 108.4472561, 11.905019 ], [ 108.4469782, 11.9050578 ], [ 108.4461184, 11.905397 ], [ 108.4457901, 11.9053985 ], [ 108.4454198, 11.9052083 ], [ 108.4446851, 11.9046243 ], [ 108.44266, 11.9043514 ], [ 108.4421531, 11.9040098 ] ], [ [ 108.4421531, 11.9040098 ], [ 108.4416998, 11.9036034 ], [ 108.4406778, 11.9033514 ], [ 108.4404261, 11.9032197 ], [ 108.4402155, 11.9029849 ] ], [ [ 108.4402155, 11.9029849 ], [ 108.4400383, 11.902888 ] ], [ [ 108.4400383, 11.902888 ], [ 108.4395612, 11.9027691 ], [ 108.439069, 11.9030152 ], [ 108.4365523, 11.9059946 ], [ 108.4360483, 11.9063328 ], [ 108.4347765, 11.9068994 ] ], [ [ 108.4347765, 11.9068994 ], [ 108.4344653, 11.906854 ], [ 108.4342711, 11.9066917 ] ], [ [ 108.4342711, 11.9066917 ], [ 108.4342369, 11.9065858 ] ] ] } },
{ "type": "Feature", "properties": { "edge_id": "E054", "from_node": "DL24", "to_node": "DL07", "from_name": "Thiền viện Trúc Lâm Đà Lạt", "to_name": "Thác Datanla", "distance_km": 1.837, "base_time_min": 2.77, "average_speed_kph": 39.8, "road_type": "primary_link|secondary|tertiary", "one_way_share": 0.429, "direction": "directed", "congestion_level": 1, "risk_score": 0, "closed": false, "backbone_edge": false, "data_source": "OpenStreetMap + modeled speeds" }, "geometry": { "type": "MultiLineString", "coordinates": [ [ [ 108.4342369, 11.9065858 ], [ 108.4342711, 11.9066917 ] ], [ [ 108.4342711, 11.9066917 ], [ 108.4344653, 11.906854 ], [ 108.4347765, 11.9068994 ] ], [ [ 108.4347765, 11.9068994 ], [ 108.4360483, 11.9063328 ], [ 108.4365523, 11.9059946 ], [ 108.439069, 11.9030152 ], [ 108.4395612, 11.9027691 ], [ 108.4400383, 11.902888 ] ], [ [ 108.4400383, 11.902888 ], [ 108.4402155, 11.9029849 ] ], [ [ 108.4402155, 11.9029849 ], [ 108.4407341, 11.9032787 ], [ 108.4417561, 11.9035307 ], [ 108.4422114, 11.9039452 ] ], [ [ 108.4422114, 11.9039452 ], [ 108.4427162, 11.9042787 ], [ 108.4447414, 11.9045516 ], [ 108.4454761, 11.9051356 ], [ 108.4458317, 11.9052982 ], [ 108.4461599, 11.9052967 ], [ 108.447109, 11.9049299 ], [ 108.4474335, 11.9049482 ], [ 108.4479278, 11.9051664 ] ], [ [ 108.4479278, 11.9051664 ], [ 108.4483478, 11.9050292 ] ] ] } },
{ "type": "Feature", "properties": { "edge_id": "E055", "from_node": "DL07", "to_node": "DL25", "from_name": "Thác Datanla", "to_name": "Bến xe Liên tỉnh Đà Lạt", "distance_km": 3.226, "base_time_min": 3.78, "average_speed_kph": 51.3, "road_type": "primary|tertiary", "one_way_share": 0.5, "direction": "directed", "congestion_level": 1, "risk_score": 0, "closed": false, "backbone_edge": false, "data_source": "OpenStreetMap + modeled speeds" }, "geometry": { "type": "MultiLineString", "coordinates": [ [ [ 108.4483478, 11.9050292 ], [ 108.4481277, 11.9053821 ] ], [ [ 108.4481277, 11.9053821 ], [ 108.4479955, 11.905682 ] ], [ [ 108.4479955, 11.905682 ], [ 108.4480509, 11.9061505 ], [ 108.448619, 11.907003 ], [ 108.4486949, 11.907275 ], [ 108.4485447, 11.9079495 ], [ 108.448706, 11.908423 ], [ 108.4486914, 11.9087067 ], [ 108.4480942, 11.9094093 ], [ 108.4479988, 11.9097693 ], [ 108.4481558, 11.9104927 ], [ 108.4486626, 11.9115941 ], [ 108.4486601, 11.9119177 ], [ 108.4485094, 11.9121681 ], [ 108.4480979, 11.9124731 ], [ 108.4479359, 11.9127038 ], [ 108.4479094, 11.9129591 ], [ 108.4480693, 11.9136143 ], [ 108.4480656, 11.913965 ], [ 108.4474343, 11.9156077 ], [ 108.4469569, 11.9171403 ], [ 108.4467155, 11.9175104 ], [ 108.4449451, 11.9195229 ], [ 108.4441727, 11.9207069 ], [ 108.4437609, 11.9211022 ], [ 108.4436524, 11.9213708 ], [ 108.443658, 11.9215881 ] ], [ [ 108.443658, 11.9215881 ], [ 108.4438911, 11.9220217 ], [ 108.44419, 11.92236 ], [ 108.4448667, 11.9228694 ], [ 108.4456764, 11.9238386 ], [ 108.4466806, 11.9247169 ] ], [ [ 108.4466806, 11.9247169 ], [ 108.4468953, 11.9250194 ], [ 108.4469307, 11.9255993 ] ], [ [ 108.4469307, 11.9255993 ], [ 108.4469317, 11.9256779 ] ], [ [ 108.4469317, 11.9256779 ], [ 108.446847, 11.9256887 ] ], [ [ 108.446847, 11.9256887 ], [ 108.4465804, 11.9258195 ] ], [ [ 108.4465804, 11.9258195 ], [ 108.4463951, 11.9259272 ] ], [ [ 108.4463951, 11.9259272 ], [ 108.4462122, 11.926156 ], [ 108.4460755, 11.9265721 ], [ 108.446403, 11.9276652 ], [ 108.4462555, 11.9280406 ], [ 108.4458057, 11.928275 ], [ 108.4453435, 11.9282938 ], [ 108.4449135, 11.9281951 ], [ 108.4446488, 11.9278217 ] ] ] } },
{ "type": "Feature", "properties": { "edge_id": "E056", "from_node": "DL25", "to_node": "DL07", "from_name": "Bến xe Liên tỉnh Đà Lạt", "to_name": "Thác Datanla", "distance_km": 3.21, "base_time_min": 3.75, "average_speed_kph": 51.3, "road_type": "primary|tertiary", "one_way_share": 0.444, "direction": "directed", "congestion_level": 1, "risk_score": 0, "closed": false, "backbone_edge": false, "data_source": "OpenStreetMap + modeled speeds" }, "geometry": { "type": "MultiLineString", "coordinates": [ [ [ 108.4446488, 11.9278217 ], [ 108.4449135, 11.9281951 ], [ 108.4453435, 11.9282938 ], [ 108.4458057, 11.928275 ], [ 108.4462555, 11.9280406 ], [ 108.446403, 11.9276652 ], [ 108.4460755, 11.9265721 ], [ 108.4462122, 11.926156 ], [ 108.4463951, 11.9259272 ] ], [ [ 108.4463951, 11.9259272 ], [ 108.4464737, 11.9258127 ] ], [ [ 108.4464737, 11.9258127 ], [ 108.4468465, 11.9256113 ] ], [ [ 108.4468465, 11.9256113 ], [ 108.4468438, 11.9253902 ] ], [ [ 108.4468438, 11.9253902 ], [ 108.4468254, 11.9250908 ], [ 108.4466806, 11.9247169 ] ], [ [ 108.4466806, 11.9247169 ], [ 108.4456764, 11.9238386 ], [ 108.4448667, 11.9228694 ], [ 108.44419, 11.92236 ], [ 108.4438911, 11.9220217 ], [ 108.443658, 11.9215881 ] ], [ [ 108.443658, 11.9215881 ], [ 108.4436524, 11.9213708 ], [ 108.4437609, 11.9211022 ], [ 108.4441727, 11.9207069 ], [ 108.4449451, 11.9195229 ], [ 108.4467155, 11.9175104 ], [ 108.4469569, 11.9171403 ], [ 108.4474343, 11.9156077 ], [ 108.4480656, 11.913965 ], [ 108.4480693, 11.9136143 ], [ 108.4479094, 11.9129591 ], [ 108.4479359, 11.9127038 ], [ 108.4480979, 11.9124731 ], [ 108.4485094, 11.9121681 ], [ 108.4486601, 11.9119177 ], [ 108.4486626, 11.9115941 ], [ 108.4481558, 11.9104927 ], [ 108.4479988, 11.9097693 ], [ 108.4480942, 11.9094093 ], [ 108.4486914, 11.9087067 ], [ 108.448706, 11.908423 ], [ 108.4485447, 11.9079495 ], [ 108.4486949, 11.907275 ], [ 108.448619, 11.907003 ], [ 108.4480509, 11.9061505 ], [ 108.4479955, 11.905682 ] ], [ [ 108.4479955, 11.905682 ], [ 108.4481277, 11.9053821 ] ], [ [ 108.4481277, 11.9053821 ], [ 108.4483478, 11.9050292 ] ] ] } },
{ "type": "Feature", "properties": { "edge_id": "E057", "from_node": "DL08", "to_node": "DL09", "from_name": "Devil Mountain Tourist Area", "to_name": "Làng Cu Lần", "distance_km": 12.358, "base_time_min": 18.54, "average_speed_kph": 40.0, "road_type": "secondary", "one_way_share": 0.0, "direction": "directed", "congestion_level": 1, "risk_score": 0, "closed": false, "backbone_edge": true, "data_source": "OpenStreetMap + modeled speeds" }, "geometry": { "type": "MultiLineString", "coordinates": [ [ [ 108.3435418, 11.9963307 ], [ 108.3444343, 11.9967069 ], [ 108.3446526, 11.9967214 ], [ 108.3448194, 11.9967097 ], [ 108.3454587, 11.9963346 ], [ 108.3459422, 11.9964145 ], [ 108.3461702, 11.9963489 ], [ 108.3463281, 11.9960188 ], [ 108.3462173, 11.9951395 ], [ 108.3463494, 11.9948978 ], [ 108.3465113, 11.9948478 ], [ 108.3474139, 11.9951576 ], [ 108.3481769, 11.9962012 ], [ 108.3492165, 11.996693 ], [ 108.349549, 11.9967091 ], [ 108.3499048, 11.9965805 ], [ 108.3507884, 11.9959472 ], [ 108.3515205, 11.9957598 ], [ 108.3520565, 11.9952297 ], [ 108.3539157, 11.9943688 ], [ 108.3545885, 11.9938417 ], [ 108.3553568, 11.9928306 ], [ 108.3553134, 11.9919898 ], [ 108.3556086, 11.9914492 ], [ 108.355684, 11.9908584 ], [ 108.3554156, 11.9895831 ], [ 108.355827, 11.9884827 ], [ 108.355827, 11.987595 ], [ 108.3559488, 11.9872468 ], [ 108.3564318, 11.9870582 ], [ 108.3580709, 11.9873891 ], [ 108.3591366, 11.9874988 ], [ 108.3598141, 11.9874363 ], [ 108.3603509, 11.9871654 ], [ 108.3607642, 11.9868528 ], [ 108.3616787, 11.985328 ], [ 108.3622155, 11.9849779 ], [ 108.3626988, 11.9849652 ], [ 108.3638577, 11.9853986 ], [ 108.3641985, 11.985382 ], [ 108.3648546, 11.9851861 ], [ 108.3650934, 11.9852344 ], [ 108.3656711, 11.9857908 ], [ 108.3661754, 11.9859994 ], [ 108.3668795, 11.9858303 ], [ 108.3679489, 11.9859303 ], [ 108.3684389, 11.9858011 ], [ 108.3691432, 11.9854488 ], [ 108.3696161, 11.9853655 ], [ 108.3699271, 11.9854697 ], [ 108.370971, 11.9861281 ], [ 108.3712351, 11.9861823 ], [ 108.3715973, 11.9861031 ], [ 108.3727221, 11.985628 ], [ 108.3732793, 11.9856207 ], [ 108.3735475, 11.9856862 ], [ 108.3735462, 11.9857877 ] ], [ [ 108.3735462, 11.9857877 ], [ 108.3730835, 11.9857518 ], [ 108.3726355, 11.9859224 ], [ 108.3723513, 11.9861627 ], [ 108.3719784, 11.9867706 ], [ 108.3714457, 11.987355 ], [ 108.370899, 11.9878791 ], [ 108.3697094, 11.9887943 ], [ 108.3694947, 11.9888714 ], [ 108.3689475, 11.9888872 ], [ 108.3682902, 11.989248 ], [ 108.3679283, 11.9893254 ], [ 108.3675367, 11.9892912 ], [ 108.367383, 11.9891028 ], [ 108.3673709, 11.9889182 ], [ 108.3675233, 11.9881808 ], [ 108.3673489, 11.9880082 ], [ 108.3666784, 11.9884044 ], [ 108.3654445, 11.9888321 ], [ 108.3652062, 11.9890459 ], [ 108.3652595, 11.9891843 ], [ 108.365364, 11.9892099 ], [ 108.365804, 11.9889607 ], [ 108.366563, 11.9888242 ], [ 108.3667052, 11.9889607 ], [ 108.36663, 11.9897137 ], [ 108.3667741, 11.9899436 ], [ 108.3676118, 11.9899734 ], [ 108.368175, 11.9900967 ], [ 108.3684181, 11.9902244 ], [ 108.3690865, 11.9910267 ], [ 108.3693874, 11.991259 ], [ 108.3696534, 11.9913439 ], [ 108.3709216, 11.9915975 ], [ 108.3716527, 11.9915762 ], [ 108.372764, 11.991828 ], [ 108.3733061, 11.9922927 ], [ 108.3735884, 11.9923439 ], [ 108.3740895, 11.9922955 ], [ 108.3744601, 11.99191 ], [ 108.3749479, 11.9917034 ], [ 108.3759331, 11.9918143 ], [ 108.3760866, 11.9919857 ], [ 108.3760688, 11.9921825 ], [ 108.3759293, 11.9923675 ], [ 108.3748893, 11.9925042 ], [ 108.3743092, 11.9929854 ], [ 108.3737513, 11.9931717 ], [ 108.3732029, 11.9932522 ], [ 108.3728356, 11.9934827 ], [ 108.3724815, 11.9947027 ], [ 108.3718286, 11.9963062 ], [ 108.370986, 11.9978785 ], [ 108.3709887, 11.998133 ], [ 108.3712461, 11.998599 ], [ 108.3711182, 11.9987211 ], [ 108.3707258, 11.9985632 ], [ 108.3704871, 11.9986419 ], [ 108.3700553, 11.9994605 ], [ 108.3696449, 11.9999983 ], [ 108.3697119, 12.0002738 ], [ 108.3700606, 12.0006595 ], [ 108.3700849, 12.0008015 ], [ 108.3700632, 12.0010157 ], [ 108.3698916, 12.0012865 ], [ 108.3698947, 12.0016032 ], [ 108.3715183, 12.0035628 ], [ 108.371815, 12.0036413 ], [ 108.3724102, 12.0032805 ], [ 108.3727421, 12.0031939 ], [ 108.3728796, 12.0032595 ], [ 108.3734067, 12.0039439 ], [ 108.3737028, 12.0039859 ], [ 108.3743132, 12.0038648 ], [ 108.3748859, 12.0039337 ], [ 108.375507, 12.0044871 ], [ 108.3760053, 12.0047771 ], [ 108.3761385, 12.0049595 ], [ 108.3762753, 12.0053531 ], [ 108.3762565, 12.0055734 ], [ 108.3756284, 12.0062366 ], [ 108.3755591, 12.0064444 ], [ 108.3757421, 12.0068775 ], [ 108.3756597, 12.0074624 ], [ 108.3759883, 12.0077982 ], [ 108.3760151, 12.0079963 ], [ 108.3755296, 12.0084842 ], [ 108.3754921, 12.0086495 ], [ 108.3755873, 12.0091598 ], [ 108.3760044, 12.0097579 ], [ 108.3760567, 12.0100373 ], [ 108.3758743, 12.0103417 ], [ 108.3752061, 12.0106961 ], [ 108.3750871, 12.01097 ], [ 108.3752963, 12.0115564 ], [ 108.3760282, 12.0120905 ], [ 108.376172, 12.0122883 ], [ 108.3761492, 12.0130557 ], [ 108.3760393, 12.0132826 ], [ 108.3758891, 12.0133416 ], [ 108.3749361, 12.013206 ], [ 108.374725, 12.0133055 ], [ 108.3744849, 12.013646 ], [ 108.3739105, 12.0137136 ], [ 108.3737283, 12.0138351 ], [ 108.3734107, 12.0146691 ], [ 108.3737027, 12.0154421 ], [ 108.3729672, 12.0175152 ], [ 108.3729172, 12.0190463 ], [ 108.3728332, 12.0194748 ], [ 108.3707031, 12.0212855 ], [ 108.3696775, 12.0228237 ], [ 108.3694129, 12.0233539 ], [ 108.3691286, 12.0235087 ], [ 108.3682691, 12.0236503 ] ] ] } },
{ "type": "Feature", "properties": { "edge_id": "E058", "from_node": "DL09", "to_node": "DL08", "from_name": "Làng Cu Lần", "to_name": "Devil Mountain Tourist Area", "distance_km": 12.358, "base_time_min": 18.54, "average_speed_kph": 40.0, "road_type": "secondary", "one_way_share": 0.0, "direction": "directed", "congestion_level": 1, "risk_score": 0, "closed": false, "backbone_edge": true, "data_source": "OpenStreetMap + modeled speeds" }, "geometry": { "type": "MultiLineString", "coordinates": [ [ [ 108.3682691, 12.0236503 ], [ 108.3691286, 12.0235087 ], [ 108.3694129, 12.0233539 ], [ 108.3696775, 12.0228237 ], [ 108.3707031, 12.0212855 ], [ 108.3728332, 12.0194748 ], [ 108.3729172, 12.0190463 ], [ 108.3729672, 12.0175152 ], [ 108.3737027, 12.0154421 ], [ 108.3734107, 12.0146691 ], [ 108.3737283, 12.0138351 ], [ 108.3739105, 12.0137136 ], [ 108.3744849, 12.013646 ], [ 108.374725, 12.0133055 ], [ 108.3749361, 12.013206 ], [ 108.3758891, 12.0133416 ], [ 108.3760393, 12.0132826 ], [ 108.3761492, 12.0130557 ], [ 108.376172, 12.0122883 ], [ 108.3760282, 12.0120905 ], [ 108.3752963, 12.0115564 ], [ 108.3750871, 12.01097 ], [ 108.3752061, 12.0106961 ], [ 108.3758743, 12.0103417 ], [ 108.3760567, 12.0100373 ], [ 108.3760044, 12.0097579 ], [ 108.3755873, 12.0091598 ], [ 108.3754921, 12.0086495 ], [ 108.3755296, 12.0084842 ], [ 108.3760151, 12.0079963 ], [ 108.3759883, 12.0077982 ], [ 108.3756597, 12.0074624 ], [ 108.3757421, 12.0068775 ], [ 108.3755591, 12.0064444 ], [ 108.3756284, 12.0062366 ], [ 108.3762565, 12.0055734 ], [ 108.3762753, 12.0053531 ], [ 108.3761385, 12.0049595 ], [ 108.3760053, 12.0047771 ], [ 108.375507, 12.0044871 ], [ 108.3748859, 12.0039337 ], [ 108.3743132, 12.0038648 ], [ 108.3737028, 12.0039859 ], [ 108.3734067, 12.0039439 ], [ 108.3728796, 12.0032595 ], [ 108.3727421, 12.0031939 ], [ 108.3724102, 12.0032805 ], [ 108.371815, 12.0036413 ], [ 108.3715183, 12.0035628 ], [ 108.3698947, 12.0016032 ], [ 108.3698916, 12.0012865 ], [ 108.3700632, 12.0010157 ], [ 108.3700849, 12.0008015 ], [ 108.3700606, 12.0006595 ], [ 108.3697119, 12.0002738 ], [ 108.3696449, 11.9999983 ], [ 108.3700553, 11.9994605 ], [ 108.3704871, 11.9986419 ], [ 108.3707258, 11.9985632 ], [ 108.3711182, 11.9987211 ], [ 108.3712461, 11.998599 ], [ 108.3709887, 11.998133 ], [ 108.370986, 11.9978785 ], [ 108.3718286, 11.9963062 ], [ 108.3724815, 11.9947027 ], [ 108.3728356, 11.9934827 ], [ 108.3732029, 11.9932522 ], [ 108.3737513, 11.9931717 ], [ 108.3743092, 11.9929854 ], [ 108.3748893, 11.9925042 ], [ 108.3759293, 11.9923675 ], [ 108.3760688, 11.9921825 ], [ 108.3760866, 11.9919857 ], [ 108.3759331, 11.9918143 ], [ 108.3749479, 11.9917034 ], [ 108.3744601, 11.99191 ], [ 108.3740895, 11.9922955 ], [ 108.3735884, 11.9923439 ], [ 108.3733061, 11.9922927 ], [ 108.372764, 11.991828 ], [ 108.3716527, 11.9915762 ], [ 108.3709216, 11.9915975 ], [ 108.3696534, 11.9913439 ], [ 108.3693874, 11.991259 ], [ 108.3690865, 11.9910267 ], [ 108.3684181, 11.9902244 ], [ 108.368175, 11.9900967 ], [ 108.3676118, 11.9899734 ], [ 108.3667741, 11.9899436 ], [ 108.36663, 11.9897137 ], [ 108.3667052, 11.9889607 ], [ 108.366563, 11.9888242 ], [ 108.365804, 11.9889607 ], [ 108.365364, 11.9892099 ], [ 108.3652595, 11.9891843 ], [ 108.3652062, 11.9890459 ], [ 108.3654445, 11.9888321 ], [ 108.3666784, 11.9884044 ], [ 108.3673489, 11.9880082 ], [ 108.3675233, 11.9881808 ], [ 108.3673709, 11.9889182 ], [ 108.367383, 11.9891028 ], [ 108.3675367, 11.9892912 ], [ 108.3679283, 11.9893254 ], [ 108.3682902, 11.989248 ], [ 108.3689475, 11.9888872 ], [ 108.3694947, 11.9888714 ], [ 108.3697094, 11.9887943 ], [ 108.370899, 11.9878791 ], [ 108.3714457, 11.987355 ], [ 108.3719784, 11.9867706 ], [ 108.3723513, 11.9861627 ], [ 108.3726355, 11.9859224 ], [ 108.3730835, 11.9857518 ], [ 108.3735462, 11.9857877 ] ], [ [ 108.3735462, 11.9857877 ], [ 108.3735475, 11.9856862 ], [ 108.3732793, 11.9856207 ], [ 108.3727221, 11.985628 ], [ 108.3715973, 11.9861031 ], [ 108.3712351, 11.9861823 ], [ 108.370971, 11.9861281 ], [ 108.3699271, 11.9854697 ], [ 108.3696161, 11.9853655 ], [ 108.3691432, 11.9854488 ], [ 108.3684389, 11.9858011 ], [ 108.3679489, 11.9859303 ], [ 108.3668795, 11.9858303 ], [ 108.3661754, 11.9859994 ], [ 108.3656711, 11.9857908 ], [ 108.3650934, 11.9852344 ], [ 108.3648546, 11.9851861 ], [ 108.3641985, 11.985382 ], [ 108.3638577, 11.9853986 ], [ 108.3626988, 11.9849652 ], [ 108.3622155, 11.9849779 ], [ 108.3616787, 11.985328 ], [ 108.3607642, 11.9868528 ], [ 108.3603509, 11.9871654 ], [ 108.3598141, 11.9874363 ], [ 108.3591366, 11.9874988 ], [ 108.3580709, 11.9873891 ], [ 108.3564318, 11.9870582 ], [ 108.3559488, 11.9872468 ], [ 108.355827, 11.987595 ], [ 108.355827, 11.9884827 ], [ 108.3554156, 11.9895831 ], [ 108.355684, 11.9908584 ], [ 108.3556086, 11.9914492 ], [ 108.3553134, 11.9919898 ], [ 108.3553568, 11.9928306 ], [ 108.3545885, 11.9938417 ], [ 108.3539157, 11.9943688 ], [ 108.3520565, 11.9952297 ], [ 108.3515205, 11.9957598 ], [ 108.3507884, 11.9959472 ], [ 108.3499048, 11.9965805 ], [ 108.349549, 11.9967091 ], [ 108.3492165, 11.996693 ], [ 108.3481769, 11.9962012 ], [ 108.3474139, 11.9951576 ], [ 108.3465113, 11.9948478 ], [ 108.3463494, 11.9948978 ], [ 108.3462173, 11.9951395 ], [ 108.3463281, 11.9960188 ], [ 108.3461702, 11.9963489 ], [ 108.3459422, 11.9964145 ], [ 108.3454587, 11.9963346 ], [ 108.3448194, 11.9967097 ], [ 108.3446526, 11.9967214 ], [ 108.3444343, 11.9967069 ], [ 108.3435418, 11.9963307 ] ] ] } },
{ "type": "Feature", "properties": { "edge_id": "E059", "from_node": "DL08", "to_node": "DL18", "from_name": "Devil Mountain Tourist Area", "to_name": "Làng Cổ Tích", "distance_km": 18.629, "base_time_min": 29.5, "average_speed_kph": 37.9, "road_type": "primary|primary_link|residential|secondary|tertiary|unclassified", "one_way_share": 0.094, "direction": "directed", "congestion_level": 1, "risk_score": 0, "closed": false, "backbone_edge": false, "data_source": "OpenStreetMap + modeled speeds" }, "geometry": { "type": "MultiLineString", "coordinates": [ [ [ 108.3435418, 11.9963307 ], [ 108.3444343, 11.9967069 ], [ 108.3446526, 11.9967214 ], [ 108.3448194, 11.9967097 ], [ 108.3454587, 11.9963346 ], [ 108.3459422, 11.9964145 ], [ 108.3461702, 11.9963489 ], [ 108.3463281, 11.9960188 ], [ 108.3462173, 11.9951395 ], [ 108.3463494, 11.9948978 ], [ 108.3465113, 11.9948478 ], [ 108.3474139, 11.9951576 ], [ 108.3481769, 11.9962012 ], [ 108.3492165, 11.996693 ], [ 108.349549, 11.9967091 ], [ 108.3499048, 11.9965805 ], [ 108.3507884, 11.9959472 ], [ 108.3515205, 11.9957598 ], [ 108.3520565, 11.9952297 ], [ 108.3539157, 11.9943688 ], [ 108.3545885, 11.9938417 ], [ 108.3553568, 11.9928306 ], [ 108.3553134, 11.9919898 ], [ 108.3556086, 11.9914492 ], [ 108.355684, 11.9908584 ], [ 108.3554156, 11.9895831 ], [ 108.355827, 11.9884827 ], [ 108.355827, 11.987595 ], [ 108.3559488, 11.9872468 ], [ 108.3564318, 11.9870582 ], [ 108.3580709, 11.9873891 ], [ 108.3591366, 11.9874988 ], [ 108.3598141, 11.9874363 ], [ 108.3603509, 11.9871654 ], [ 108.3607642, 11.9868528 ], [ 108.3616787, 11.985328 ], [ 108.3622155, 11.9849779 ], [ 108.3626988, 11.9849652 ], [ 108.3638577, 11.9853986 ], [ 108.3641985, 11.985382 ], [ 108.3648546, 11.9851861 ], [ 108.3650934, 11.9852344 ], [ 108.3656711, 11.9857908 ], [ 108.3661754, 11.9859994 ], [ 108.3668795, 11.9858303 ], [ 108.3679489, 11.9859303 ], [ 108.3684389, 11.9858011 ], [ 108.3691432, 11.9854488 ], [ 108.3696161, 11.9853655 ], [ 108.3699271, 11.9854697 ], [ 108.370971, 11.9861281 ], [ 108.3712351, 11.9861823 ], [ 108.3715973, 11.9861031 ], [ 108.3727221, 11.985628 ], [ 108.3732793, 11.9856207 ], [ 108.3735475, 11.9856862 ], [ 108.3735462, 11.9857877 ] ], [ [ 108.3735462, 11.9857877 ], [ 108.3761526, 11.9877958 ], [ 108.3770365, 11.9888072 ], [ 108.3780873, 11.9892493 ], [ 108.3786121, 11.9893427 ], [ 108.3814685, 11.9902131 ], [ 108.3816203, 11.9902981 ], [ 108.3821156, 11.9909548 ], [ 108.3823078, 11.9910855 ], [ 108.3825263, 11.9911137 ], [ 108.3830971, 11.9909173 ] ], [ [ 108.3830971, 11.9909173 ], [ 108.3833372, 11.9908642 ] ], [ [ 108.3833372, 11.9908642 ], [ 108.3836193, 11.9908792 ], [ 108.3838123, 11.9909783 ], [ 108.3842271, 11.991346 ], [ 108.3846524, 11.9914086 ], [ 108.3849616, 11.9912472 ], [ 108.386427, 11.9897202 ], [ 108.386703, 11.9895873 ], [ 108.3870602, 11.9895398 ], [ 108.387967, 11.9898593 ], [ 108.3881856, 11.9901033 ], [ 108.3883876, 11.9905865 ], [ 108.3885773, 11.9906503 ], [ 108.3887144, 11.9905124 ], [ 108.3885672, 11.9898283 ], [ 108.3886001, 11.9896887 ], [ 108.3892384, 11.9892506 ], [ 108.3910637, 11.9887835 ], [ 108.3924277, 11.9886439 ], [ 108.3932622, 11.9882609 ] ], [ [ 108.3932622, 11.9882609 ], [ 108.3934329, 11.9880489 ], [ 108.3944406, 11.9851431 ], [ 108.3949327, 11.9845685 ], [ 108.3951741, 11.9840018 ], [ 108.3954518, 11.9838365 ], [ 108.3965492, 11.9835938 ], [ 108.3969846, 11.9834167 ], [ 108.3983569, 11.982485 ] ], [ [ 108.3983569, 11.982485 ], [ 108.3982788, 11.9822675 ], [ 108.3982868, 11.9816273 ], [ 108.3981849, 11.9814017 ], [ 108.3970455, 11.9810168 ] ], [ [ 108.3970455, 11.9810168 ], [ 108.396581, 11.9805384 ], [ 108.3964286, 11.9800499 ], [ 108.3965729, 11.9794705 ], [ 108.3970474, 11.9788695 ] ], [ [ 108.3970474, 11.9788695 ], [ 108.3972924, 11.9785734 ] ], [ [ 108.3972924, 11.9785734 ], [ 108.3971456, 11.9772154 ], [ 108.3968523, 11.9763087 ] ], [ [ 108.3968523, 11.9763087 ], [ 108.3968409, 11.9762517 ] ], [ [ 108.3968409, 11.9762517 ], [ 108.396652, 11.9755086 ], [ 108.3964763, 11.9752061 ], [ 108.3957884, 11.9747149 ], [ 108.3948656, 11.9738365 ], [ 108.3939859, 11.9734462 ], [ 108.3924731, 11.9719441 ], [ 108.3923498, 11.9715085 ], [ 108.3925576, 11.9702831 ] ], [ [ 108.3925576, 11.9702831 ], [ 108.3925228, 11.9698332 ], [ 108.3921947, 11.969218 ] ], [ [ 108.3921947, 11.969218 ], [ 108.3920157, 11.9682169 ], [ 108.3920551, 11.9676148 ], [ 108.3922357, 11.9673911 ], [ 108.3926263, 11.9671959 ], [ 108.3935644, 11.9669195 ], [ 108.3937372, 11.9666505 ], [ 108.3937125, 11.9663434 ], [ 108.3935037, 11.9661125 ], [ 108.3931504, 11.9659406 ], [ 108.3917952, 11.9655855 ], [ 108.3901168, 11.9650275 ], [ 108.3893296, 11.9641944 ], [ 108.3890654, 11.9637916 ], [ 108.3889286, 11.9628089 ], [ 108.3884002, 11.961287 ], [ 108.3887025, 11.9608685 ], [ 108.3892483, 11.9606429 ], [ 108.3895125, 11.9606179 ] ], [ [ 108.3895125, 11.9606179 ], [ 108.3906372, 11.9608462 ], [ 108.3910851, 11.9606796 ], [ 108.3916189, 11.9601941 ], [ 108.3921781, 11.9601771 ], [ 108.3923637, 11.9602125 ], [ 108.3926153, 11.9603936 ], [ 108.393369, 11.9612561 ], [ 108.3936936, 11.9614812 ], [ 108.3943641, 11.9615232 ], [ 108.3950937, 11.9611913 ], [ 108.3952412, 11.9609931 ], [ 108.3956722, 11.9597573 ], [ 108.3964696, 11.9592487 ], [ 108.3971335, 11.9589792 ], [ 108.397454, 11.9585253 ], [ 108.397568, 11.9579861 ], [ 108.3973902, 11.9569601 ], [ 108.3974545, 11.955879 ], [ 108.3981644, 11.9532856 ] ], [ [ 108.3981644, 11.9532856 ], [ 108.3983364, 11.9526572 ], [ 108.3989335, 11.9514846 ] ], [ [ 108.3989335, 11.9514846 ], [ 108.399922, 11.9505872 ], [ 108.4000742, 11.9503612 ], [ 108.4003478, 11.9498341 ], [ 108.4007275, 11.9483801 ], [ 108.4009956, 11.9481248 ], [ 108.4013395, 11.9480904 ], [ 108.4021103, 11.9487035 ], [ 108.4029606, 11.9487337 ], [ 108.4039865, 11.9493884 ], [ 108.4043258, 11.9494684 ], [ 108.4044814, 11.9494435 ], [ 108.4050795, 11.949038 ], [ 108.4066158, 11.9489449 ], [ 108.4084674, 11.9483625 ] ], [ [ 108.4084674, 11.9483625 ], [ 108.4102512, 11.9480239 ], [ 108.4112403, 11.9473765 ], [ 108.4121104, 11.9471111 ] ], [ [ 108.4121104, 11.9471111 ], [ 108.4124499, 11.9469277 ] ], [ [ 108.4124499, 11.9469277 ], [ 108.412765, 11.9468762 ], [ 108.4141077, 11.947411 ], [ 108.4146328, 11.94746 ] ], [ [ 108.4146328, 11.94746 ], [ 108.4150583, 11.947313 ], [ 108.4154377, 11.946609 ], [ 108.415648, 11.9464208 ], [ 108.4167513, 11.9464518 ] ], [ [ 108.4167513, 11.9464518 ], [ 108.4173079, 11.9458231 ], [ 108.4181435, 11.9453117 ], [ 108.4183246, 11.9449839 ], [ 108.4183566, 11.9446586 ] ], [ [ 108.4183566, 11.9446586 ], [ 108.4183161, 11.9444433 ], [ 108.4181508, 11.9442481 ], [ 108.4168371, 11.9436731 ], [ 108.4166555, 11.943336 ], [ 108.4167296, 11.9428686 ], [ 108.4178812, 11.9412453 ] ], [ [ 108.4178812, 11.9412453 ], [ 108.4179507, 11.9410144 ] ], [ [ 108.4179507, 11.9410144 ], [ 108.4179399, 11.9409859 ] ], [ [ 108.4179399, 11.9409859 ], [ 108.4177355, 11.9408589 ] ], [ [ 108.4177355, 11.9408589 ], [ 108.4168326, 11.9408254 ], [ 108.4157694, 11.9411382 ], [ 108.4138301, 11.940945 ], [ 108.4133412, 11.9406853 ] ], [ [ 108.4133412, 11.9406853 ], [ 108.412943, 11.9404538 ] ], [ [ 108.412943, 11.9404538 ], [ 108.4127968, 11.9404951 ], [ 108.4113976, 11.9403102 ] ], [ [ 108.4113976, 11.9403102 ], [ 108.4113371, 11.9405319 ], [ 108.410522, 11.9411676 ], [ 108.4096207, 11.9416767 ], [ 108.4086442, 11.9427375 ] ], [ [ 108.4086442, 11.9427375 ], [ 108.4085315, 11.942832 ], [ 108.4082419, 11.9427349 ], [ 108.4075499, 11.9428609 ], [ 108.4073245, 11.9431364 ] ], [ [ 108.4073245, 11.9431364 ], [ 108.4075767, 11.9434618 ], [ 108.4075992, 11.9437461 ] ], [ [ 108.4075992, 11.9437461 ], [ 108.4073712, 11.9436479 ], [ 108.4070861, 11.9438989 ], [ 108.4067028, 11.9440787 ], [ 108.4060914, 11.9449402 ], [ 108.4055466, 11.9460094 ], [ 108.4052393, 11.9462418 ], [ 108.4042954, 11.9466974 ], [ 108.4036935, 11.9464278 ], [ 108.4034686, 11.9465424 ], [ 108.4033546, 11.9464371 ], [ 108.4030441, 11.9465393 ] ] ] } },
{ "type": "Feature", "properties": { "edge_id": "E060", "from_node": "DL18", "to_node": "DL08", "from_name": "Làng Cổ Tích", "to_name": "Devil Mountain Tourist Area", "distance_km": 18.66, "base_time_min": 29.54, "average_speed_kph": 37.9, "road_type": "primary|primary_link|residential|secondary|tertiary|unclassified", "one_way_share": 0.147, "direction": "directed", "congestion_level": 1, "risk_score": 0, "closed": false, "backbone_edge": false, "data_source": "OpenStreetMap + modeled speeds" }, "geometry": { "type": "MultiLineString", "coordinates": [ [ [ 108.4030441, 11.9465393 ], [ 108.4033546, 11.9464371 ], [ 108.4034686, 11.9465424 ], [ 108.4036935, 11.9464278 ], [ 108.4042954, 11.9466974 ], [ 108.4052393, 11.9462418 ], [ 108.4055466, 11.9460094 ], [ 108.4060914, 11.9449402 ], [ 108.4067028, 11.9440787 ], [ 108.4070861, 11.9438989 ], [ 108.4073712, 11.9436479 ], [ 108.4075992, 11.9437461 ] ], [ [ 108.4075992, 11.9437461 ], [ 108.4075767, 11.9434618 ], [ 108.4073245, 11.9431364 ] ], [ [ 108.4073245, 11.9431364 ], [ 108.4075499, 11.9428609 ], [ 108.4082419, 11.9427349 ], [ 108.4085315, 11.942832 ], [ 108.4086442, 11.9427375 ] ], [ [ 108.4086442, 11.9427375 ], [ 108.4096207, 11.9416767 ], [ 108.410522, 11.9411676 ], [ 108.4113371, 11.9405319 ], [ 108.4113976, 11.9403102 ] ], [ [ 108.4113976, 11.9403102 ], [ 108.4127968, 11.9404951 ], [ 108.412943, 11.9404538 ] ], [ [ 108.412943, 11.9404538 ], [ 108.4133412, 11.9406853 ] ], [ [ 108.4133412, 11.9406853 ], [ 108.4138301, 11.940945 ], [ 108.4157694, 11.9411382 ], [ 108.4168326, 11.9408254 ], [ 108.4177355, 11.9408589 ] ], [ [ 108.4177355, 11.9408589 ], [ 108.4179965, 11.9408884 ] ], [ [ 108.4179965, 11.9408884 ], [ 108.4180576, 11.9408879 ] ], [ [ 108.4180576, 11.9408879 ], [ 108.4181025, 11.9410212 ] ], [ [ 108.4181025, 11.9410212 ], [ 108.4180587, 11.941052 ] ], [ [ 108.4180587, 11.941052 ], [ 108.4178812, 11.9412453 ] ], [ [ 108.4178812, 11.9412453 ], [ 108.4167296, 11.9428686 ], [ 108.4166555, 11.943336 ], [ 108.4168371, 11.9436731 ], [ 108.4181508, 11.9442481 ], [ 108.4183161, 11.9444433 ], [ 108.4183566, 11.9446586 ] ], [ [ 108.4183566, 11.9446586 ], [ 108.4183246, 11.9449839 ], [ 108.4181435, 11.9453117 ], [ 108.4173079, 11.9458231 ], [ 108.4167513, 11.9464518 ] ], [ [ 108.4167513, 11.9464518 ], [ 108.415648, 11.9464208 ], [ 108.4154377, 11.946609 ], [ 108.4150583, 11.947313 ], [ 108.4146328, 11.94746 ] ], [ [ 108.4146328, 11.94746 ], [ 108.4141077, 11.947411 ], [ 108.412765, 11.9468762 ], [ 108.4124499, 11.9469277 ] ], [ [ 108.4124499, 11.9469277 ], [ 108.4121104, 11.9471111 ] ], [ [ 108.4121104, 11.9471111 ], [ 108.4112403, 11.9473765 ], [ 108.4102512, 11.9480239 ], [ 108.4084674, 11.9483625 ] ], [ [ 108.4084674, 11.9483625 ], [ 108.4066158, 11.9489449 ], [ 108.4050795, 11.949038 ], [ 108.4044814, 11.9494435 ], [ 108.4043258, 11.9494684 ], [ 108.4039865, 11.9493884 ], [ 108.4029606, 11.9487337 ], [ 108.4021103, 11.9487035 ], [ 108.4013395, 11.9480904 ], [ 108.4009956, 11.9481248 ], [ 108.4007275, 11.9483801 ], [ 108.4003478, 11.9498341 ], [ 108.4000742, 11.9503612 ], [ 108.399922, 11.9505872 ], [ 108.3989335, 11.9514846 ] ], [ [ 108.3989335, 11.9514846 ], [ 108.3983364, 11.9526572 ], [ 108.3981644, 11.9532856 ] ], [ [ 108.3981644, 11.9532856 ], [ 108.3974545, 11.955879 ], [ 108.3973902, 11.9569601 ], [ 108.397568, 11.9579861 ], [ 108.397454, 11.9585253 ], [ 108.3971335, 11.9589792 ], [ 108.3964696, 11.9592487 ], [ 108.3956722, 11.9597573 ], [ 108.3952412, 11.9609931 ], [ 108.3950937, 11.9611913 ], [ 108.3943641, 11.9615232 ], [ 108.3936936, 11.9614812 ], [ 108.393369, 11.9612561 ], [ 108.3926153, 11.9603936 ], [ 108.3923637, 11.9602125 ], [ 108.3921781, 11.9601771 ], [ 108.3916189, 11.9601941 ], [ 108.3910851, 11.9606796 ], [ 108.3906372, 11.9608462 ], [ 108.3895125, 11.9606179 ] ], [ [ 108.3895125, 11.9606179 ], [ 108.3892483, 11.9606429 ], [ 108.3887025, 11.9608685 ], [ 108.3884002, 11.961287 ], [ 108.3889286, 11.9628089 ], [ 108.3890654, 11.9637916 ], [ 108.3893296, 11.9641944 ], [ 108.3901168, 11.9650275 ], [ 108.3917952, 11.9655855 ], [ 108.3931504, 11.9659406 ], [ 108.3935037, 11.9661125 ], [ 108.3937125, 11.9663434 ], [ 108.3937372, 11.9666505 ], [ 108.3935644, 11.9669195 ], [ 108.3926263, 11.9671959 ], [ 108.3922357, 11.9673911 ], [ 108.3920551, 11.9676148 ], [ 108.3920157, 11.9682169 ], [ 108.3921947, 11.969218 ] ], [ [ 108.3921947, 11.969218 ], [ 108.3925228, 11.9698332 ], [ 108.3925576, 11.9702831 ] ], [ [ 108.3925576, 11.9702831 ], [ 108.3923498, 11.9715085 ], [ 108.3924731, 11.9719441 ], [ 108.3939859, 11.9734462 ], [ 108.3948656, 11.9738365 ], [ 108.3957884, 11.9747149 ], [ 108.3964763, 11.9752061 ], [ 108.396652, 11.9755086 ], [ 108.3968409, 11.9762517 ] ], [ [ 108.3968409, 11.9762517 ], [ 108.3968523, 11.9763087 ] ], [ [ 108.3968523, 11.9763087 ], [ 108.3971456, 11.9772154 ], [ 108.3972924, 11.9785734 ] ], [ [ 108.3972924, 11.9785734 ], [ 108.3970474, 11.9788695 ] ], [ [ 108.3970474, 11.9788695 ], [ 108.3965729, 11.9794705 ], [ 108.3964286, 11.9800499 ], [ 108.396581, 11.9805384 ], [ 108.3970455, 11.9810168 ] ], [ [ 108.3970455, 11.9810168 ], [ 108.3981849, 11.9814017 ], [ 108.3982868, 11.9816273 ], [ 108.3982788, 11.9822675 ], [ 108.3983569, 11.982485 ] ], [ [ 108.3983569, 11.982485 ], [ 108.3969846, 11.9834167 ], [ 108.3965492, 11.9835938 ], [ 108.3954518, 11.9838365 ], [ 108.3951741, 11.9840018 ], [ 108.3949327, 11.9845685 ], [ 108.3944406, 11.9851431 ], [ 108.3934329, 11.9880489 ], [ 108.3932622, 11.9882609 ] ], [ [ 108.3932622, 11.9882609 ], [ 108.3924277, 11.9886439 ], [ 108.3910637, 11.9887835 ], [ 108.3892384, 11.9892506 ], [ 108.3886001, 11.9896887 ], [ 108.3885672, 11.9898283 ], [ 108.3887144, 11.9905124 ], [ 108.3885773, 11.9906503 ], [ 108.3883876, 11.9905865 ], [ 108.3881856, 11.9901033 ], [ 108.387967, 11.9898593 ], [ 108.3870602, 11.9895398 ], [ 108.386703, 11.9895873 ], [ 108.386427, 11.9897202 ], [ 108.3849616, 11.9912472 ], [ 108.3846524, 11.9914086 ], [ 108.3842271, 11.991346 ], [ 108.3838123, 11.9909783 ], [ 108.3836193, 11.9908792 ], [ 108.3833372, 11.9908642 ] ], [ [ 108.3833372, 11.9908642 ], [ 108.3830971, 11.9909173 ] ], [ [ 108.3830971, 11.9909173 ], [ 108.3825263, 11.9911137 ], [ 108.3823078, 11.9910855 ], [ 108.3821156, 11.9909548 ], [ 108.3816203, 11.9902981 ], [ 108.3814685, 11.9902131 ], [ 108.3786121, 11.9893427 ], [ 108.3780873, 11.9892493 ], [ 108.3770365, 11.9888072 ], [ 108.3761526, 11.9877958 ], [ 108.3735462, 11.9857877 ] ], [ [ 108.3735462, 11.9857877 ], [ 108.3735475, 11.9856862 ], [ 108.3732793, 11.9856207 ], [ 108.3727221, 11.985628 ], [ 108.3715973, 11.9861031 ], [ 108.3712351, 11.9861823 ], [ 108.370971, 11.9861281 ], [ 108.3699271, 11.9854697 ], [ 108.3696161, 11.9853655 ], [ 108.3691432, 11.9854488 ], [ 108.3684389, 11.9858011 ], [ 108.3679489, 11.9859303 ], [ 108.3668795, 11.9858303 ], [ 108.3661754, 11.9859994 ], [ 108.3656711, 11.9857908 ], [ 108.3650934, 11.9852344 ], [ 108.3648546, 11.9851861 ], [ 108.3641985, 11.985382 ], [ 108.3638577, 11.9853986 ], [ 108.3626988, 11.9849652 ], [ 108.3622155, 11.9849779 ], [ 108.3616787, 11.985328 ], [ 108.3607642, 11.9868528 ], [ 108.3603509, 11.9871654 ], [ 108.3598141, 11.9874363 ], [ 108.3591366, 11.9874988 ], [ 108.3580709, 11.9873891 ], [ 108.3564318, 11.9870582 ], [ 108.3559488, 11.9872468 ], [ 108.355827, 11.987595 ], [ 108.355827, 11.9884827 ], [ 108.3554156, 11.9895831 ], [ 108.355684, 11.9908584 ], [ 108.3556086, 11.9914492 ], [ 108.3553134, 11.9919898 ], [ 108.3553568, 11.9928306 ], [ 108.3545885, 11.9938417 ], [ 108.3539157, 11.9943688 ], [ 108.3520565, 11.9952297 ], [ 108.3515205, 11.9957598 ], [ 108.3507884, 11.9959472 ], [ 108.3499048, 11.9965805 ], [ 108.349549, 11.9967091 ], [ 108.3492165, 11.996693 ], [ 108.3481769, 11.9962012 ], [ 108.3474139, 11.9951576 ], [ 108.3465113, 11.9948478 ], [ 108.3463494, 11.9948978 ], [ 108.3462173, 11.9951395 ], [ 108.3463281, 11.9960188 ], [ 108.3461702, 11.9963489 ], [ 108.3459422, 11.9964145 ], [ 108.3454587, 11.9963346 ], [ 108.3448194, 11.9967097 ], [ 108.3446526, 11.9967214 ], [ 108.3444343, 11.9967069 ], [ 108.3435418, 11.9963307 ] ] ] } },
{ "type": "Feature", "properties": { "edge_id": "E061", "from_node": "DL08", "to_node": "DL20", "from_name": "Devil Mountain Tourist Area", "to_name": "Thác Ankroet", "distance_km": 4.509, "base_time_min": 6.76, "average_speed_kph": 40.0, "road_type": "secondary", "one_way_share": 0.0, "direction": "directed", "congestion_level": 1, "risk_score": 0, "closed": false, "backbone_edge": true, "data_source": "OpenStreetMap + modeled speeds" }, "geometry": { "type": "LineString", "coordinates": [ [ 108.3435418, 11.9963307 ], [ 108.3444343, 11.9967069 ], [ 108.3446526, 11.9967214 ], [ 108.3448194, 11.9967097 ], [ 108.3454587, 11.9963346 ], [ 108.3459422, 11.9964145 ], [ 108.3461702, 11.9963489 ], [ 108.3463281, 11.9960188 ], [ 108.3462173, 11.9951395 ], [ 108.3463494, 11.9948978 ], [ 108.3465113, 11.9948478 ], [ 108.3474139, 11.9951576 ], [ 108.3481769, 11.9962012 ], [ 108.3492165, 11.996693 ], [ 108.349549, 11.9967091 ], [ 108.3499048, 11.9965805 ], [ 108.3507884, 11.9959472 ], [ 108.3515205, 11.9957598 ], [ 108.3520565, 11.9952297 ], [ 108.3539157, 11.9943688 ], [ 108.3545885, 11.9938417 ], [ 108.3553568, 11.9928306 ], [ 108.3553134, 11.9919898 ], [ 108.3556086, 11.9914492 ], [ 108.355684, 11.9908584 ], [ 108.3554156, 11.9895831 ], [ 108.355827, 11.9884827 ], [ 108.355827, 11.987595 ], [ 108.3559488, 11.9872468 ], [ 108.3564318, 11.9870582 ], [ 108.3580709, 11.9873891 ], [ 108.3591366, 11.9874988 ], [ 108.3598141, 11.9874363 ], [ 108.3603509, 11.9871654 ], [ 108.3607642, 11.9868528 ], [ 108.3616787, 11.985328 ], [ 108.3622155, 11.9849779 ], [ 108.3626988, 11.9849652 ], [ 108.3638577, 11.9853986 ], [ 108.3641985, 11.985382 ], [ 108.3648546, 11.9851861 ], [ 108.3650934, 11.9852344 ], [ 108.3656711, 11.9857908 ], [ 108.3661754, 11.9859994 ], [ 108.3668795, 11.9858303 ], [ 108.3679489, 11.9859303 ], [ 108.3684389, 11.9858011 ], [ 108.3691432, 11.9854488 ], [ 108.3696161, 11.9853655 ], [ 108.3699271, 11.9854697 ], [ 108.370971, 11.9861281 ], [ 108.3712351, 11.9861823 ], [ 108.3715973, 11.9861031 ], [ 108.3727221, 11.985628 ], [ 108.3732793, 11.9856207 ], [ 108.3735475, 11.9856862 ], [ 108.3735462, 11.9857877 ] ] } },
{ "type": "Feature", "properties": { "edge_id": "E062", "from_node": "DL20", "to_node": "DL08", "from_name": "Thác Ankroet", "to_name": "Devil Mountain Tourist Area", "distance_km": 4.509, "base_time_min": 6.76, "average_speed_kph": 40.0, "road_type": "secondary", "one_way_share": 0.0, "direction": "directed", "congestion_level": 1, "risk_score": 0, "closed": false, "backbone_edge": true, "data_source": "OpenStreetMap + modeled speeds" }, "geometry": { "type": "LineString", "coordinates": [ [ 108.3735462, 11.9857877 ], [ 108.3735475, 11.9856862 ], [ 108.3732793, 11.9856207 ], [ 108.3727221, 11.985628 ], [ 108.3715973, 11.9861031 ], [ 108.3712351, 11.9861823 ], [ 108.370971, 11.9861281 ], [ 108.3699271, 11.9854697 ], [ 108.3696161, 11.9853655 ], [ 108.3691432, 11.9854488 ], [ 108.3684389, 11.9858011 ], [ 108.3679489, 11.9859303 ], [ 108.3668795, 11.9858303 ], [ 108.3661754, 11.9859994 ], [ 108.3656711, 11.9857908 ], [ 108.3650934, 11.9852344 ], [ 108.3648546, 11.9851861 ], [ 108.3641985, 11.985382 ], [ 108.3638577, 11.9853986 ], [ 108.3626988, 11.9849652 ], [ 108.3622155, 11.9849779 ], [ 108.3616787, 11.985328 ], [ 108.3607642, 11.9868528 ], [ 108.3603509, 11.9871654 ], [ 108.3598141, 11.9874363 ], [ 108.3591366, 11.9874988 ], [ 108.3580709, 11.9873891 ], [ 108.3564318, 11.9870582 ], [ 108.3559488, 11.9872468 ], [ 108.355827, 11.987595 ], [ 108.355827, 11.9884827 ], [ 108.3554156, 11.9895831 ], [ 108.355684, 11.9908584 ], [ 108.3556086, 11.9914492 ], [ 108.3553134, 11.9919898 ], [ 108.3553568, 11.9928306 ], [ 108.3545885, 11.9938417 ], [ 108.3539157, 11.9943688 ], [ 108.3520565, 11.9952297 ], [ 108.3515205, 11.9957598 ], [ 108.3507884, 11.9959472 ], [ 108.3499048, 11.9965805 ], [ 108.349549, 11.9967091 ], [ 108.3492165, 11.996693 ], [ 108.3481769, 11.9962012 ], [ 108.3474139, 11.9951576 ], [ 108.3465113, 11.9948478 ], [ 108.3463494, 11.9948978 ], [ 108.3462173, 11.9951395 ], [ 108.3463281, 11.9960188 ], [ 108.3461702, 11.9963489 ], [ 108.3459422, 11.9964145 ], [ 108.3454587, 11.9963346 ], [ 108.3448194, 11.9967097 ], [ 108.3446526, 11.9967214 ], [ 108.3444343, 11.9967069 ], [ 108.3435418, 11.9963307 ] ] } },
{ "type": "Feature", "properties": { "edge_id": "E063", "from_node": "DL09", "to_node": "DL19", "from_name": "Làng Cu Lần", "to_name": "Làng Đồng trụ LangBiang", "distance_km": 22.268, "base_time_min": 35.31, "average_speed_kph": 37.8, "road_type": "living_street|residential|secondary|tertiary", "one_way_share": 0.137, "direction": "directed", "congestion_level": 1, "risk_score": 0, "closed": false, "backbone_edge": false, "data_source": "OpenStreetMap + modeled speeds" }, "geometry": { "type": "MultiLineString", "coordinates": [ [ [ 108.3682691, 12.0236503 ], [ 108.3691286, 12.0235087 ], [ 108.3694129, 12.0233539 ], [ 108.3696775, 12.0228237 ], [ 108.3707031, 12.0212855 ], [ 108.3728332, 12.0194748 ], [ 108.3729172, 12.0190463 ], [ 108.3729672, 12.0175152 ], [ 108.3737027, 12.0154421 ], [ 108.3734107, 12.0146691 ], [ 108.3737283, 12.0138351 ], [ 108.3739105, 12.0137136 ], [ 108.3744849, 12.013646 ], [ 108.374725, 12.0133055 ], [ 108.3749361, 12.013206 ], [ 108.3758891, 12.0133416 ], [ 108.3760393, 12.0132826 ], [ 108.3761492, 12.0130557 ], [ 108.376172, 12.0122883 ], [ 108.3760282, 12.0120905 ], [ 108.3752963, 12.0115564 ], [ 108.3750871, 12.01097 ], [ 108.3752061, 12.0106961 ], [ 108.3758743, 12.0103417 ], [ 108.3760567, 12.0100373 ], [ 108.3760044, 12.0097579 ], [ 108.3755873, 12.0091598 ], [ 108.3754921, 12.0086495 ], [ 108.3755296, 12.0084842 ], [ 108.3760151, 12.0079963 ], [ 108.3759883, 12.0077982 ], [ 108.3756597, 12.0074624 ], [ 108.3757421, 12.0068775 ], [ 108.3755591, 12.0064444 ], [ 108.3756284, 12.0062366 ], [ 108.3762565, 12.0055734 ], [ 108.3762753, 12.0053531 ], [ 108.3761385, 12.0049595 ], [ 108.3760053, 12.0047771 ], [ 108.375507, 12.0044871 ], [ 108.3748859, 12.0039337 ], [ 108.3743132, 12.0038648 ], [ 108.3737028, 12.0039859 ], [ 108.3734067, 12.0039439 ], [ 108.3728796, 12.0032595 ], [ 108.3727421, 12.0031939 ], [ 108.3724102, 12.0032805 ], [ 108.371815, 12.0036413 ], [ 108.3715183, 12.0035628 ], [ 108.3698947, 12.0016032 ], [ 108.3698916, 12.0012865 ], [ 108.3700632, 12.0010157 ], [ 108.3700849, 12.0008015 ], [ 108.3700606, 12.0006595 ], [ 108.3697119, 12.0002738 ], [ 108.3696449, 11.9999983 ], [ 108.3700553, 11.9994605 ], [ 108.3704871, 11.9986419 ], [ 108.3707258, 11.9985632 ], [ 108.3711182, 11.9987211 ], [ 108.3712461, 11.998599 ], [ 108.3709887, 11.998133 ], [ 108.370986, 11.9978785 ], [ 108.3718286, 11.9963062 ], [ 108.3724815, 11.9947027 ], [ 108.3728356, 11.9934827 ], [ 108.3732029, 11.9932522 ], [ 108.3737513, 11.9931717 ], [ 108.3743092, 11.9929854 ], [ 108.3748893, 11.9925042 ], [ 108.3759293, 11.9923675 ], [ 108.3760688, 11.9921825 ], [ 108.3760866, 11.9919857 ], [ 108.3759331, 11.9918143 ], [ 108.3749479, 11.9917034 ], [ 108.3744601, 11.99191 ], [ 108.3740895, 11.9922955 ], [ 108.3735884, 11.9923439 ], [ 108.3733061, 11.9922927 ], [ 108.372764, 11.991828 ], [ 108.3716527, 11.9915762 ], [ 108.3709216, 11.9915975 ], [ 108.3696534, 11.9913439 ], [ 108.3693874, 11.991259 ], [ 108.3690865, 11.9910267 ], [ 108.3684181, 11.9902244 ], [ 108.368175, 11.9900967 ], [ 108.3676118, 11.9899734 ], [ 108.3667741, 11.9899436 ], [ 108.36663, 11.9897137 ], [ 108.3667052, 11.9889607 ], [ 108.366563, 11.9888242 ], [ 108.365804, 11.9889607 ], [ 108.365364, 11.9892099 ], [ 108.3652595, 11.9891843 ], [ 108.3652062, 11.9890459 ], [ 108.3654445, 11.9888321 ], [ 108.3666784, 11.9884044 ], [ 108.3673489, 11.9880082 ], [ 108.3675233, 11.9881808 ], [ 108.3673709, 11.9889182 ], [ 108.367383, 11.9891028 ], [ 108.3675367, 11.9892912 ], [ 108.3679283, 11.9893254 ], [ 108.3682902, 11.989248 ], [ 108.3689475, 11.9888872 ], [ 108.3694947, 11.9888714 ], [ 108.3697094, 11.9887943 ], [ 108.370899, 11.9878791 ], [ 108.3714457, 11.987355 ], [ 108.3719784, 11.9867706 ], [ 108.3723513, 11.9861627 ], [ 108.3726355, 11.9859224 ], [ 108.3730835, 11.9857518 ], [ 108.3735462, 11.9857877 ] ], [ [ 108.3735462, 11.9857877 ], [ 108.3761526, 11.9877958 ], [ 108.3770365, 11.9888072 ], [ 108.3780873, 11.9892493 ], [ 108.3786121, 11.9893427 ], [ 108.3814685, 11.9902131 ], [ 108.3816203, 11.9902981 ], [ 108.3821156, 11.9909548 ], [ 108.3823078, 11.9910855 ], [ 108.3825263, 11.9911137 ], [ 108.3830971, 11.9909173 ] ], [ [ 108.3830971, 11.9909173 ], [ 108.3833372, 11.9908642 ] ], [ [ 108.3833372, 11.9908642 ], [ 108.3836193, 11.9908792 ], [ 108.3838123, 11.9909783 ], [ 108.3842271, 11.991346 ], [ 108.3846524, 11.9914086 ], [ 108.3849616, 11.9912472 ], [ 108.386427, 11.9897202 ], [ 108.386703, 11.9895873 ], [ 108.3870602, 11.9895398 ], [ 108.387967, 11.9898593 ], [ 108.3881856, 11.9901033 ], [ 108.3883876, 11.9905865 ], [ 108.3885773, 11.9906503 ], [ 108.3887144, 11.9905124 ], [ 108.3885672, 11.9898283 ], [ 108.3886001, 11.9896887 ], [ 108.3892384, 11.9892506 ], [ 108.3910637, 11.9887835 ], [ 108.3924277, 11.9886439 ], [ 108.3932622, 11.9882609 ] ], [ [ 108.3932622, 11.9882609 ], [ 108.3934329, 11.9880489 ], [ 108.3944406, 11.9851431 ], [ 108.3949327, 11.9845685 ], [ 108.3951741, 11.9840018 ], [ 108.3954518, 11.9838365 ], [ 108.3965492, 11.9835938 ], [ 108.3969846, 11.9834167 ], [ 108.3983569, 11.982485 ] ], [ [ 108.3983569, 11.982485 ], [ 108.3987797, 11.9821998 ], [ 108.3996963, 11.9818464 ], [ 108.4004174, 11.9811959 ], [ 108.4007719, 11.980995 ], [ 108.4010683, 11.9809504 ], [ 108.4020487, 11.9811222 ], [ 108.4022431, 11.9810803 ], [ 108.4024724, 11.9806906 ], [ 108.4030486, 11.9806252 ], [ 108.4032445, 11.9801486 ], [ 108.4034702, 11.9798392 ], [ 108.4046477, 11.9790848 ], [ 108.4048435, 11.9791124 ], [ 108.4052163, 11.9795152 ], [ 108.4051774, 11.979729 ], [ 108.4048395, 11.9800504 ], [ 108.4049682, 11.9802669 ], [ 108.4059605, 11.9801906 ], [ 108.4067142, 11.9793641 ] ], [ [ 108.4067142, 11.9793641 ], [ 108.4073822, 11.9789385 ], [ 108.4092929, 11.9781654 ], [ 108.4098949, 11.9782436 ], [ 108.410554, 11.9786543 ] ], [ [ 108.410554, 11.9786543 ], [ 108.4107494, 11.9787927 ] ], [ [ 108.4107494, 11.9787927 ], [ 108.4111397, 11.9788954 ], [ 108.4118935, 11.9786387 ], [ 108.4120715, 11.9784027 ], [ 108.4124151, 11.977578 ], [ 108.4126297, 11.9773188 ], [ 108.4128794, 11.9771784 ], [ 108.4136537, 11.977275 ], [ 108.4139276, 11.9772283 ], [ 108.4148146, 11.976337 ], [ 108.4149434, 11.97583 ], [ 108.4155565, 11.9756957 ], [ 108.4161015, 11.9753597 ], [ 108.4180005, 11.9732237 ] ], [ [ 108.4180005, 11.9732237 ], [ 108.4183208, 11.9724434 ], [ 108.4184775, 11.9723087 ] ], [ [ 108.4184775, 11.9723087 ], [ 108.4187856, 11.972275 ], [ 108.4189818, 11.9723477 ], [ 108.4191559, 11.9725305 ] ], [ [ 108.4191559, 11.9725305 ], [ 108.4192087, 11.9726009 ] ], [ [ 108.4192087, 11.9726009 ], [ 108.4193245, 11.9729547 ], [ 108.4193848, 11.9737297 ], [ 108.419872, 11.9753364 ] ], [ [ 108.419872, 11.9753364 ], [ 108.420151, 11.9761206 ], [ 108.4207156, 11.9765809 ] ], [ [ 108.4207156, 11.9765809 ], [ 108.4200214, 11.9773927 ] ], [ [ 108.4200214, 11.9773927 ], [ 108.4198733, 11.9777039 ] ], [ [ 108.4198733, 11.9777039 ], [ 108.4197107, 11.9778875 ], [ 108.4189494, 11.9783088 ], [ 108.4182469, 11.9785848 ], [ 108.4179893, 11.9788954 ] ], [ [ 108.4179893, 11.9788954 ], [ 108.4180093, 11.9798545 ], [ 108.4178172, 11.9807777 ], [ 108.4179172, 11.9822002 ] ], [ [ 108.4179172, 11.9822002 ], [ 108.4177633, 11.9827775 ] ], [ [ 108.4177633, 11.9827775 ], [ 108.4169348, 11.9834728 ], [ 108.4167184, 11.9839284 ], [ 108.4166956, 11.9844814 ], [ 108.4168413, 11.9852169 ], [ 108.4167671, 11.9861455 ] ], [ [ 108.4167671, 11.9861455 ], [ 108.4167623, 11.9865132 ], [ 108.4175814, 11.9887827 ], [ 108.4177925, 11.9896869 ], [ 108.4178086, 11.9902345 ] ], [ [ 108.4178086, 11.9902345 ], [ 108.4179409, 11.9908033 ], [ 108.4184277, 11.9913038 ], [ 108.4185676, 11.9915515 ], [ 108.4188542, 11.9925774 ] ], [ [ 108.4188542, 11.9925774 ], [ 108.4194373, 11.9941769 ] ], [ [ 108.4194373, 11.9941769 ], [ 108.419531, 11.9945003 ] ], [ [ 108.419531, 11.9945003 ], [ 108.4195183, 11.9950852 ], [ 108.4193766, 11.9957278 ] ], [ [ 108.4193766, 11.9957278 ], [ 108.4193623, 11.9970341 ], [ 108.4191268, 11.9976341 ], [ 108.4189119, 11.9979038 ] ], [ [ 108.4189119, 11.9979038 ], [ 108.4183413, 11.9985097 ], [ 108.4178303, 11.9988438 ] ], [ [ 108.4178303, 11.9988438 ], [ 108.4167642, 11.999846 ], [ 108.4158083, 12.0004807 ], [ 108.4154728, 12.0008188 ], [ 108.4149867, 12.0017294 ], [ 108.4149376, 12.0021665 ] ], [ [ 108.4149376, 12.0021665 ], [ 108.4152094, 12.0028199 ] ], [ [ 108.4152094, 12.0028199 ], [ 108.4156711, 12.0037416 ] ], [ [ 108.4156711, 12.0037416 ], [ 108.4159321, 12.0039087 ], [ 108.4175313, 12.0042734 ], [ 108.4179806, 12.0044481 ] ], [ [ 108.4179806, 12.0044481 ], [ 108.4181095, 12.0045132 ] ], [ [ 108.4181095, 12.0045132 ], [ 108.4185817, 12.0048278 ], [ 108.4188807, 12.0051672 ] ], [ [ 108.4188807, 12.0051672 ], [ 108.4188863, 12.0051746 ] ], [ [ 108.4188863, 12.0051746 ], [ 108.4191314, 12.0055258 ], [ 108.4193191, 12.0060615 ] ], [ [ 108.4193191, 12.0060615 ], [ 108.4191447, 12.0078285 ] ], [ [ 108.4191447, 12.0078285 ], [ 108.4191371, 12.0081083 ] ], [ [ 108.4191371, 12.0081083 ], [ 108.419127, 12.0086174 ] ], [ [ 108.419127, 12.0086174 ], [ 108.4191576, 12.0086938 ] ], [ [ 108.4191576, 12.0086938 ], [ 108.419612, 12.0086906 ], [ 108.4198068, 12.0087714 ] ], [ [ 108.4198068, 12.0087714 ], [ 108.4205341, 12.0089961 ], [ 108.4210062, 12.0088492 ], [ 108.4213693, 12.008835 ] ], [ [ 108.4213693, 12.008835 ], [ 108.421952, 12.0089662 ] ], [ [ 108.421952, 12.0089662 ], [ 108.4220442, 12.0090254 ] ], [ [ 108.4220442, 12.0090254 ], [ 108.4234497, 12.0097202 ], [ 108.42397, 12.0100902 ], [ 108.4242731, 12.0101846 ], [ 108.4246624, 12.0100518 ], [ 108.4253665, 12.0095108 ] ], [ [ 108.4253665, 12.0095108 ], [ 108.4266312, 12.0098784 ], [ 108.4269212, 12.0104644 ] ], [ [ 108.4269212, 12.0104644 ], [ 108.4272441, 12.0113901 ], [ 108.4276123, 12.011964 ] ], [ [ 108.4276123, 12.011964 ], [ 108.4289401, 12.0135232 ], [ 108.4296482, 12.0141529 ], [ 108.430964, 12.0156872 ] ], [ [ 108.430964, 12.0156872 ], [ 108.4315482, 12.0166076 ], [ 108.4324354, 12.0176284 ], [ 108.4327499, 12.0178648 ], [ 108.4349563, 12.0188527 ], [ 108.4351675, 12.0191205 ], [ 108.4352348, 12.0201081 ], [ 108.4355821, 12.020636 ], [ 108.4371433, 12.0212935 ] ], [ [ 108.4371433, 12.0212935 ], [ 108.4372391, 12.0208884 ] ], [ [ 108.4372391, 12.0208884 ], [ 108.4374875, 12.0198632 ] ], [ [ 108.4374875, 12.0198632 ], [ 108.4363235, 12.0197778 ] ] ] } },
{ "type": "Feature", "properties": { "edge_id": "E064", "from_node": "DL19", "to_node": "DL09", "from_name": "Làng Đồng trụ LangBiang", "to_name": "Làng Cu Lần", "distance_km": 22.296, "base_time_min": 35.35, "average_speed_kph": 37.8, "road_type": "living_street|residential|secondary|tertiary", "one_way_share": 0.189, "direction": "directed", "congestion_level": 1, "risk_score": 0, "closed": false, "backbone_edge": false, "data_source": "OpenStreetMap + modeled speeds" }, "geometry": { "type": "MultiLineString", "coordinates": [ [ [ 108.4363235, 12.0197778 ], [ 108.4374875, 12.0198632 ] ], [ [ 108.4374875, 12.0198632 ], [ 108.4372391, 12.0208884 ] ], [ [ 108.4372391, 12.0208884 ], [ 108.4371433, 12.0212935 ] ], [ [ 108.4371433, 12.0212935 ], [ 108.4355821, 12.020636 ], [ 108.4352348, 12.0201081 ], [ 108.4351675, 12.0191205 ], [ 108.4349563, 12.0188527 ], [ 108.4327499, 12.0178648 ], [ 108.4324354, 12.0176284 ], [ 108.4315482, 12.0166076 ], [ 108.430964, 12.0156872 ] ], [ [ 108.430964, 12.0156872 ], [ 108.4296482, 12.0141529 ], [ 108.4289401, 12.0135232 ], [ 108.4276123, 12.011964 ] ], [ [ 108.4276123, 12.011964 ], [ 108.4272441, 12.0113901 ], [ 108.4269212, 12.0104644 ] ], [ [ 108.4269212, 12.0104644 ], [ 108.4266312, 12.0098784 ], [ 108.4253665, 12.0095108 ] ], [ [ 108.4253665, 12.0095108 ], [ 108.4246624, 12.0100518 ], [ 108.4242731, 12.0101846 ], [ 108.42397, 12.0100902 ], [ 108.4234497, 12.0097202 ], [ 108.4220442, 12.0090254 ] ], [ [ 108.4220442, 12.0090254 ], [ 108.421952, 12.0089662 ] ], [ [ 108.421952, 12.0089662 ], [ 108.4213693, 12.008835 ] ], [ [ 108.4213693, 12.008835 ], [ 108.4210062, 12.0088492 ], [ 108.4205341, 12.0089961 ], [ 108.4198068, 12.0087714 ] ], [ [ 108.4198068, 12.0087714 ], [ 108.419612, 12.0086906 ], [ 108.4191576, 12.0086938 ] ], [ [ 108.4191576, 12.0086938 ], [ 108.4191037, 12.0087576 ] ], [ [ 108.4191037, 12.0087576 ], [ 108.4190473, 12.0087573 ] ], [ [ 108.4190473, 12.0087573 ], [ 108.4189968, 12.0086561 ] ], [ [ 108.4189968, 12.0086561 ], [ 108.4190316, 12.0086124 ] ], [ [ 108.4190316, 12.0086124 ], [ 108.4190593, 12.0081085 ] ], [ [ 108.4190593, 12.0081085 ], [ 108.4190699, 12.0078241 ] ], [ [ 108.4190699, 12.0078241 ], [ 108.4192439, 12.0060707 ] ], [ [ 108.4192439, 12.0060707 ], [ 108.4188807, 12.0051672 ] ], [ [ 108.4188807, 12.0051672 ], [ 108.4185817, 12.0048278 ], [ 108.4181095, 12.0045132 ] ], [ [ 108.4181095, 12.0045132 ], [ 108.4179806, 12.0044481 ] ], [ [ 108.4179806, 12.0044481 ], [ 108.4161704, 12.0040421 ], [ 108.4157315, 12.0039002 ], [ 108.4156009, 12.003784 ] ], [ [ 108.4156009, 12.003784 ], [ 108.4152094, 12.0028199 ] ], [ [ 108.4152094, 12.0028199 ], [ 108.4149376, 12.0021665 ] ], [ [ 108.4149376, 12.0021665 ], [ 108.4149867, 12.0017294 ], [ 108.4154728, 12.0008188 ], [ 108.4158083, 12.0004807 ], [ 108.4167642, 11.999846 ], [ 108.4178303, 11.9988438 ] ], [ [ 108.4178303, 11.9988438 ], [ 108.4183413, 11.9985097 ], [ 108.4189119, 11.9979038 ] ], [ [ 108.4189119, 11.9979038 ], [ 108.4191268, 11.9976341 ], [ 108.4193623, 11.9970341 ], [ 108.4193766, 11.9957278 ] ], [ [ 108.4193766, 11.9957278 ], [ 108.4195183, 11.9950852 ], [ 108.419531, 11.9945003 ] ], [ [ 108.419531, 11.9945003 ], [ 108.4194373, 11.9941769 ] ], [ [ 108.4194373, 11.9941769 ], [ 108.4188542, 11.9925774 ] ], [ [ 108.4188542, 11.9925774 ], [ 108.4185676, 11.9915515 ], [ 108.4184277, 11.9913038 ], [ 108.4179409, 11.9908033 ], [ 108.4178086, 11.9902345 ] ], [ [ 108.4178086, 11.9902345 ], [ 108.4177925, 11.9896869 ], [ 108.4175814, 11.9887827 ], [ 108.4167623, 11.9865132 ], [ 108.4167671, 11.9861455 ] ], [ [ 108.4167671, 11.9861455 ], [ 108.4168413, 11.9852169 ], [ 108.4166956, 11.9844814 ], [ 108.4167184, 11.9839284 ], [ 108.4169348, 11.9834728 ], [ 108.4177633, 11.9827775 ] ], [ [ 108.4177633, 11.9827775 ], [ 108.4179172, 11.9822002 ] ], [ [ 108.4179172, 11.9822002 ], [ 108.4178172, 11.9807777 ], [ 108.4180093, 11.9798545 ], [ 108.4179893, 11.9788954 ] ], [ [ 108.4179893, 11.9788954 ], [ 108.4182469, 11.9785848 ], [ 108.4189494, 11.9783088 ], [ 108.4197107, 11.9778875 ], [ 108.4198733, 11.9777039 ] ], [ [ 108.4198733, 11.9777039 ], [ 108.4200214, 11.9773927 ] ], [ [ 108.4200214, 11.9773927 ], [ 108.4207156, 11.9765809 ] ], [ [ 108.4207156, 11.9765809 ], [ 108.420151, 11.9761206 ], [ 108.419872, 11.9753364 ] ], [ [ 108.419872, 11.9753364 ], [ 108.4193848, 11.9737297 ], [ 108.4193245, 11.9729547 ], [ 108.4192087, 11.9726009 ] ], [ [ 108.4192087, 11.9726009 ], [ 108.4191559, 11.9725305 ] ], [ [ 108.4191559, 11.9725305 ], [ 108.4189818, 11.9723477 ], [ 108.4187856, 11.972275 ], [ 108.4184775, 11.9723087 ] ], [ [ 108.4184775, 11.9723087 ], [ 108.4183208, 11.9724434 ], [ 108.4180005, 11.9732237 ] ], [ [ 108.4180005, 11.9732237 ], [ 108.4161015, 11.9753597 ], [ 108.4155565, 11.9756957 ], [ 108.4149434, 11.97583 ], [ 108.4148146, 11.976337 ], [ 108.4139276, 11.9772283 ], [ 108.4136537, 11.977275 ], [ 108.4128794, 11.9771784 ], [ 108.4126297, 11.9773188 ], [ 108.4124151, 11.977578 ], [ 108.4120715, 11.9784027 ], [ 108.4118935, 11.9786387 ], [ 108.4111397, 11.9788954 ], [ 108.4107494, 11.9787927 ] ], [ [ 108.4107494, 11.9787927 ], [ 108.410554, 11.9786543 ] ], [ [ 108.410554, 11.9786543 ], [ 108.4098949, 11.9782436 ], [ 108.4092929, 11.9781654 ], [ 108.4073822, 11.9789385 ], [ 108.4067142, 11.9793641 ] ], [ [ 108.4067142, 11.9793641 ], [ 108.4059605, 11.9801906 ], [ 108.4049682, 11.9802669 ], [ 108.4048395, 11.9800504 ], [ 108.4051774, 11.979729 ], [ 108.4052163, 11.9795152 ], [ 108.4048435, 11.9791124 ], [ 108.4046477, 11.9790848 ], [ 108.4034702, 11.9798392 ], [ 108.4032445, 11.9801486 ], [ 108.4030486, 11.9806252 ], [ 108.4024724, 11.9806906 ], [ 108.4022431, 11.9810803 ], [ 108.4020487, 11.9811222 ], [ 108.4010683, 11.9809504 ], [ 108.4007719, 11.980995 ], [ 108.4004174, 11.9811959 ], [ 108.3996963, 11.9818464 ], [ 108.3987797, 11.9821998 ], [ 108.3983569, 11.982485 ] ], [ [ 108.3983569, 11.982485 ], [ 108.3969846, 11.9834167 ], [ 108.3965492, 11.9835938 ], [ 108.3954518, 11.9838365 ], [ 108.3951741, 11.9840018 ], [ 108.3949327, 11.9845685 ], [ 108.3944406, 11.9851431 ], [ 108.3934329, 11.9880489 ], [ 108.3932622, 11.9882609 ] ], [ [ 108.3932622, 11.9882609 ], [ 108.3924277, 11.9886439 ], [ 108.3910637, 11.9887835 ], [ 108.3892384, 11.9892506 ], [ 108.3886001, 11.9896887 ], [ 108.3885672, 11.9898283 ], [ 108.3887144, 11.9905124 ], [ 108.3885773, 11.9906503 ], [ 108.3883876, 11.9905865 ], [ 108.3881856, 11.9901033 ], [ 108.387967, 11.9898593 ], [ 108.3870602, 11.9895398 ], [ 108.386703, 11.9895873 ], [ 108.386427, 11.9897202 ], [ 108.3849616, 11.9912472 ], [ 108.3846524, 11.9914086 ], [ 108.3842271, 11.991346 ], [ 108.3838123, 11.9909783 ], [ 108.3836193, 11.9908792 ], [ 108.3833372, 11.9908642 ] ], [ [ 108.3833372, 11.9908642 ], [ 108.3830971, 11.9909173 ] ], [ [ 108.3830971, 11.9909173 ], [ 108.3825263, 11.9911137 ], [ 108.3823078, 11.9910855 ], [ 108.3821156, 11.9909548 ], [ 108.3816203, 11.9902981 ], [ 108.3814685, 11.9902131 ], [ 108.3786121, 11.9893427 ], [ 108.3780873, 11.9892493 ], [ 108.3770365, 11.9888072 ], [ 108.3761526, 11.9877958 ], [ 108.3735462, 11.9857877 ] ], [ [ 108.3735462, 11.9857877 ], [ 108.3730835, 11.9857518 ], [ 108.3726355, 11.9859224 ], [ 108.3723513, 11.9861627 ], [ 108.3719784, 11.9867706 ], [ 108.3714457, 11.987355 ], [ 108.370899, 11.9878791 ], [ 108.3697094, 11.9887943 ], [ 108.3694947, 11.9888714 ], [ 108.3689475, 11.9888872 ], [ 108.3682902, 11.989248 ], [ 108.3679283, 11.9893254 ], [ 108.3675367, 11.9892912 ], [ 108.367383, 11.9891028 ], [ 108.3673709, 11.9889182 ], [ 108.3675233, 11.9881808 ], [ 108.3673489, 11.9880082 ], [ 108.3666784, 11.9884044 ], [ 108.3654445, 11.9888321 ], [ 108.3652062, 11.9890459 ], [ 108.3652595, 11.9891843 ], [ 108.365364, 11.9892099 ], [ 108.365804, 11.9889607 ], [ 108.366563, 11.9888242 ], [ 108.3667052, 11.9889607 ], [ 108.36663, 11.9897137 ], [ 108.3667741, 11.9899436 ], [ 108.3676118, 11.9899734 ], [ 108.368175, 11.9900967 ], [ 108.3684181, 11.9902244 ], [ 108.3690865, 11.9910267 ], [ 108.3693874, 11.991259 ], [ 108.3696534, 11.9913439 ], [ 108.3709216, 11.9915975 ], [ 108.3716527, 11.9915762 ], [ 108.372764, 11.991828 ], [ 108.3733061, 11.9922927 ], [ 108.3735884, 11.9923439 ], [ 108.3740895, 11.9922955 ], [ 108.3744601, 11.99191 ], [ 108.3749479, 11.9917034 ], [ 108.3759331, 11.9918143 ], [ 108.3760866, 11.9919857 ], [ 108.3760688, 11.9921825 ], [ 108.3759293, 11.9923675 ], [ 108.3748893, 11.9925042 ], [ 108.3743092, 11.9929854 ], [ 108.3737513, 11.9931717 ], [ 108.3732029, 11.9932522 ], [ 108.3728356, 11.9934827 ], [ 108.3724815, 11.9947027 ], [ 108.3718286, 11.9963062 ], [ 108.370986, 11.9978785 ], [ 108.3709887, 11.998133 ], [ 108.3712461, 11.998599 ], [ 108.3711182, 11.9987211 ], [ 108.3707258, 11.9985632 ], [ 108.3704871, 11.9986419 ], [ 108.3700553, 11.9994605 ], [ 108.3696449, 11.9999983 ], [ 108.3697119, 12.0002738 ], [ 108.3700606, 12.0006595 ], [ 108.3700849, 12.0008015 ], [ 108.3700632, 12.0010157 ], [ 108.3698916, 12.0012865 ], [ 108.3698947, 12.0016032 ], [ 108.3715183, 12.0035628 ], [ 108.371815, 12.0036413 ], [ 108.3724102, 12.0032805 ], [ 108.3727421, 12.0031939 ], [ 108.3728796, 12.0032595 ], [ 108.3734067, 12.0039439 ], [ 108.3737028, 12.0039859 ], [ 108.3743132, 12.0038648 ], [ 108.3748859, 12.0039337 ], [ 108.375507, 12.0044871 ], [ 108.3760053, 12.0047771 ], [ 108.3761385, 12.0049595 ], [ 108.3762753, 12.0053531 ], [ 108.3762565, 12.0055734 ], [ 108.3756284, 12.0062366 ], [ 108.3755591, 12.0064444 ], [ 108.3757421, 12.0068775 ], [ 108.3756597, 12.0074624 ], [ 108.3759883, 12.0077982 ], [ 108.3760151, 12.0079963 ], [ 108.3755296, 12.0084842 ], [ 108.3754921, 12.0086495 ], [ 108.3755873, 12.0091598 ], [ 108.3760044, 12.0097579 ], [ 108.3760567, 12.0100373 ], [ 108.3758743, 12.0103417 ], [ 108.3752061, 12.0106961 ], [ 108.3750871, 12.01097 ], [ 108.3752963, 12.0115564 ], [ 108.3760282, 12.0120905 ], [ 108.376172, 12.0122883 ], [ 108.3761492, 12.0130557 ], [ 108.3760393, 12.0132826 ], [ 108.3758891, 12.0133416 ], [ 108.3749361, 12.013206 ], [ 108.374725, 12.0133055 ], [ 108.3744849, 12.013646 ], [ 108.3739105, 12.0137136 ], [ 108.3737283, 12.0138351 ], [ 108.3734107, 12.0146691 ], [ 108.3737027, 12.0154421 ], [ 108.3729672, 12.0175152 ], [ 108.3729172, 12.0190463 ], [ 108.3728332, 12.0194748 ], [ 108.3707031, 12.0212855 ], [ 108.3696775, 12.0228237 ], [ 108.3694129, 12.0233539 ], [ 108.3691286, 12.0235087 ], [ 108.3682691, 12.0236503 ] ] ] } },
{ "type": "Feature", "properties": { "edge_id": "E065", "from_node": "DL09", "to_node": "DL20", "from_name": "Làng Cu Lần", "to_name": "Thác Ankroet", "distance_km": 7.849, "base_time_min": 11.77, "average_speed_kph": 40.0, "road_type": "secondary", "one_way_share": 0.0, "direction": "directed", "congestion_level": 1, "risk_score": 0, "closed": false, "backbone_edge": false, "data_source": "OpenStreetMap + modeled speeds" }, "geometry": { "type": "LineString", "coordinates": [ [ 108.3682691, 12.0236503 ], [ 108.3691286, 12.0235087 ], [ 108.3694129, 12.0233539 ], [ 108.3696775, 12.0228237 ], [ 108.3707031, 12.0212855 ], [ 108.3728332, 12.0194748 ], [ 108.3729172, 12.0190463 ], [ 108.3729672, 12.0175152 ], [ 108.3737027, 12.0154421 ], [ 108.3734107, 12.0146691 ], [ 108.3737283, 12.0138351 ], [ 108.3739105, 12.0137136 ], [ 108.3744849, 12.013646 ], [ 108.374725, 12.0133055 ], [ 108.3749361, 12.013206 ], [ 108.3758891, 12.0133416 ], [ 108.3760393, 12.0132826 ], [ 108.3761492, 12.0130557 ], [ 108.376172, 12.0122883 ], [ 108.3760282, 12.0120905 ], [ 108.3752963, 12.0115564 ], [ 108.3750871, 12.01097 ], [ 108.3752061, 12.0106961 ], [ 108.3758743, 12.0103417 ], [ 108.3760567, 12.0100373 ], [ 108.3760044, 12.0097579 ], [ 108.3755873, 12.0091598 ], [ 108.3754921, 12.0086495 ], [ 108.3755296, 12.0084842 ], [ 108.3760151, 12.0079963 ], [ 108.3759883, 12.0077982 ], [ 108.3756597, 12.0074624 ], [ 108.3757421, 12.0068775 ], [ 108.3755591, 12.0064444 ], [ 108.3756284, 12.0062366 ], [ 108.3762565, 12.0055734 ], [ 108.3762753, 12.0053531 ], [ 108.3761385, 12.0049595 ], [ 108.3760053, 12.0047771 ], [ 108.375507, 12.0044871 ], [ 108.3748859, 12.0039337 ], [ 108.3743132, 12.0038648 ], [ 108.3737028, 12.0039859 ], [ 108.3734067, 12.0039439 ], [ 108.3728796, 12.0032595 ], [ 108.3727421, 12.0031939 ], [ 108.3724102, 12.0032805 ], [ 108.371815, 12.0036413 ], [ 108.3715183, 12.0035628 ], [ 108.3698947, 12.0016032 ], [ 108.3698916, 12.0012865 ], [ 108.3700632, 12.0010157 ], [ 108.3700849, 12.0008015 ], [ 108.3700606, 12.0006595 ], [ 108.3697119, 12.0002738 ], [ 108.3696449, 11.9999983 ], [ 108.3700553, 11.9994605 ], [ 108.3704871, 11.9986419 ], [ 108.3707258, 11.9985632 ], [ 108.3711182, 11.9987211 ], [ 108.3712461, 11.998599 ], [ 108.3709887, 11.998133 ], [ 108.370986, 11.9978785 ], [ 108.3718286, 11.9963062 ], [ 108.3724815, 11.9947027 ], [ 108.3728356, 11.9934827 ], [ 108.3732029, 11.9932522 ], [ 108.3737513, 11.9931717 ], [ 108.3743092, 11.9929854 ], [ 108.3748893, 11.9925042 ], [ 108.3759293, 11.9923675 ], [ 108.3760688, 11.9921825 ], [ 108.3760866, 11.9919857 ], [ 108.3759331, 11.9918143 ], [ 108.3749479, 11.9917034 ], [ 108.3744601, 11.99191 ], [ 108.3740895, 11.9922955 ], [ 108.3735884, 11.9923439 ], [ 108.3733061, 11.9922927 ], [ 108.372764, 11.991828 ], [ 108.3716527, 11.9915762 ], [ 108.3709216, 11.9915975 ], [ 108.3696534, 11.9913439 ], [ 108.3693874, 11.991259 ], [ 108.3690865, 11.9910267 ], [ 108.3684181, 11.9902244 ], [ 108.368175, 11.9900967 ], [ 108.3676118, 11.9899734 ], [ 108.3667741, 11.9899436 ], [ 108.36663, 11.9897137 ], [ 108.3667052, 11.9889607 ], [ 108.366563, 11.9888242 ], [ 108.365804, 11.9889607 ], [ 108.365364, 11.9892099 ], [ 108.3652595, 11.9891843 ], [ 108.3652062, 11.9890459 ], [ 108.3654445, 11.9888321 ], [ 108.3666784, 11.9884044 ], [ 108.3673489, 11.9880082 ], [ 108.3675233, 11.9881808 ], [ 108.3673709, 11.9889182 ], [ 108.367383, 11.9891028 ], [ 108.3675367, 11.9892912 ], [ 108.3679283, 11.9893254 ], [ 108.3682902, 11.989248 ], [ 108.3689475, 11.9888872 ], [ 108.3694947, 11.9888714 ], [ 108.3697094, 11.9887943 ], [ 108.370899, 11.9878791 ], [ 108.3714457, 11.987355 ], [ 108.3719784, 11.9867706 ], [ 108.3723513, 11.9861627 ], [ 108.3726355, 11.9859224 ], [ 108.3730835, 11.9857518 ], [ 108.3735462, 11.9857877 ] ] } },
{ "type": "Feature", "properties": { "edge_id": "E066", "from_node": "DL20", "to_node": "DL09", "from_name": "Thác Ankroet", "to_name": "Làng Cu Lần", "distance_km": 7.849, "base_time_min": 11.77, "average_speed_kph": 40.0, "road_type": "secondary", "one_way_share": 0.0, "direction": "directed", "congestion_level": 1, "risk_score": 0, "closed": false, "backbone_edge": false, "data_source": "OpenStreetMap + modeled speeds" }, "geometry": { "type": "LineString", "coordinates": [ [ 108.3735462, 11.9857877 ], [ 108.3730835, 11.9857518 ], [ 108.3726355, 11.9859224 ], [ 108.3723513, 11.9861627 ], [ 108.3719784, 11.9867706 ], [ 108.3714457, 11.987355 ], [ 108.370899, 11.9878791 ], [ 108.3697094, 11.9887943 ], [ 108.3694947, 11.9888714 ], [ 108.3689475, 11.9888872 ], [ 108.3682902, 11.989248 ], [ 108.3679283, 11.9893254 ], [ 108.3675367, 11.9892912 ], [ 108.367383, 11.9891028 ], [ 108.3673709, 11.9889182 ], [ 108.3675233, 11.9881808 ], [ 108.3673489, 11.9880082 ], [ 108.3666784, 11.9884044 ], [ 108.3654445, 11.9888321 ], [ 108.3652062, 11.9890459 ], [ 108.3652595, 11.9891843 ], [ 108.365364, 11.9892099 ], [ 108.365804, 11.9889607 ], [ 108.366563, 11.9888242 ], [ 108.3667052, 11.9889607 ], [ 108.36663, 11.9897137 ], [ 108.3667741, 11.9899436 ], [ 108.3676118, 11.9899734 ], [ 108.368175, 11.9900967 ], [ 108.3684181, 11.9902244 ], [ 108.3690865, 11.9910267 ], [ 108.3693874, 11.991259 ], [ 108.3696534, 11.9913439 ], [ 108.3709216, 11.9915975 ], [ 108.3716527, 11.9915762 ], [ 108.372764, 11.991828 ], [ 108.3733061, 11.9922927 ], [ 108.3735884, 11.9923439 ], [ 108.3740895, 11.9922955 ], [ 108.3744601, 11.99191 ], [ 108.3749479, 11.9917034 ], [ 108.3759331, 11.9918143 ], [ 108.3760866, 11.9919857 ], [ 108.3760688, 11.9921825 ], [ 108.3759293, 11.9923675 ], [ 108.3748893, 11.9925042 ], [ 108.3743092, 11.9929854 ], [ 108.3737513, 11.9931717 ], [ 108.3732029, 11.9932522 ], [ 108.3728356, 11.9934827 ], [ 108.3724815, 11.9947027 ], [ 108.3718286, 11.9963062 ], [ 108.370986, 11.9978785 ], [ 108.3709887, 11.998133 ], [ 108.3712461, 11.998599 ], [ 108.3711182, 11.9987211 ], [ 108.3707258, 11.9985632 ], [ 108.3704871, 11.9986419 ], [ 108.3700553, 11.9994605 ], [ 108.3696449, 11.9999983 ], [ 108.3697119, 12.0002738 ], [ 108.3700606, 12.0006595 ], [ 108.3700849, 12.0008015 ], [ 108.3700632, 12.0010157 ], [ 108.3698916, 12.0012865 ], [ 108.3698947, 12.0016032 ], [ 108.3715183, 12.0035628 ], [ 108.371815, 12.0036413 ], [ 108.3724102, 12.0032805 ], [ 108.3727421, 12.0031939 ], [ 108.3728796, 12.0032595 ], [ 108.3734067, 12.0039439 ], [ 108.3737028, 12.0039859 ], [ 108.3743132, 12.0038648 ], [ 108.3748859, 12.0039337 ], [ 108.375507, 12.0044871 ], [ 108.3760053, 12.0047771 ], [ 108.3761385, 12.0049595 ], [ 108.3762753, 12.0053531 ], [ 108.3762565, 12.0055734 ], [ 108.3756284, 12.0062366 ], [ 108.3755591, 12.0064444 ], [ 108.3757421, 12.0068775 ], [ 108.3756597, 12.0074624 ], [ 108.3759883, 12.0077982 ], [ 108.3760151, 12.0079963 ], [ 108.3755296, 12.0084842 ], [ 108.3754921, 12.0086495 ], [ 108.3755873, 12.0091598 ], [ 108.3760044, 12.0097579 ], [ 108.3760567, 12.0100373 ], [ 108.3758743, 12.0103417 ], [ 108.3752061, 12.0106961 ], [ 108.3750871, 12.01097 ], [ 108.3752963, 12.0115564 ], [ 108.3760282, 12.0120905 ], [ 108.376172, 12.0122883 ], [ 108.3761492, 12.0130557 ], [ 108.3760393, 12.0132826 ], [ 108.3758891, 12.0133416 ], [ 108.3749361, 12.013206 ], [ 108.374725, 12.0133055 ], [ 108.3744849, 12.013646 ], [ 108.3739105, 12.0137136 ], [ 108.3737283, 12.0138351 ], [ 108.3734107, 12.0146691 ], [ 108.3737027, 12.0154421 ], [ 108.3729672, 12.0175152 ], [ 108.3729172, 12.0190463 ], [ 108.3728332, 12.0194748 ], [ 108.3707031, 12.0212855 ], [ 108.3696775, 12.0228237 ], [ 108.3694129, 12.0233539 ], [ 108.3691286, 12.0235087 ], [ 108.3682691, 12.0236503 ] ] } },
{ "type": "Feature", "properties": { "edge_id": "E067", "from_node": "DL10", "to_node": "DL15", "from_name": "Vườn dâu Công nghệ cao Bình Yên", "to_name": "Nhà thờ Cam Ly", "distance_km": 1.285, "base_time_min": 3.85, "average_speed_kph": 20.0, "road_type": "residential", "one_way_share": 0.0, "direction": "directed", "congestion_level": 1, "risk_score": 0, "closed": false, "backbone_edge": false, "data_source": "OpenStreetMap + modeled speeds" }, "geometry": { "type": "MultiLineString", "coordinates": [ [ [ 108.4267553, 11.9493561 ], [ 108.4264336, 11.9489984 ], [ 108.426044, 11.94888 ] ], [ [ 108.426044, 11.94888 ], [ 108.425926, 11.9487484 ], [ 108.4259315, 11.948643 ], [ 108.4261385, 11.9475249 ], [ 108.425923, 11.9471814 ] ], [ [ 108.425923, 11.9471814 ], [ 108.4259568, 11.9467134 ] ], [ [ 108.4259568, 11.9467134 ], [ 108.4258823, 11.9466443 ] ], [ [ 108.4258823, 11.9466443 ], [ 108.4257625, 11.946305 ], [ 108.4257999, 11.9459793 ] ], [ [ 108.4257999, 11.9459793 ], [ 108.426277, 11.945359 ], [ 108.4263451, 11.9446505 ] ], [ [ 108.4263451, 11.9446505 ], [ 108.4263493, 11.9439035 ] ], [ [ 108.4263493, 11.9439035 ], [ 108.425663, 11.9434007 ] ], [ [ 108.425663, 11.9434007 ], [ 108.4255905, 11.9433459 ] ], [ [ 108.4255905, 11.9433459 ], [ 108.4251879, 11.9433017 ], [ 108.4229689, 11.9440054 ], [ 108.4228428, 11.9437783 ], [ 108.4224136, 11.9435819 ], [ 108.4220262, 11.9431847 ], [ 108.4223631, 11.9429244 ] ] ] } },
{ "type": "Feature", "properties": { "edge_id": "E068", "from_node": "DL15", "to_node": "DL10", "from_name": "Nhà thờ Cam Ly", "to_name": "Vườn dâu Công nghệ cao Bình Yên", "distance_km": 1.285, "base_time_min": 3.85, "average_speed_kph": 20.0, "road_type": "residential", "one_way_share": 0.0, "direction": "directed", "congestion_level": 1, "risk_score": 0, "closed": false, "backbone_edge": false, "data_source": "OpenStreetMap + modeled speeds" }, "geometry": { "type": "MultiLineString", "coordinates": [ [ [ 108.4223631, 11.9429244 ], [ 108.4220262, 11.9431847 ], [ 108.4224136, 11.9435819 ], [ 108.4228428, 11.9437783 ], [ 108.4229689, 11.9440054 ], [ 108.4251879, 11.9433017 ], [ 108.4255905, 11.9433459 ] ], [ [ 108.4255905, 11.9433459 ], [ 108.425663, 11.9434007 ] ], [ [ 108.425663, 11.9434007 ], [ 108.4263493, 11.9439035 ] ], [ [ 108.4263493, 11.9439035 ], [ 108.4263451, 11.9446505 ] ], [ [ 108.4263451, 11.9446505 ], [ 108.426277, 11.945359 ], [ 108.4257999, 11.9459793 ] ], [ [ 108.4257999, 11.9459793 ], [ 108.4257625, 11.946305 ], [ 108.4258823, 11.9466443 ] ], [ [ 108.4258823, 11.9466443 ], [ 108.4259568, 11.9467134 ] ], [ [ 108.4259568, 11.9467134 ], [ 108.425923, 11.9471814 ] ], [ [ 108.425923, 11.9471814 ], [ 108.4261385, 11.9475249 ], [ 108.4259315, 11.948643 ], [ 108.425926, 11.9487484 ], [ 108.426044, 11.94888 ] ], [ [ 108.426044, 11.94888 ], [ 108.4264336, 11.9489984 ], [ 108.4267553, 11.9493561 ] ] ] } },
{ "type": "Feature", "properties": { "edge_id": "E069", "from_node": "DL10", "to_node": "DL18", "from_name": "Vườn dâu Công nghệ cao Bình Yên", "to_name": "Làng Cổ Tích", "distance_km": 4.685, "base_time_min": 10.93, "average_speed_kph": 25.7, "road_type": "primary|primary_link|residential|tertiary|unclassified", "one_way_share": 0.207, "direction": "directed", "congestion_level": 1, "risk_score": 0, "closed": false, "backbone_edge": false, "data_source": "OpenStreetMap + modeled speeds" }, "geometry": { "type": "MultiLineString", "coordinates": [ [ [ 108.4267553, 11.9493561 ], [ 108.4267976, 11.9494173 ] ], [ [ 108.4267976, 11.9494173 ], [ 108.4269143, 11.9491289 ], [ 108.4276015, 11.948847 ], [ 108.4279993, 11.9484508 ], [ 108.4285984, 11.9487556 ], [ 108.4287754, 11.9487241 ], [ 108.4290341, 11.9476432 ], [ 108.4293485, 11.9467365 ] ], [ [ 108.4293485, 11.9467365 ], [ 108.4292087, 11.9465268 ], [ 108.4292139, 11.9463551 ] ], [ [ 108.4292139, 11.9463551 ], [ 108.4293498, 11.9462444 ] ], [ [ 108.4293498, 11.9462444 ], [ 108.4286631, 11.9455187 ] ], [ [ 108.4286631, 11.9455187 ], [ 108.4286641, 11.9446956 ], [ 108.4284159, 11.9428165 ] ], [ [ 108.4284159, 11.9428165 ], [ 108.4274706, 11.9428965 ], [ 108.4268626, 11.9423282 ], [ 108.4266242, 11.9422757 ], [ 108.4261761, 11.9423474 ] ], [ [ 108.4261761, 11.9423474 ], [ 108.4261047, 11.9411811 ] ], [ [ 108.4261047, 11.9411811 ], [ 108.4260871, 11.9408661 ] ], [ [ 108.4260871, 11.9408661 ], [ 108.4260558, 11.9405105 ] ], [ [ 108.4260558, 11.9405105 ], [ 108.4260551, 11.9401035 ] ], [ [ 108.4260551, 11.9401035 ], [ 108.426144, 11.9396732 ] ], [ [ 108.426144, 11.9396732 ], [ 108.4252343, 11.9395452 ] ], [ [ 108.4252343, 11.9395452 ], [ 108.4249084, 11.9397913 ], [ 108.4245665, 11.9404257 ], [ 108.4242227, 11.9406794 ], [ 108.4232418, 11.9409707 ], [ 108.4221637, 11.9408268 ] ], [ [ 108.4221637, 11.9408268 ], [ 108.4215966, 11.9407983 ], [ 108.4213608, 11.9409747 ], [ 108.4212643, 11.9411761 ] ], [ [ 108.4212643, 11.9411761 ], [ 108.4211449, 11.9415786 ], [ 108.4209527, 11.9416713 ], [ 108.4204258, 11.9412439 ], [ 108.419417, 11.9410452 ] ], [ [ 108.419417, 11.9410452 ], [ 108.418376, 11.9409457 ] ], [ [ 108.418376, 11.9409457 ], [ 108.4181025, 11.9410212 ] ], [ [ 108.4181025, 11.9410212 ], [ 108.4180587, 11.941052 ] ], [ [ 108.4180587, 11.941052 ], [ 108.4179507, 11.9410144 ] ], [ [ 108.4179507, 11.9410144 ], [ 108.4179399, 11.9409859 ] ], [ [ 108.4179399, 11.9409859 ], [ 108.4177355, 11.9408589 ] ], [ [ 108.4177355, 11.9408589 ], [ 108.4168326, 11.9408254 ], [ 108.4157694, 11.9411382 ], [ 108.4138301, 11.940945 ], [ 108.4133412, 11.9406853 ] ], [ [ 108.4133412, 11.9406853 ], [ 108.412943, 11.9404538 ] ], [ [ 108.412943, 11.9404538 ], [ 108.4127968, 11.9404951 ], [ 108.4113976, 11.9403102 ] ], [ [ 108.4113976, 11.9403102 ], [ 108.4113371, 11.9405319 ], [ 108.410522, 11.9411676 ], [ 108.4096207, 11.9416767 ], [ 108.4086442, 11.9427375 ] ], [ [ 108.4086442, 11.9427375 ], [ 108.4085315, 11.942832 ], [ 108.4082419, 11.9427349 ], [ 108.4075499, 11.9428609 ], [ 108.4073245, 11.9431364 ] ], [ [ 108.4073245, 11.9431364 ], [ 108.4075767, 11.9434618 ], [ 108.4075992, 11.9437461 ] ], [ [ 108.4075992, 11.9437461 ], [ 108.4073712, 11.9436479 ], [ 108.4070861, 11.9438989 ], [ 108.4067028, 11.9440787 ], [ 108.4060914, 11.9449402 ], [ 108.4055466, 11.9460094 ], [ 108.4052393, 11.9462418 ], [ 108.4042954, 11.9466974 ], [ 108.4036935, 11.9464278 ], [ 108.4034686, 11.9465424 ], [ 108.4033546, 11.9464371 ], [ 108.4030441, 11.9465393 ] ] ] } },
{ "type": "Feature", "properties": { "edge_id": "E070", "from_node": "DL18", "to_node": "DL10", "from_name": "Làng Cổ Tích", "to_name": "Vườn dâu Công nghệ cao Bình Yên", "distance_km": 4.722, "base_time_min": 10.99, "average_speed_kph": 25.8, "road_type": "primary|primary_link|residential|tertiary|unclassified", "one_way_share": 0.138, "direction": "directed", "congestion_level": 1, "risk_score": 0, "closed": false, "backbone_edge": false, "data_source": "OpenStreetMap + modeled speeds" }, "geometry": { "type": "MultiLineString", "coordinates": [ [ [ 108.4030441, 11.9465393 ], [ 108.4033546, 11.9464371 ], [ 108.4034686, 11.9465424 ], [ 108.4036935, 11.9464278 ], [ 108.4042954, 11.9466974 ], [ 108.4052393, 11.9462418 ], [ 108.4055466, 11.9460094 ], [ 108.4060914, 11.9449402 ], [ 108.4067028, 11.9440787 ], [ 108.4070861, 11.9438989 ], [ 108.4073712, 11.9436479 ], [ 108.4075992, 11.9437461 ] ], [ [ 108.4075992, 11.9437461 ], [ 108.4075767, 11.9434618 ], [ 108.4073245, 11.9431364 ] ], [ [ 108.4073245, 11.9431364 ], [ 108.4075499, 11.9428609 ], [ 108.4082419, 11.9427349 ], [ 108.4085315, 11.942832 ], [ 108.4086442, 11.9427375 ] ], [ [ 108.4086442, 11.9427375 ], [ 108.4096207, 11.9416767 ], [ 108.410522, 11.9411676 ], [ 108.4113371, 11.9405319 ], [ 108.4113976, 11.9403102 ] ], [ [ 108.4113976, 11.9403102 ], [ 108.4127968, 11.9404951 ], [ 108.412943, 11.9404538 ] ], [ [ 108.412943, 11.9404538 ], [ 108.4133412, 11.9406853 ] ], [ [ 108.4133412, 11.9406853 ], [ 108.4138301, 11.940945 ], [ 108.4157694, 11.9411382 ], [ 108.4168326, 11.9408254 ], [ 108.4177355, 11.9408589 ] ], [ [ 108.4177355, 11.9408589 ], [ 108.4179965, 11.9408884 ] ], [ [ 108.4179965, 11.9408884 ], [ 108.4180576, 11.9408879 ] ], [ [ 108.4180576, 11.9408879 ], [ 108.418376, 11.9409457 ] ], [ [ 108.418376, 11.9409457 ], [ 108.419417, 11.9410452 ] ], [ [ 108.419417, 11.9410452 ], [ 108.4204258, 11.9412439 ], [ 108.4209527, 11.9416713 ], [ 108.4211449, 11.9415786 ], [ 108.4212643, 11.9411761 ] ], [ [ 108.4212643, 11.9411761 ], [ 108.4213608, 11.9409747 ], [ 108.4215966, 11.9407983 ], [ 108.4221637, 11.9408268 ] ], [ [ 108.4221637, 11.9408268 ], [ 108.4232418, 11.9409707 ], [ 108.4242227, 11.9406794 ], [ 108.4245665, 11.9404257 ], [ 108.4249084, 11.9397913 ], [ 108.4252343, 11.9395452 ] ], [ [ 108.4252343, 11.9395452 ], [ 108.426144, 11.9396732 ] ], [ [ 108.426144, 11.9396732 ], [ 108.4260551, 11.9401035 ] ], [ [ 108.4260551, 11.9401035 ], [ 108.4260558, 11.9405105 ] ], [ [ 108.4260558, 11.9405105 ], [ 108.4260871, 11.9408661 ] ], [ [ 108.4260871, 11.9408661 ], [ 108.4261047, 11.9411811 ] ], [ [ 108.4261047, 11.9411811 ], [ 108.4261761, 11.9423474 ] ], [ [ 108.4261761, 11.9423474 ], [ 108.4266242, 11.9422757 ], [ 108.4268626, 11.9423282 ], [ 108.4274706, 11.9428965 ], [ 108.4284159, 11.9428165 ] ], [ [ 108.4284159, 11.9428165 ], [ 108.4286278, 11.9427842 ] ], [ [ 108.4286278, 11.9427842 ], [ 108.4287032, 11.9427738 ] ], [ [ 108.4287032, 11.9427738 ], [ 108.4290281, 11.9444062 ], [ 108.4296707, 11.9461492 ] ], [ [ 108.4296707, 11.9461492 ], [ 108.4293498, 11.9462444 ] ], [ [ 108.4293498, 11.9462444 ], [ 108.4292139, 11.9463551 ] ], [ [ 108.4292139, 11.9463551 ], [ 108.4292087, 11.9465268 ], [ 108.4293485, 11.9467365 ] ], [ [ 108.4293485, 11.9467365 ], [ 108.4290341, 11.9476432 ], [ 108.4287754, 11.9487241 ], [ 108.4285984, 11.9487556 ], [ 108.4279993, 11.9484508 ], [ 108.4276015, 11.948847 ], [ 108.4269143, 11.9491289 ], [ 108.4267976, 11.9494173 ] ], [ [ 108.4267976, 11.9494173 ], [ 108.4267553, 11.9493561 ] ] ] } },
{ "type": "Feature", "properties": { "edge_id": "E071", "from_node": "DL10", "to_node": "DL19", "from_name": "Vườn dâu Công nghệ cao Bình Yên", "to_name": "Làng Đồng trụ LangBiang", "distance_km": 11.843, "base_time_min": 20.99, "average_speed_kph": 33.8, "road_type": "living_street|residential|secondary|tertiary", "one_way_share": 0.197, "direction": "directed", "congestion_level": 1, "risk_score": 0, "closed": false, "backbone_edge": false, "data_source": "OpenStreetMap + modeled speeds" }, "geometry": { "type": "MultiLineString", "coordinates": [ [ [ 108.4267553, 11.9493561 ], [ 108.4267976, 11.9494173 ] ], [ [ 108.4267976, 11.9494173 ], [ 108.4271604, 11.9499048 ], [ 108.4273407, 11.9503901 ] ], [ [ 108.4273407, 11.9503901 ], [ 108.4267163, 11.9507184 ] ], [ [ 108.4267163, 11.9507184 ], [ 108.4269884, 11.9511093 ], [ 108.4272983, 11.9522301 ] ], [ [ 108.4272983, 11.9522301 ], [ 108.4273426, 11.9525597 ], [ 108.427255, 11.9530485 ], [ 108.4273547, 11.9533436 ], [ 108.4281988, 11.9538519 ], [ 108.4284523, 11.9541248 ], [ 108.4289578, 11.9541311 ] ], [ [ 108.4289578, 11.9541311 ], [ 108.4291893, 11.9539183 ], [ 108.4294944, 11.953993 ] ], [ [ 108.4294944, 11.953993 ], [ 108.4303767, 11.9544262 ] ], [ [ 108.4303767, 11.9544262 ], [ 108.4309195, 11.954659 ] ], [ [ 108.4309195, 11.954659 ], [ 108.4309662, 11.9546805 ] ], [ [ 108.4309662, 11.9546805 ], [ 108.4316928, 11.9549988 ] ], [ [ 108.4316928, 11.9549988 ], [ 108.431801, 11.9549202 ] ], [ [ 108.431801, 11.9549202 ], [ 108.4318402, 11.9550632 ] ], [ [ 108.4318402, 11.9550632 ], [ 108.4319731, 11.955148 ] ], [ [ 108.4319731, 11.955148 ], [ 108.4321872, 11.9552959 ] ], [ [ 108.4321872, 11.9552959 ], [ 108.4326516, 11.95555 ], [ 108.4334731, 11.95628 ] ], [ [ 108.4334731, 11.95628 ], [ 108.4335401, 11.9563382 ] ], [ [ 108.4335401, 11.9563382 ], [ 108.4346937, 11.957907 ], [ 108.4348765, 11.9584584 ], [ 108.4348636, 11.9590824 ] ], [ [ 108.4348636, 11.9590824 ], [ 108.4348375, 11.959346 ] ], [ [ 108.4348375, 11.959346 ], [ 108.4347317, 11.9598007 ], [ 108.4341109, 11.961252 ] ], [ [ 108.4341109, 11.961252 ], [ 108.4335169, 11.9621533 ] ], [ [ 108.4335169, 11.9621533 ], [ 108.4334733, 11.9622232 ] ], [ [ 108.4334733, 11.9622232 ], [ 108.43319, 11.9627869 ], [ 108.43301, 11.9629218 ], [ 108.431756, 11.9630556 ], [ 108.4314238, 11.963174 ], [ 108.4312639, 11.9634021 ], [ 108.4312032, 11.9636747 ], [ 108.4313643, 11.9641177 ] ], [ [ 108.4313643, 11.9641177 ], [ 108.4323958, 11.9651738 ], [ 108.4325912, 11.9655988 ] ], [ [ 108.4325912, 11.9655988 ], [ 108.4322231, 11.9664338 ], [ 108.4316817, 11.9670255 ], [ 108.4313839, 11.9671398 ], [ 108.4306219, 11.9670145 ], [ 108.4301879, 11.9670397 ], [ 108.4295449, 11.9674411 ] ], [ [ 108.4295449, 11.9674411 ], [ 108.4291383, 11.9678314 ] ], [ [ 108.4291383, 11.9678314 ], [ 108.4285109, 11.9683139 ], [ 108.4279319, 11.9689462 ], [ 108.4278245, 11.9691203 ], [ 108.4277042, 11.9698635 ] ], [ [ 108.4277042, 11.9698635 ], [ 108.4277637, 11.9700232 ] ], [ [ 108.4277637, 11.9700232 ], [ 108.427661, 11.9700487 ] ], [ [ 108.427661, 11.9700487 ], [ 108.4269334, 11.9710541 ], [ 108.4263137, 11.9714326 ] ], [ [ 108.4263137, 11.9714326 ], [ 108.4262105, 11.9714964 ] ], [ [ 108.4262105, 11.9714964 ], [ 108.4254907, 11.9719258 ], [ 108.4241149, 11.9731134 ] ], [ [ 108.4241149, 11.9731134 ], [ 108.423653, 11.9735998 ], [ 108.4225862, 11.975219 ], [ 108.4220242, 11.975694 ] ], [ [ 108.4220242, 11.975694 ], [ 108.4217167, 11.9758874 ] ], [ [ 108.4217167, 11.9758874 ], [ 108.4207156, 11.9765809 ] ], [ [ 108.4207156, 11.9765809 ], [ 108.4200214, 11.9773927 ] ], [ [ 108.4200214, 11.9773927 ], [ 108.4198733, 11.9777039 ] ], [ [ 108.4198733, 11.9777039 ], [ 108.4197107, 11.9778875 ], [ 108.4189494, 11.9783088 ], [ 108.4182469, 11.9785848 ], [ 108.4179893, 11.9788954 ] ], [ [ 108.4179893, 11.9788954 ], [ 108.4180093, 11.9798545 ], [ 108.4178172, 11.9807777 ], [ 108.4179172, 11.9822002 ] ], [ [ 108.4179172, 11.9822002 ], [ 108.4177633, 11.9827775 ] ], [ [ 108.4177633, 11.9827775 ], [ 108.4169348, 11.9834728 ], [ 108.4167184, 11.9839284 ], [ 108.4166956, 11.9844814 ], [ 108.4168413, 11.9852169 ], [ 108.4167671, 11.9861455 ] ], [ [ 108.4167671, 11.9861455 ], [ 108.4167623, 11.9865132 ], [ 108.4175814, 11.9887827 ], [ 108.4177925, 11.9896869 ], [ 108.4178086, 11.9902345 ] ], [ [ 108.4178086, 11.9902345 ], [ 108.4179409, 11.9908033 ], [ 108.4184277, 11.9913038 ], [ 108.4185676, 11.9915515 ], [ 108.4188542, 11.9925774 ] ], [ [ 108.4188542, 11.9925774 ], [ 108.4194373, 11.9941769 ] ], [ [ 108.4194373, 11.9941769 ], [ 108.419531, 11.9945003 ] ], [ [ 108.419531, 11.9945003 ], [ 108.4195183, 11.9950852 ], [ 108.4193766, 11.9957278 ] ], [ [ 108.4193766, 11.9957278 ], [ 108.4193623, 11.9970341 ], [ 108.4191268, 11.9976341 ], [ 108.4189119, 11.9979038 ] ], [ [ 108.4189119, 11.9979038 ], [ 108.4183413, 11.9985097 ], [ 108.4178303, 11.9988438 ] ], [ [ 108.4178303, 11.9988438 ], [ 108.4167642, 11.999846 ], [ 108.4158083, 12.0004807 ], [ 108.4154728, 12.0008188 ], [ 108.4149867, 12.0017294 ], [ 108.4149376, 12.0021665 ] ], [ [ 108.4149376, 12.0021665 ], [ 108.4152094, 12.0028199 ] ], [ [ 108.4152094, 12.0028199 ], [ 108.4156711, 12.0037416 ] ], [ [ 108.4156711, 12.0037416 ], [ 108.4159321, 12.0039087 ], [ 108.4175313, 12.0042734 ], [ 108.4179806, 12.0044481 ] ], [ [ 108.4179806, 12.0044481 ], [ 108.4181095, 12.0045132 ] ], [ [ 108.4181095, 12.0045132 ], [ 108.4185817, 12.0048278 ], [ 108.4188807, 12.0051672 ] ], [ [ 108.4188807, 12.0051672 ], [ 108.4188863, 12.0051746 ] ], [ [ 108.4188863, 12.0051746 ], [ 108.4191314, 12.0055258 ], [ 108.4193191, 12.0060615 ] ], [ [ 108.4193191, 12.0060615 ], [ 108.4191447, 12.0078285 ] ], [ [ 108.4191447, 12.0078285 ], [ 108.4191371, 12.0081083 ] ], [ [ 108.4191371, 12.0081083 ], [ 108.419127, 12.0086174 ] ], [ [ 108.419127, 12.0086174 ], [ 108.4191576, 12.0086938 ] ], [ [ 108.4191576, 12.0086938 ], [ 108.419612, 12.0086906 ], [ 108.4198068, 12.0087714 ] ], [ [ 108.4198068, 12.0087714 ], [ 108.4205341, 12.0089961 ], [ 108.4210062, 12.0088492 ], [ 108.4213693, 12.008835 ] ], [ [ 108.4213693, 12.008835 ], [ 108.421952, 12.0089662 ] ], [ [ 108.421952, 12.0089662 ], [ 108.4220442, 12.0090254 ] ], [ [ 108.4220442, 12.0090254 ], [ 108.4234497, 12.0097202 ], [ 108.42397, 12.0100902 ], [ 108.4242731, 12.0101846 ], [ 108.4246624, 12.0100518 ], [ 108.4253665, 12.0095108 ] ], [ [ 108.4253665, 12.0095108 ], [ 108.4266312, 12.0098784 ], [ 108.4269212, 12.0104644 ] ], [ [ 108.4269212, 12.0104644 ], [ 108.4272441, 12.0113901 ], [ 108.4276123, 12.011964 ] ], [ [ 108.4276123, 12.011964 ], [ 108.4289401, 12.0135232 ], [ 108.4296482, 12.0141529 ], [ 108.430964, 12.0156872 ] ], [ [ 108.430964, 12.0156872 ], [ 108.4315482, 12.0166076 ], [ 108.4324354, 12.0176284 ], [ 108.4327499, 12.0178648 ], [ 108.4349563, 12.0188527 ], [ 108.4351675, 12.0191205 ], [ 108.4352348, 12.0201081 ], [ 108.4355821, 12.020636 ], [ 108.4371433, 12.0212935 ] ], [ [ 108.4371433, 12.0212935 ], [ 108.4372391, 12.0208884 ] ], [ [ 108.4372391, 12.0208884 ], [ 108.4374875, 12.0198632 ] ], [ [ 108.4374875, 12.0198632 ], [ 108.4363235, 12.0197778 ] ] ] } },
{ "type": "Feature", "properties": { "edge_id": "E072", "from_node": "DL19", "to_node": "DL10", "from_name": "Làng Đồng trụ LangBiang", "to_name": "Vườn dâu Công nghệ cao Bình Yên", "distance_km": 11.841, "base_time_min": 20.99, "average_speed_kph": 33.8, "road_type": "living_street|residential|secondary|tertiary", "one_way_share": 0.222, "direction": "directed", "congestion_level": 1, "risk_score": 0, "closed": false, "backbone_edge": false, "data_source": "OpenStreetMap + modeled speeds" }, "geometry": { "type": "MultiLineString", "coordinates": [ [ [ 108.4363235, 12.0197778 ], [ 108.4374875, 12.0198632 ] ], [ [ 108.4374875, 12.0198632 ], [ 108.4372391, 12.0208884 ] ], [ [ 108.4372391, 12.0208884 ], [ 108.4371433, 12.0212935 ] ], [ [ 108.4371433, 12.0212935 ], [ 108.4355821, 12.020636 ], [ 108.4352348, 12.0201081 ], [ 108.4351675, 12.0191205 ], [ 108.4349563, 12.0188527 ], [ 108.4327499, 12.0178648 ], [ 108.4324354, 12.0176284 ], [ 108.4315482, 12.0166076 ], [ 108.430964, 12.0156872 ] ], [ [ 108.430964, 12.0156872 ], [ 108.4296482, 12.0141529 ], [ 108.4289401, 12.0135232 ], [ 108.4276123, 12.011964 ] ], [ [ 108.4276123, 12.011964 ], [ 108.4272441, 12.0113901 ], [ 108.4269212, 12.0104644 ] ], [ [ 108.4269212, 12.0104644 ], [ 108.4266312, 12.0098784 ], [ 108.4253665, 12.0095108 ] ], [ [ 108.4253665, 12.0095108 ], [ 108.4246624, 12.0100518 ], [ 108.4242731, 12.0101846 ], [ 108.42397, 12.0100902 ], [ 108.4234497, 12.0097202 ], [ 108.4220442, 12.0090254 ] ], [ [ 108.4220442, 12.0090254 ], [ 108.421952, 12.0089662 ] ], [ [ 108.421952, 12.0089662 ], [ 108.4213693, 12.008835 ] ], [ [ 108.4213693, 12.008835 ], [ 108.4210062, 12.0088492 ], [ 108.4205341, 12.0089961 ], [ 108.4198068, 12.0087714 ] ], [ [ 108.4198068, 12.0087714 ], [ 108.419612, 12.0086906 ], [ 108.4191576, 12.0086938 ] ], [ [ 108.4191576, 12.0086938 ], [ 108.4191037, 12.0087576 ] ], [ [ 108.4191037, 12.0087576 ], [ 108.4190473, 12.0087573 ] ], [ [ 108.4190473, 12.0087573 ], [ 108.4189968, 12.0086561 ] ], [ [ 108.4189968, 12.0086561 ], [ 108.4190316, 12.0086124 ] ], [ [ 108.4190316, 12.0086124 ], [ 108.4190593, 12.0081085 ] ], [ [ 108.4190593, 12.0081085 ], [ 108.4190699, 12.0078241 ] ], [ [ 108.4190699, 12.0078241 ], [ 108.4192439, 12.0060707 ] ], [ [ 108.4192439, 12.0060707 ], [ 108.4188807, 12.0051672 ] ], [ [ 108.4188807, 12.0051672 ], [ 108.4185817, 12.0048278 ], [ 108.4181095, 12.0045132 ] ], [ [ 108.4181095, 12.0045132 ], [ 108.4179806, 12.0044481 ] ], [ [ 108.4179806, 12.0044481 ], [ 108.4161704, 12.0040421 ], [ 108.4157315, 12.0039002 ], [ 108.4156009, 12.003784 ] ], [ [ 108.4156009, 12.003784 ], [ 108.4152094, 12.0028199 ] ], [ [ 108.4152094, 12.0028199 ], [ 108.4149376, 12.0021665 ] ], [ [ 108.4149376, 12.0021665 ], [ 108.4149867, 12.0017294 ], [ 108.4154728, 12.0008188 ], [ 108.4158083, 12.0004807 ], [ 108.4167642, 11.999846 ], [ 108.4178303, 11.9988438 ] ], [ [ 108.4178303, 11.9988438 ], [ 108.4183413, 11.9985097 ], [ 108.4189119, 11.9979038 ] ], [ [ 108.4189119, 11.9979038 ], [ 108.4191268, 11.9976341 ], [ 108.4193623, 11.9970341 ], [ 108.4193766, 11.9957278 ] ], [ [ 108.4193766, 11.9957278 ], [ 108.4195183, 11.9950852 ], [ 108.419531, 11.9945003 ] ], [ [ 108.419531, 11.9945003 ], [ 108.4194373, 11.9941769 ] ], [ [ 108.4194373, 11.9941769 ], [ 108.4188542, 11.9925774 ] ], [ [ 108.4188542, 11.9925774 ], [ 108.4185676, 11.9915515 ], [ 108.4184277, 11.9913038 ], [ 108.4179409, 11.9908033 ], [ 108.4178086, 11.9902345 ] ], [ [ 108.4178086, 11.9902345 ], [ 108.4177925, 11.9896869 ], [ 108.4175814, 11.9887827 ], [ 108.4167623, 11.9865132 ], [ 108.4167671, 11.9861455 ] ], [ [ 108.4167671, 11.9861455 ], [ 108.4168413, 11.9852169 ], [ 108.4166956, 11.9844814 ], [ 108.4167184, 11.9839284 ], [ 108.4169348, 11.9834728 ], [ 108.4177633, 11.9827775 ] ], [ [ 108.4177633, 11.9827775 ], [ 108.4179172, 11.9822002 ] ], [ [ 108.4179172, 11.9822002 ], [ 108.4178172, 11.9807777 ], [ 108.4180093, 11.9798545 ], [ 108.4179893, 11.9788954 ] ], [ [ 108.4179893, 11.9788954 ], [ 108.4182469, 11.9785848 ], [ 108.4189494, 11.9783088 ], [ 108.4197107, 11.9778875 ], [ 108.4198733, 11.9777039 ] ], [ [ 108.4198733, 11.9777039 ], [ 108.4200214, 11.9773927 ] ], [ [ 108.4200214, 11.9773927 ], [ 108.4207156, 11.9765809 ] ], [ [ 108.4207156, 11.9765809 ], [ 108.4217167, 11.9758874 ] ], [ [ 108.4217167, 11.9758874 ], [ 108.4220242, 11.975694 ] ], [ [ 108.4220242, 11.975694 ], [ 108.4225862, 11.975219 ], [ 108.423653, 11.9735998 ], [ 108.4241149, 11.9731134 ] ], [ [ 108.4241149, 11.9731134 ], [ 108.4254907, 11.9719258 ], [ 108.4262105, 11.9714964 ] ], [ [ 108.4262105, 11.9714964 ], [ 108.4263137, 11.9714326 ] ], [ [ 108.4263137, 11.9714326 ], [ 108.4269334, 11.9710541 ], [ 108.427661, 11.9700487 ] ], [ [ 108.427661, 11.9700487 ], [ 108.4276088, 11.9699192 ] ], [ [ 108.4276088, 11.9699192 ], [ 108.4277042, 11.9698635 ] ], [ [ 108.4277042, 11.9698635 ], [ 108.4278245, 11.9691203 ], [ 108.4279319, 11.9689462 ], [ 108.4285109, 11.9683139 ], [ 108.4291383, 11.9678314 ] ], [ [ 108.4291383, 11.9678314 ], [ 108.4295449, 11.9674411 ] ], [ [ 108.4295449, 11.9674411 ], [ 108.4301879, 11.9670397 ], [ 108.4306219, 11.9670145 ], [ 108.4313839, 11.9671398 ], [ 108.4316817, 11.9670255 ], [ 108.4322231, 11.9664338 ], [ 108.4325912, 11.9655988 ] ], [ [ 108.4325912, 11.9655988 ], [ 108.4323958, 11.9651738 ], [ 108.4313643, 11.9641177 ] ], [ [ 108.4313643, 11.9641177 ], [ 108.4312032, 11.9636747 ], [ 108.4312639, 11.9634021 ], [ 108.4314238, 11.963174 ], [ 108.431756, 11.9630556 ], [ 108.43301, 11.9629218 ], [ 108.43319, 11.9627869 ], [ 108.4334733, 11.9622232 ] ], [ [ 108.4334733, 11.9622232 ], [ 108.4335169, 11.9621533 ] ], [ [ 108.4335169, 11.9621533 ], [ 108.4341109, 11.961252 ] ], [ [ 108.4341109, 11.961252 ], [ 108.4347317, 11.9598007 ], [ 108.4348375, 11.959346 ] ], [ [ 108.4348375, 11.959346 ], [ 108.4348636, 11.9590824 ] ], [ [ 108.4348636, 11.9590824 ], [ 108.4348083, 11.9585177 ], [ 108.4346255, 11.9579663 ], [ 108.4343014, 11.9574414 ], [ 108.4334906, 11.9564258 ] ], [ [ 108.4334906, 11.9564258 ], [ 108.4334235, 11.9563653 ] ], [ [ 108.4334235, 11.9563653 ], [ 108.4321872, 11.9552959 ] ], [ [ 108.4321872, 11.9552959 ], [ 108.4319731, 11.955148 ] ], [ [ 108.4319731, 11.955148 ], [ 108.4318402, 11.9550632 ] ], [ [ 108.4318402, 11.9550632 ], [ 108.4317319, 11.9550734 ], [ 108.4316928, 11.9549988 ] ], [ [ 108.4316928, 11.9549988 ], [ 108.4309662, 11.9546805 ] ], [ [ 108.4309662, 11.9546805 ], [ 108.4309195, 11.954659 ] ], [ [ 108.4309195, 11.954659 ], [ 108.4303767, 11.9544262 ] ], [ [ 108.4303767, 11.9544262 ], [ 108.4294944, 11.953993 ] ], [ [ 108.4294944, 11.953993 ], [ 108.4291893, 11.9539183 ], [ 108.4289578, 11.9541311 ] ], [ [ 108.4289578, 11.9541311 ], [ 108.4284523, 11.9541248 ], [ 108.4281988, 11.9538519 ], [ 108.4273547, 11.9533436 ], [ 108.427255, 11.9530485 ], [ 108.4273426, 11.9525597 ], [ 108.4272983, 11.9522301 ] ], [ [ 108.4272983, 11.9522301 ], [ 108.4269884, 11.9511093 ], [ 108.4267163, 11.9507184 ] ], [ [ 108.4267163, 11.9507184 ], [ 108.4273407, 11.9503901 ] ], [ [ 108.4273407, 11.9503901 ], [ 108.4271604, 11.9499048 ], [ 108.4267976, 11.9494173 ] ], [ [ 108.4267976, 11.9494173 ], [ 108.4267553, 11.9493561 ] ] ] } },
{ "type": "Feature", "properties": { "edge_id": "E073", "from_node": "DL10", "to_node": "DL21", "from_name": "Vườn dâu Công nghệ cao Bình Yên", "to_name": "Chợ Đà Lạt", "distance_km": 2.429, "base_time_min": 5.22, "average_speed_kph": 27.9, "road_type": "residential|secondary|tertiary", "one_way_share": 0.192, "direction": "directed", "congestion_level": 1, "risk_score": 0, "closed": false, "backbone_edge": false, "data_source": "OpenStreetMap + modeled speeds" }, "geometry": { "type": "MultiLineString", "coordinates": [ [ [ 108.4267553, 11.9493561 ], [ 108.4267976, 11.9494173 ] ], [ [ 108.4267976, 11.9494173 ], [ 108.4269143, 11.9491289 ], [ 108.4276015, 11.948847 ], [ 108.4279993, 11.9484508 ], [ 108.4285984, 11.9487556 ], [ 108.4287754, 11.9487241 ], [ 108.4290341, 11.9476432 ], [ 108.4293485, 11.9467365 ] ], [ [ 108.4293485, 11.9467365 ], [ 108.4292087, 11.9465268 ], [ 108.4292139, 11.9463551 ] ], [ [ 108.4292139, 11.9463551 ], [ 108.4293498, 11.9462444 ] ], [ [ 108.4293498, 11.9462444 ], [ 108.4296707, 11.9461492 ] ], [ [ 108.4296707, 11.9461492 ], [ 108.4299212, 11.9459416 ], [ 108.4299483, 11.9449987 ], [ 108.4301354, 11.944745 ] ], [ [ 108.4301354, 11.944745 ], [ 108.4303532, 11.9445836 ] ], [ [ 108.4303532, 11.9445836 ], [ 108.4308484, 11.9439451 ], [ 108.4309378, 11.9436862 ], [ 108.4309378, 11.9431866 ] ], [ [ 108.4309378, 11.9431866 ], [ 108.4311339, 11.9425348 ] ], [ [ 108.4311339, 11.9425348 ], [ 108.4312884, 11.9424017 ] ], [ [ 108.4312884, 11.9424017 ], [ 108.4314559, 11.9421087 ] ], [ [ 108.4314559, 11.9421087 ], [ 108.4315064, 11.9420207 ] ], [ [ 108.4315064, 11.9420207 ], [ 108.4320073, 11.9412491 ] ], [ [ 108.4320073, 11.9412491 ], [ 108.4315773, 11.9408501 ] ], [ [ 108.4315773, 11.9408501 ], [ 108.431672, 11.9407806 ] ], [ [ 108.431672, 11.9407806 ], [ 108.431877, 11.9406015 ] ], [ [ 108.431877, 11.9406015 ], [ 108.4330849, 11.939515 ], [ 108.4333662, 11.9393981 ], [ 108.4338806, 11.9393636 ] ], [ [ 108.4338806, 11.9393636 ], [ 108.4345322, 11.9391934 ] ], [ [ 108.4345322, 11.9391934 ], [ 108.4346446, 11.9391532 ] ], [ [ 108.4346446, 11.9391532 ], [ 108.435245, 11.9390624 ], [ 108.4359638, 11.9391687 ], [ 108.4369603, 11.9396108 ], [ 108.4373175, 11.9399051 ] ], [ [ 108.4373175, 11.9399051 ], [ 108.4374903, 11.9401147 ] ], [ [ 108.4374903, 11.9401147 ], [ 108.4377022, 11.9400945 ] ], [ [ 108.4377022, 11.9400945 ], [ 108.4377863, 11.9402304 ], [ 108.4377588, 11.9403351 ] ], [ [ 108.4377588, 11.9403351 ], [ 108.4375707, 11.9404105 ] ], [ [ 108.4375707, 11.9404105 ], [ 108.4370107, 11.942457 ] ], [ [ 108.4370107, 11.942457 ], [ 108.4371657, 11.9426567 ], [ 108.4370388, 11.9428504 ] ] ] } },
{ "type": "Feature", "properties": { "edge_id": "E074", "from_node": "DL21", "to_node": "DL10", "from_name": "Chợ Đà Lạt", "to_name": "Vườn dâu Công nghệ cao Bình Yên", "distance_km": 2.426, "base_time_min": 5.26, "average_speed_kph": 27.7, "road_type": "residential|secondary|tertiary", "one_way_share": 0.192, "direction": "directed", "congestion_level": 1, "risk_score": 0, "closed": false, "backbone_edge": false, "data_source": "OpenStreetMap + modeled speeds" }, "geometry": { "type": "MultiLineString", "coordinates": [ [ [ 108.4370388, 11.9428504 ], [ 108.4368717, 11.9428587 ], [ 108.4367626, 11.9427693 ] ], [ [ 108.4367626, 11.9427693 ], [ 108.436779, 11.9425283 ], [ 108.4370107, 11.942457 ] ], [ [ 108.4370107, 11.942457 ], [ 108.4375707, 11.9404105 ] ], [ [ 108.4375707, 11.9404105 ], [ 108.4374425, 11.9402973 ] ], [ [ 108.4374425, 11.9402973 ], [ 108.4374903, 11.9401147 ] ], [ [ 108.4374903, 11.9401147 ], [ 108.4373175, 11.9399051 ] ], [ [ 108.4373175, 11.9399051 ], [ 108.4369603, 11.9396108 ], [ 108.4359638, 11.9391687 ], [ 108.435245, 11.9390624 ], [ 108.4346446, 11.9391532 ] ], [ [ 108.4346446, 11.9391532 ], [ 108.4345322, 11.9391934 ] ], [ [ 108.4345322, 11.9391934 ], [ 108.4338806, 11.9393636 ] ], [ [ 108.4338806, 11.9393636 ], [ 108.4333662, 11.9393981 ], [ 108.4330849, 11.939515 ], [ 108.431877, 11.9406015 ] ], [ [ 108.431877, 11.9406015 ], [ 108.431672, 11.9407806 ] ], [ [ 108.431672, 11.9407806 ], [ 108.4315773, 11.9408501 ] ], [ [ 108.4315773, 11.9408501 ], [ 108.4320073, 11.9412491 ] ], [ [ 108.4320073, 11.9412491 ], [ 108.4315064, 11.9420207 ] ], [ [ 108.4315064, 11.9420207 ], [ 108.4314559, 11.9421087 ] ], [ [ 108.4314559, 11.9421087 ], [ 108.4312884, 11.9424017 ] ], [ [ 108.4312884, 11.9424017 ], [ 108.4311339, 11.9425348 ] ], [ [ 108.4311339, 11.9425348 ], [ 108.4309378, 11.9431866 ] ], [ [ 108.4309378, 11.9431866 ], [ 108.4309378, 11.9436862 ], [ 108.4308484, 11.9439451 ], [ 108.4303532, 11.9445836 ] ], [ [ 108.4303532, 11.9445836 ], [ 108.4301354, 11.944745 ] ], [ [ 108.4301354, 11.944745 ], [ 108.4299483, 11.9449987 ], [ 108.4299212, 11.9459416 ], [ 108.4296707, 11.9461492 ] ], [ [ 108.4296707, 11.9461492 ], [ 108.4293498, 11.9462444 ] ], [ [ 108.4293498, 11.9462444 ], [ 108.4292139, 11.9463551 ] ], [ [ 108.4292139, 11.9463551 ], [ 108.4292087, 11.9465268 ], [ 108.4293485, 11.9467365 ] ], [ [ 108.4293485, 11.9467365 ], [ 108.4290341, 11.9476432 ], [ 108.4287754, 11.9487241 ], [ 108.4285984, 11.9487556 ], [ 108.4279993, 11.9484508 ], [ 108.4276015, 11.948847 ], [ 108.4269143, 11.9491289 ], [ 108.4267976, 11.9494173 ] ], [ [ 108.4267976, 11.9494173 ], [ 108.4267553, 11.9493561 ] ] ] } },
{ "type": "Feature", "properties": { "edge_id": "E075", "from_node": "DL11", "to_node": "DL16", "from_name": "Thác Prenn", "to_name": "Hồ Tuyền Lâm", "distance_km": 7.691, "base_time_min": 9.24, "average_speed_kph": 49.9, "road_type": "motorway|motorway_link|primary|residential|secondary|tertiary|trunk_link", "one_way_share": 0.625, "direction": "directed", "congestion_level": 1, "risk_score": 0, "closed": false, "backbone_edge": false, "data_source": "OpenStreetMap + modeled speeds" }, "geometry": { "type": "MultiLineString", "coordinates": [ [ [ 108.4696427, 11.8767958 ], [ 108.4688927, 11.8752846 ], [ 108.4676812, 11.8738449 ] ], [ [ 108.4676812, 11.8738449 ], [ 108.4671864, 11.8734632 ] ], [ [ 108.4671864, 11.8734632 ], [ 108.4667897, 11.8733861 ] ], [ [ 108.4667897, 11.8733861 ], [ 108.4661016, 11.8727902 ], [ 108.4660507, 11.8725933 ], [ 108.4661535, 11.8724333 ], [ 108.4665904, 11.8721176 ], [ 108.4669126, 11.8720741 ], [ 108.4673984, 11.8728479 ] ], [ [ 108.4673984, 11.8728479 ], [ 108.4673937, 11.873203 ] ], [ [ 108.4673937, 11.873203 ], [ 108.467503, 11.8734666 ] ], [ [ 108.467503, 11.8734666 ], [ 108.4691184, 11.8754141 ], [ 108.4700425, 11.8773725 ] ], [ [ 108.4700425, 11.8773725 ], [ 108.4701318, 11.877821 ] ], [ [ 108.4701318, 11.877821 ], [ 108.4702709, 11.8781757 ] ], [ [ 108.4702709, 11.8781757 ], [ 108.4708285, 11.8796277 ], [ 108.4708183, 11.8801767 ], [ 108.4705459, 11.8805626 ], [ 108.4692862, 11.8812865 ] ], [ [ 108.4692862, 11.8812865 ], [ 108.46854, 11.8821686 ], [ 108.4678824, 11.8825805 ], [ 108.4671284, 11.8829055 ], [ 108.4669822, 11.8831496 ], [ 108.4668159, 11.8837625 ], [ 108.4665081, 11.8840942 ], [ 108.4648941, 11.8849213 ], [ 108.464056, 11.8858163 ], [ 108.4638324, 11.8858751 ], [ 108.4632577, 11.8858392 ], [ 108.4629961, 11.8859799 ], [ 108.4627283, 11.8865197 ], [ 108.4622572, 11.8869397 ], [ 108.4621033, 11.8871733 ], [ 108.4620584, 11.8874709 ], [ 108.4621815, 11.8883169 ], [ 108.4621459, 11.8887433 ], [ 108.4616141, 11.8901475 ], [ 108.4613255, 11.8905381 ], [ 108.4595533, 11.8920226 ], [ 108.4586869, 11.8922843 ], [ 108.4582517, 11.8929108 ], [ 108.4579822, 11.8931573 ], [ 108.4577302, 11.8931833 ], [ 108.4569789, 11.8928754 ], [ 108.4564944, 11.892885 ], [ 108.456118, 11.893025 ], [ 108.4556323, 11.8935766 ], [ 108.454982, 11.8937901 ], [ 108.4545502, 11.8941247 ], [ 108.4542331, 11.8945219 ], [ 108.454055, 11.8950048 ], [ 108.4541327, 11.8958352 ], [ 108.4539467, 11.8961638 ], [ 108.4517184, 11.8967124 ], [ 108.4513458, 11.8969213 ], [ 108.4508258, 11.8973886 ], [ 108.4506127, 11.8977642 ], [ 108.4504456, 11.8983798 ], [ 108.4504518, 11.8992571 ], [ 108.4499594, 11.9000256 ], [ 108.4499153, 11.9003647 ], [ 108.4501018, 11.9012932 ], [ 108.4502675, 11.9015963 ], [ 108.4506301, 11.9018697 ], [ 108.4513758, 11.9021386 ], [ 108.4515864, 11.9023803 ], [ 108.4516307, 11.9026209 ], [ 108.4514306, 11.9038996 ], [ 108.45115, 11.9042373 ], [ 108.4505081, 11.9043487 ], [ 108.4502026, 11.9043196 ], [ 108.4495282, 11.9040847 ], [ 108.4491068, 11.9041293 ], [ 108.4487809, 11.9043526 ], [ 108.4483478, 11.9050292 ] ], [ [ 108.4483478, 11.9050292 ], [ 108.4481277, 11.9053821 ] ], [ [ 108.4481277, 11.9053821 ], [ 108.4479972, 11.905398 ], [ 108.4478959, 11.9053114 ] ], [ [ 108.4478959, 11.9053114 ], [ 108.447646, 11.905115 ], [ 108.4472561, 11.905019 ], [ 108.4469782, 11.9050578 ], [ 108.4461184, 11.905397 ], [ 108.4457901, 11.9053985 ], [ 108.4454198, 11.9052083 ], [ 108.4446851, 11.9046243 ], [ 108.44266, 11.9043514 ], [ 108.4421531, 11.9040098 ] ], [ [ 108.4421531, 11.9040098 ], [ 108.4416998, 11.9036034 ], [ 108.4406778, 11.9033514 ], [ 108.4404261, 11.9032197 ], [ 108.4402155, 11.9029849 ] ], [ [ 108.4402155, 11.9029849 ], [ 108.4398491, 11.9021677 ], [ 108.4390799, 11.9014358 ], [ 108.4381271, 11.9000219 ], [ 108.4379432, 11.8998559 ] ] ] } },
{ "type": "Feature", "properties": { "edge_id": "E076", "from_node": "DL16", "to_node": "DL11", "from_name": "Hồ Tuyền Lâm", "to_name": "Thác Prenn", "distance_km": 6.291, "base_time_min": 7.19, "average_speed_kph": 52.5, "road_type": "primary|primary_link|secondary|tertiary", "one_way_share": 0.5, "direction": "directed", "congestion_level": 1, "risk_score": 0, "closed": false, "backbone_edge": false, "data_source": "OpenStreetMap + modeled speeds" }, "geometry": { "type": "MultiLineString", "coordinates": [ [ [ 108.4379432, 11.8998559 ], [ 108.4381271, 11.9000219 ], [ 108.4390799, 11.9014358 ], [ 108.4398491, 11.9021677 ], [ 108.4402155, 11.9029849 ] ], [ [ 108.4402155, 11.9029849 ], [ 108.4407341, 11.9032787 ], [ 108.4417561, 11.9035307 ], [ 108.4422114, 11.9039452 ] ], [ [ 108.4422114, 11.9039452 ], [ 108.4427162, 11.9042787 ], [ 108.4447414, 11.9045516 ], [ 108.4454761, 11.9051356 ], [ 108.4458317, 11.9052982 ], [ 108.4461599, 11.9052967 ], [ 108.447109, 11.9049299 ], [ 108.4474335, 11.9049482 ], [ 108.4479278, 11.9051664 ] ], [ [ 108.4479278, 11.9051664 ], [ 108.4483478, 11.9050292 ] ], [ [ 108.4483478, 11.9050292 ], [ 108.4487809, 11.9043526 ], [ 108.4491068, 11.9041293 ], [ 108.4495282, 11.9040847 ], [ 108.4502026, 11.9043196 ], [ 108.4505081, 11.9043487 ], [ 108.45115, 11.9042373 ], [ 108.4514306, 11.9038996 ], [ 108.4516307, 11.9026209 ], [ 108.4515864, 11.9023803 ], [ 108.4513758, 11.9021386 ], [ 108.4506301, 11.9018697 ], [ 108.4502675, 11.9015963 ], [ 108.4501018, 11.9012932 ], [ 108.4499153, 11.9003647 ], [ 108.4499594, 11.9000256 ], [ 108.4504518, 11.8992571 ], [ 108.4504456, 11.8983798 ], [ 108.4506127, 11.8977642 ], [ 108.4508258, 11.8973886 ], [ 108.4513458, 11.8969213 ], [ 108.4517184, 11.8967124 ], [ 108.4539467, 11.8961638 ], [ 108.4541327, 11.8958352 ], [ 108.454055, 11.8950048 ], [ 108.4542331, 11.8945219 ], [ 108.4545502, 11.8941247 ], [ 108.454982, 11.8937901 ], [ 108.4556323, 11.8935766 ], [ 108.456118, 11.893025 ], [ 108.4564944, 11.892885 ], [ 108.4569789, 11.8928754 ], [ 108.4577302, 11.8931833 ], [ 108.4579822, 11.8931573 ], [ 108.4582517, 11.8929108 ], [ 108.4586869, 11.8922843 ], [ 108.4595533, 11.8920226 ], [ 108.4613255, 11.8905381 ], [ 108.4616141, 11.8901475 ], [ 108.4621459, 11.8887433 ], [ 108.4621815, 11.8883169 ], [ 108.4620584, 11.8874709 ], [ 108.4621033, 11.8871733 ], [ 108.4622572, 11.8869397 ], [ 108.4627283, 11.8865197 ], [ 108.4629961, 11.8859799 ], [ 108.4632577, 11.8858392 ], [ 108.4638324, 11.8858751 ], [ 108.464056, 11.8858163 ], [ 108.4648941, 11.8849213 ], [ 108.4665081, 11.8840942 ], [ 108.4668159, 11.8837625 ], [ 108.4669822, 11.8831496 ], [ 108.4671284, 11.8829055 ], [ 108.4678824, 11.8825805 ], [ 108.46854, 11.8821686 ], [ 108.4692862, 11.8812865 ] ], [ [ 108.4692862, 11.8812865 ], [ 108.4705459, 11.8805626 ], [ 108.4708183, 11.8801767 ], [ 108.4708285, 11.8796277 ], [ 108.4702709, 11.8781757 ] ], [ [ 108.4702709, 11.8781757 ], [ 108.4701318, 11.877821 ] ], [ [ 108.4701318, 11.877821 ], [ 108.4696427, 11.8767958 ] ] ] } },
{ "type": "Feature", "properties": { "edge_id": "E077", "from_node": "DL11", "to_node": "DL24", "from_name": "Thác Prenn", "to_name": "Thiền viện Trúc Lâm Đà Lạt", "distance_km": 8.121, "base_time_min": 9.71, "average_speed_kph": 50.2, "road_type": "motorway|motorway_link|primary|residential|secondary|tertiary|trunk_link", "one_way_share": 0.526, "direction": "directed", "congestion_level": 1, "risk_score": 0, "closed": false, "backbone_edge": false, "data_source": "OpenStreetMap + modeled speeds" }, "geometry": { "type": "MultiLineString", "coordinates": [ [ [ 108.4696427, 11.8767958 ], [ 108.4688927, 11.8752846 ], [ 108.4676812, 11.8738449 ] ], [ [ 108.4676812, 11.8738449 ], [ 108.4671864, 11.8734632 ] ], [ [ 108.4671864, 11.8734632 ], [ 108.4667897, 11.8733861 ] ], [ [ 108.4667897, 11.8733861 ], [ 108.4661016, 11.8727902 ], [ 108.4660507, 11.8725933 ], [ 108.4661535, 11.8724333 ], [ 108.4665904, 11.8721176 ], [ 108.4669126, 11.8720741 ], [ 108.4673984, 11.8728479 ] ], [ [ 108.4673984, 11.8728479 ], [ 108.4673937, 11.873203 ] ], [ [ 108.4673937, 11.873203 ], [ 108.467503, 11.8734666 ] ], [ [ 108.467503, 11.8734666 ], [ 108.4691184, 11.8754141 ], [ 108.4700425, 11.8773725 ] ], [ [ 108.4700425, 11.8773725 ], [ 108.4701318, 11.877821 ] ], [ [ 108.4701318, 11.877821 ], [ 108.4702709, 11.8781757 ] ], [ [ 108.4702709, 11.8781757 ], [ 108.4708285, 11.8796277 ], [ 108.4708183, 11.8801767 ], [ 108.4705459, 11.8805626 ], [ 108.4692862, 11.8812865 ] ], [ [ 108.4692862, 11.8812865 ], [ 108.46854, 11.8821686 ], [ 108.4678824, 11.8825805 ], [ 108.4671284, 11.8829055 ], [ 108.4669822, 11.8831496 ], [ 108.4668159, 11.8837625 ], [ 108.4665081, 11.8840942 ], [ 108.4648941, 11.8849213 ], [ 108.464056, 11.8858163 ], [ 108.4638324, 11.8858751 ], [ 108.4632577, 11.8858392 ], [ 108.4629961, 11.8859799 ], [ 108.4627283, 11.8865197 ], [ 108.4622572, 11.8869397 ], [ 108.4621033, 11.8871733 ], [ 108.4620584, 11.8874709 ], [ 108.4621815, 11.8883169 ], [ 108.4621459, 11.8887433 ], [ 108.4616141, 11.8901475 ], [ 108.4613255, 11.8905381 ], [ 108.4595533, 11.8920226 ], [ 108.4586869, 11.8922843 ], [ 108.4582517, 11.8929108 ], [ 108.4579822, 11.8931573 ], [ 108.4577302, 11.8931833 ], [ 108.4569789, 11.8928754 ], [ 108.4564944, 11.892885 ], [ 108.456118, 11.893025 ], [ 108.4556323, 11.8935766 ], [ 108.454982, 11.8937901 ], [ 108.4545502, 11.8941247 ], [ 108.4542331, 11.8945219 ], [ 108.454055, 11.8950048 ], [ 108.4541327, 11.8958352 ], [ 108.4539467, 11.8961638 ], [ 108.4517184, 11.8967124 ], [ 108.4513458, 11.8969213 ], [ 108.4508258, 11.8973886 ], [ 108.4506127, 11.8977642 ], [ 108.4504456, 11.8983798 ], [ 108.4504518, 11.8992571 ], [ 108.4499594, 11.9000256 ], [ 108.4499153, 11.9003647 ], [ 108.4501018, 11.9012932 ], [ 108.4502675, 11.9015963 ], [ 108.4506301, 11.9018697 ], [ 108.4513758, 11.9021386 ], [ 108.4515864, 11.9023803 ], [ 108.4516307, 11.9026209 ], [ 108.4514306, 11.9038996 ], [ 108.45115, 11.9042373 ], [ 108.4505081, 11.9043487 ], [ 108.4502026, 11.9043196 ], [ 108.4495282, 11.9040847 ], [ 108.4491068, 11.9041293 ], [ 108.4487809, 11.9043526 ], [ 108.4483478, 11.9050292 ] ], [ [ 108.4483478, 11.9050292 ], [ 108.4481277, 11.9053821 ] ], [ [ 108.4481277, 11.9053821 ], [ 108.4479972, 11.905398 ], [ 108.4478959, 11.9053114 ] ], [ [ 108.4478959, 11.9053114 ], [ 108.447646, 11.905115 ], [ 108.4472561, 11.905019 ], [ 108.4469782, 11.9050578 ], [ 108.4461184, 11.905397 ], [ 108.4457901, 11.9053985 ], [ 108.4454198, 11.9052083 ], [ 108.4446851, 11.9046243 ], [ 108.44266, 11.9043514 ], [ 108.4421531, 11.9040098 ] ], [ [ 108.4421531, 11.9040098 ], [ 108.4416998, 11.9036034 ], [ 108.4406778, 11.9033514 ], [ 108.4404261, 11.9032197 ], [ 108.4402155, 11.9029849 ] ], [ [ 108.4402155, 11.9029849 ], [ 108.4400383, 11.902888 ] ], [ [ 108.4400383, 11.902888 ], [ 108.4395612, 11.9027691 ], [ 108.439069, 11.9030152 ], [ 108.4365523, 11.9059946 ], [ 108.4360483, 11.9063328 ], [ 108.4347765, 11.9068994 ] ], [ [ 108.4347765, 11.9068994 ], [ 108.4344653, 11.906854 ], [ 108.4342711, 11.9066917 ] ], [ [ 108.4342711, 11.9066917 ], [ 108.4342369, 11.9065858 ] ] ] } },
{ "type": "Feature", "properties": { "edge_id": "E078", "from_node": "DL24", "to_node": "DL11", "from_name": "Thiền viện Trúc Lâm Đà Lạt", "to_name": "Thác Prenn", "distance_km": 6.721, "base_time_min": 7.65, "average_speed_kph": 52.7, "road_type": "primary|primary_link|secondary|tertiary", "one_way_share": 0.364, "direction": "directed", "congestion_level": 1, "risk_score": 0, "closed": false, "backbone_edge": false, "data_source": "OpenStreetMap + modeled speeds" }, "geometry": { "type": "MultiLineString", "coordinates": [ [ [ 108.4342369, 11.9065858 ], [ 108.4342711, 11.9066917 ] ], [ [ 108.4342711, 11.9066917 ], [ 108.4344653, 11.906854 ], [ 108.4347765, 11.9068994 ] ], [ [ 108.4347765, 11.9068994 ], [ 108.4360483, 11.9063328 ], [ 108.4365523, 11.9059946 ], [ 108.439069, 11.9030152 ], [ 108.4395612, 11.9027691 ], [ 108.4400383, 11.902888 ] ], [ [ 108.4400383, 11.902888 ], [ 108.4402155, 11.9029849 ] ], [ [ 108.4402155, 11.9029849 ], [ 108.4407341, 11.9032787 ], [ 108.4417561, 11.9035307 ], [ 108.4422114, 11.9039452 ] ], [ [ 108.4422114, 11.9039452 ], [ 108.4427162, 11.9042787 ], [ 108.4447414, 11.9045516 ], [ 108.4454761, 11.9051356 ], [ 108.4458317, 11.9052982 ], [ 108.4461599, 11.9052967 ], [ 108.447109, 11.9049299 ], [ 108.4474335, 11.9049482 ], [ 108.4479278, 11.9051664 ] ], [ [ 108.4479278, 11.9051664 ], [ 108.4483478, 11.9050292 ] ], [ [ 108.4483478, 11.9050292 ], [ 108.4487809, 11.9043526 ], [ 108.4491068, 11.9041293 ], [ 108.4495282, 11.9040847 ], [ 108.4502026, 11.9043196 ], [ 108.4505081, 11.9043487 ], [ 108.45115, 11.9042373 ], [ 108.4514306, 11.9038996 ], [ 108.4516307, 11.9026209 ], [ 108.4515864, 11.9023803 ], [ 108.4513758, 11.9021386 ], [ 108.4506301, 11.9018697 ], [ 108.4502675, 11.9015963 ], [ 108.4501018, 11.9012932 ], [ 108.4499153, 11.9003647 ], [ 108.4499594, 11.9000256 ], [ 108.4504518, 11.8992571 ], [ 108.4504456, 11.8983798 ], [ 108.4506127, 11.8977642 ], [ 108.4508258, 11.8973886 ], [ 108.4513458, 11.8969213 ], [ 108.4517184, 11.8967124 ], [ 108.4539467, 11.8961638 ], [ 108.4541327, 11.8958352 ], [ 108.454055, 11.8950048 ], [ 108.4542331, 11.8945219 ], [ 108.4545502, 11.8941247 ], [ 108.454982, 11.8937901 ], [ 108.4556323, 11.8935766 ], [ 108.456118, 11.893025 ], [ 108.4564944, 11.892885 ], [ 108.4569789, 11.8928754 ], [ 108.4577302, 11.8931833 ], [ 108.4579822, 11.8931573 ], [ 108.4582517, 11.8929108 ], [ 108.4586869, 11.8922843 ], [ 108.4595533, 11.8920226 ], [ 108.4613255, 11.8905381 ], [ 108.4616141, 11.8901475 ], [ 108.4621459, 11.8887433 ], [ 108.4621815, 11.8883169 ], [ 108.4620584, 11.8874709 ], [ 108.4621033, 11.8871733 ], [ 108.4622572, 11.8869397 ], [ 108.4627283, 11.8865197 ], [ 108.4629961, 11.8859799 ], [ 108.4632577, 11.8858392 ], [ 108.4638324, 11.8858751 ], [ 108.464056, 11.8858163 ], [ 108.4648941, 11.8849213 ], [ 108.4665081, 11.8840942 ], [ 108.4668159, 11.8837625 ], [ 108.4669822, 11.8831496 ], [ 108.4671284, 11.8829055 ], [ 108.4678824, 11.8825805 ], [ 108.46854, 11.8821686 ], [ 108.4692862, 11.8812865 ] ], [ [ 108.4692862, 11.8812865 ], [ 108.4705459, 11.8805626 ], [ 108.4708183, 11.8801767 ], [ 108.4708285, 11.8796277 ], [ 108.4702709, 11.8781757 ] ], [ [ 108.4702709, 11.8781757 ], [ 108.4701318, 11.877821 ] ], [ [ 108.4701318, 11.877821 ], [ 108.4696427, 11.8767958 ] ] ] } },
{ "type": "Feature", "properties": { "edge_id": "E079", "from_node": "DL12", "to_node": "DL16", "from_name": "Đường hầm điêu khắc", "to_name": "Hồ Tuyền Lâm", "distance_km": 10.106, "base_time_min": 18.93, "average_speed_kph": 32.0, "road_type": "secondary|tertiary", "one_way_share": 0.0, "direction": "directed", "congestion_level": 1, "risk_score": 0, "closed": false, "backbone_edge": true, "data_source": "OpenStreetMap + modeled speeds" }, "geometry": { "type": "MultiLineString", "coordinates": [ [ [ 108.4121227, 11.8822103 ], [ 108.4128949, 11.8821519 ], [ 108.413001, 11.8822321 ], [ 108.4130193, 11.8823933 ], [ 108.4128564, 11.8826039 ], [ 108.4126186, 11.8826739 ], [ 108.4115454, 11.8825031 ], [ 108.4103392, 11.8826111 ], [ 108.4098539, 11.8827428 ], [ 108.4087563, 11.8832168 ], [ 108.4083342, 11.8837998 ], [ 108.4077926, 11.8841142 ], [ 108.407684, 11.8842677 ], [ 108.4076893, 11.8844856 ], [ 108.4081918, 11.8847732 ], [ 108.4083371, 11.8850368 ], [ 108.4083022, 11.885315 ], [ 108.4078448, 11.8858104 ], [ 108.4077604, 11.8860145 ], [ 108.4078851, 11.8861995 ], [ 108.4082539, 11.886315 ], [ 108.4085469, 11.8863279 ], [ 108.4089097, 11.8861798 ], [ 108.4091994, 11.8861772 ], [ 108.4093711, 11.8862687 ], [ 108.4095038, 11.8864974 ], [ 108.409481, 11.8867258 ], [ 108.409072, 11.8874856 ], [ 108.408431, 11.8880946 ], [ 108.4084068, 11.8884043 ], [ 108.4085342, 11.888903 ], [ 108.4084685, 11.8894646 ], [ 108.4085173, 11.8895854 ], [ 108.4087013, 11.8896639 ], [ 108.409241, 11.8894581 ], [ 108.409882, 11.8898085 ], [ 108.4106706, 11.8898885 ], [ 108.410861, 11.8900696 ], [ 108.4108356, 11.8902888 ], [ 108.4102951, 11.8910171 ], [ 108.4099236, 11.8912546 ], [ 108.4094971, 11.8912704 ], [ 108.4093192, 11.8913524 ], [ 108.4091678, 11.8915256 ], [ 108.4091887, 11.8917743 ], [ 108.4093831, 11.8919987 ], [ 108.4098733, 11.892307 ], [ 108.4101476, 11.8932192 ], [ 108.4103031, 11.8932428 ], [ 108.4107631, 11.8929856 ], [ 108.4112205, 11.8937061 ], [ 108.4118012, 11.894126 ], [ 108.4120549, 11.8941427 ], [ 108.4124932, 11.8939082 ], [ 108.4125924, 11.8939659 ], [ 108.4125602, 11.8945634 ], [ 108.4124528, 11.8948171 ], [ 108.4114218, 11.8956449 ], [ 108.41065, 11.8964624 ], [ 108.4106311, 11.8966614 ], [ 108.4107882, 11.896916 ], [ 108.4110203, 11.8970529 ], [ 108.4115116, 11.896958 ], [ 108.4117864, 11.8969927 ], [ 108.4121431, 11.8975704 ], [ 108.4126449, 11.8976961 ], [ 108.4130163, 11.898128 ], [ 108.4135462, 11.8983516 ], [ 108.4139292, 11.899044 ], [ 108.4142341, 11.8992184 ] ], [ [ 108.4142341, 11.8992184 ], [ 108.4144514, 11.8993936 ] ], [ [ 108.4144514, 11.8993936 ], [ 108.4144902, 11.8999361 ], [ 108.4150828, 11.9002452 ], [ 108.4152624, 11.9004171 ], [ 108.4156446, 11.9016926 ], [ 108.4164144, 11.9025259 ], [ 108.4163835, 11.9027052 ], [ 108.4161075, 11.9030552 ], [ 108.4161086, 11.9032529 ], [ 108.4166203, 11.903905 ], [ 108.4164917, 11.9045515 ], [ 108.4170374, 11.9050894 ], [ 108.4176876, 11.9050455 ], [ 108.4180806, 11.9056012 ], [ 108.4183051, 11.9056398 ], [ 108.4187576, 11.9054587 ], [ 108.419272, 11.9045196 ], [ 108.4194879, 11.9044093 ], [ 108.4202182, 11.904858 ], [ 108.4213951, 11.9051293 ], [ 108.4217633, 11.9056444 ], [ 108.421855, 11.9061135 ], [ 108.421788, 11.9066746 ], [ 108.4215264, 11.9070259 ], [ 108.4211266, 11.907276 ], [ 108.420822, 11.9073093 ], [ 108.4204613, 11.907208 ], [ 108.4194823, 11.9065721 ], [ 108.4191922, 11.9068031 ], [ 108.4191942, 11.9069705 ], [ 108.420161, 11.9080271 ], [ 108.4203426, 11.9083227 ], [ 108.4202955, 11.9092618 ], [ 108.4207254, 11.9094435 ], [ 108.4212658, 11.9101009 ], [ 108.4216231, 11.9101475 ], [ 108.4220453, 11.9104484 ], [ 108.4225542, 11.9105263 ], [ 108.4228311, 11.9104274 ], [ 108.4228922, 11.9103208 ], [ 108.4227171, 11.9094399 ], [ 108.4225813, 11.9092504 ], [ 108.4222184, 11.9090222 ], [ 108.4221052, 11.9088268 ], [ 108.4222612, 11.9085927 ], [ 108.4229611, 11.9085656 ], [ 108.4235725, 11.9090639 ], [ 108.4241085, 11.9092926 ], [ 108.424663, 11.9092163 ], [ 108.4250283, 11.9092918 ], [ 108.4255906, 11.9101638 ], [ 108.4264254, 11.9109064 ] ], [ [ 108.4264254, 11.9109064 ], [ 108.4265688, 11.9109807 ], [ 108.4272555, 11.9118968 ], [ 108.4274471, 11.9120313 ], [ 108.4282476, 11.9122934 ], [ 108.429016, 11.9132608 ], [ 108.4291164, 11.9140009 ], [ 108.4292568, 11.9142118 ], [ 108.4297102, 11.9144441 ], [ 108.4304428, 11.9144214 ] ], [ [ 108.4304428, 11.9144214 ], [ 108.4312761, 11.9145842 ], [ 108.4319191, 11.9143241 ], [ 108.432597, 11.9139478 ], [ 108.4338232, 11.9127241 ] ], [ [ 108.4338232, 11.9127241 ], [ 108.4339463, 11.9123686 ], [ 108.4339405, 11.9121334 ], [ 108.4336624, 11.911474 ], [ 108.4336699, 11.9109527 ], [ 108.43452, 11.9073852 ] ], [ [ 108.43452, 11.9073852 ], [ 108.4346214, 11.9070739 ], [ 108.4347765, 11.9068994 ] ], [ [ 108.4347765, 11.9068994 ], [ 108.4360483, 11.9063328 ], [ 108.4365523, 11.9059946 ], [ 108.439069, 11.9030152 ], [ 108.4395612, 11.9027691 ], [ 108.4400383, 11.902888 ] ], [ [ 108.4400383, 11.902888 ], [ 108.4402155, 11.9029849 ] ], [ [ 108.4402155, 11.9029849 ], [ 108.4398491, 11.9021677 ], [ 108.4390799, 11.9014358 ], [ 108.4381271, 11.9000219 ], [ 108.4379432, 11.8998559 ] ] ] } },
{ "type": "Feature", "properties": { "edge_id": "E080", "from_node": "DL16", "to_node": "DL12", "from_name": "Hồ Tuyền Lâm", "to_name": "Đường hầm điêu khắc", "distance_km": 10.106, "base_time_min": 18.93, "average_speed_kph": 32.0, "road_type": "secondary|tertiary", "one_way_share": 0.0, "direction": "directed", "congestion_level": 1, "risk_score": 0, "closed": false, "backbone_edge": true, "data_source": "OpenStreetMap + modeled speeds" }, "geometry": { "type": "MultiLineString", "coordinates": [ [ [ 108.4379432, 11.8998559 ], [ 108.4381271, 11.9000219 ], [ 108.4390799, 11.9014358 ], [ 108.4398491, 11.9021677 ], [ 108.4402155, 11.9029849 ] ], [ [ 108.4402155, 11.9029849 ], [ 108.4400383, 11.902888 ] ], [ [ 108.4400383, 11.902888 ], [ 108.4395612, 11.9027691 ], [ 108.439069, 11.9030152 ], [ 108.4365523, 11.9059946 ], [ 108.4360483, 11.9063328 ], [ 108.4347765, 11.9068994 ] ], [ [ 108.4347765, 11.9068994 ], [ 108.4346214, 11.9070739 ], [ 108.43452, 11.9073852 ] ], [ [ 108.43452, 11.9073852 ], [ 108.4336699, 11.9109527 ], [ 108.4336624, 11.911474 ], [ 108.4339405, 11.9121334 ], [ 108.4339463, 11.9123686 ], [ 108.4338232, 11.9127241 ] ], [ [ 108.4338232, 11.9127241 ], [ 108.432597, 11.9139478 ], [ 108.4319191, 11.9143241 ], [ 108.4312761, 11.9145842 ], [ 108.4304428, 11.9144214 ] ], [ [ 108.4304428, 11.9144214 ], [ 108.4297102, 11.9144441 ], [ 108.4292568, 11.9142118 ], [ 108.4291164, 11.9140009 ], [ 108.429016, 11.9132608 ], [ 108.4282476, 11.9122934 ], [ 108.4274471, 11.9120313 ], [ 108.4272555, 11.9118968 ], [ 108.4265688, 11.9109807 ], [ 108.4264254, 11.9109064 ] ], [ [ 108.4264254, 11.9109064 ], [ 108.4255906, 11.9101638 ], [ 108.4250283, 11.9092918 ], [ 108.424663, 11.9092163 ], [ 108.4241085, 11.9092926 ], [ 108.4235725, 11.9090639 ], [ 108.4229611, 11.9085656 ], [ 108.4222612, 11.9085927 ], [ 108.4221052, 11.9088268 ], [ 108.4222184, 11.9090222 ], [ 108.4225813, 11.9092504 ], [ 108.4227171, 11.9094399 ], [ 108.4228922, 11.9103208 ], [ 108.4228311, 11.9104274 ], [ 108.4225542, 11.9105263 ], [ 108.4220453, 11.9104484 ], [ 108.4216231, 11.9101475 ], [ 108.4212658, 11.9101009 ], [ 108.4207254, 11.9094435 ], [ 108.4202955, 11.9092618 ], [ 108.4203426, 11.9083227 ], [ 108.420161, 11.9080271 ], [ 108.4191942, 11.9069705 ], [ 108.4191922, 11.9068031 ], [ 108.4194823, 11.9065721 ], [ 108.4204613, 11.907208 ], [ 108.420822, 11.9073093 ], [ 108.4211266, 11.907276 ], [ 108.4215264, 11.9070259 ], [ 108.421788, 11.9066746 ], [ 108.421855, 11.9061135 ], [ 108.4217633, 11.9056444 ], [ 108.4213951, 11.9051293 ], [ 108.4202182, 11.904858 ], [ 108.4194879, 11.9044093 ], [ 108.419272, 11.9045196 ], [ 108.4187576, 11.9054587 ], [ 108.4183051, 11.9056398 ], [ 108.4180806, 11.9056012 ], [ 108.4176876, 11.9050455 ], [ 108.4170374, 11.9050894 ], [ 108.4164917, 11.9045515 ], [ 108.4166203, 11.903905 ], [ 108.4161086, 11.9032529 ], [ 108.4161075, 11.9030552 ], [ 108.4163835, 11.9027052 ], [ 108.4164144, 11.9025259 ], [ 108.4156446, 11.9016926 ], [ 108.4152624, 11.9004171 ], [ 108.4150828, 11.9002452 ], [ 108.4144902, 11.8999361 ], [ 108.4144514, 11.8993936 ] ], [ [ 108.4144514, 11.8993936 ], [ 108.4142341, 11.8992184 ] ], [ [ 108.4142341, 11.8992184 ], [ 108.4139292, 11.899044 ], [ 108.4135462, 11.8983516 ], [ 108.4130163, 11.898128 ], [ 108.4126449, 11.8976961 ], [ 108.4121431, 11.8975704 ], [ 108.4117864, 11.8969927 ], [ 108.4115116, 11.896958 ], [ 108.4110203, 11.8970529 ], [ 108.4107882, 11.896916 ], [ 108.4106311, 11.8966614 ], [ 108.41065, 11.8964624 ], [ 108.4114218, 11.8956449 ], [ 108.4124528, 11.8948171 ], [ 108.4125602, 11.8945634 ], [ 108.4125924, 11.8939659 ], [ 108.4124932, 11.8939082 ], [ 108.4120549, 11.8941427 ], [ 108.4118012, 11.894126 ], [ 108.4112205, 11.8937061 ], [ 108.4107631, 11.8929856 ], [ 108.4103031, 11.8932428 ], [ 108.4101476, 11.8932192 ], [ 108.4098733, 11.892307 ], [ 108.4093831, 11.8919987 ], [ 108.4091887, 11.8917743 ], [ 108.4091678, 11.8915256 ], [ 108.4093192, 11.8913524 ], [ 108.4094971, 11.8912704 ], [ 108.4099236, 11.8912546 ], [ 108.4102951, 11.8910171 ], [ 108.4108356, 11.8902888 ], [ 108.410861, 11.8900696 ], [ 108.4106706, 11.8898885 ], [ 108.409882, 11.8898085 ], [ 108.409241, 11.8894581 ], [ 108.4087013, 11.8896639 ], [ 108.4085173, 11.8895854 ], [ 108.4084685, 11.8894646 ], [ 108.4085342, 11.888903 ], [ 108.4084068, 11.8884043 ], [ 108.408431, 11.8880946 ], [ 108.409072, 11.8874856 ], [ 108.409481, 11.8867258 ], [ 108.4095038, 11.8864974 ], [ 108.4093711, 11.8862687 ], [ 108.4091994, 11.8861772 ], [ 108.4089097, 11.8861798 ], [ 108.4085469, 11.8863279 ], [ 108.4082539, 11.886315 ], [ 108.4078851, 11.8861995 ], [ 108.4077604, 11.8860145 ], [ 108.4078448, 11.8858104 ], [ 108.4083022, 11.885315 ], [ 108.4083371, 11.8850368 ], [ 108.4081918, 11.8847732 ], [ 108.4076893, 11.8844856 ], [ 108.407684, 11.8842677 ], [ 108.4077926, 11.8841142 ], [ 108.4083342, 11.8837998 ], [ 108.4087563, 11.8832168 ], [ 108.4098539, 11.8827428 ], [ 108.4103392, 11.8826111 ], [ 108.4115454, 11.8825031 ], [ 108.4126186, 11.8826739 ], [ 108.4128564, 11.8826039 ], [ 108.4130193, 11.8823933 ], [ 108.413001, 11.8822321 ], [ 108.4128949, 11.8821519 ], [ 108.4121227, 11.8822103 ] ] ] } },
{ "type": "Feature", "properties": { "edge_id": "E081", "from_node": "DL12", "to_node": "DL24", "from_name": "Đường hầm điêu khắc", "to_name": "Thiền viện Trúc Lâm Đà Lạt", "distance_km": 8.919, "base_time_min": 16.98, "average_speed_kph": 31.5, "road_type": "secondary|tertiary", "one_way_share": 0.0, "direction": "directed", "congestion_level": 1, "risk_score": 0, "closed": false, "backbone_edge": false, "data_source": "OpenStreetMap + modeled speeds" }, "geometry": { "type": "MultiLineString", "coordinates": [ [ [ 108.4121227, 11.8822103 ], [ 108.4128949, 11.8821519 ], [ 108.413001, 11.8822321 ], [ 108.4130193, 11.8823933 ], [ 108.4128564, 11.8826039 ], [ 108.4126186, 11.8826739 ], [ 108.4115454, 11.8825031 ], [ 108.4103392, 11.8826111 ], [ 108.4098539, 11.8827428 ], [ 108.4087563, 11.8832168 ], [ 108.4083342, 11.8837998 ], [ 108.4077926, 11.8841142 ], [ 108.407684, 11.8842677 ], [ 108.4076893, 11.8844856 ], [ 108.4081918, 11.8847732 ], [ 108.4083371, 11.8850368 ], [ 108.4083022, 11.885315 ], [ 108.4078448, 11.8858104 ], [ 108.4077604, 11.8860145 ], [ 108.4078851, 11.8861995 ], [ 108.4082539, 11.886315 ], [ 108.4085469, 11.8863279 ], [ 108.4089097, 11.8861798 ], [ 108.4091994, 11.8861772 ], [ 108.4093711, 11.8862687 ], [ 108.4095038, 11.8864974 ], [ 108.409481, 11.8867258 ], [ 108.409072, 11.8874856 ], [ 108.408431, 11.8880946 ], [ 108.4084068, 11.8884043 ], [ 108.4085342, 11.888903 ], [ 108.4084685, 11.8894646 ], [ 108.4085173, 11.8895854 ], [ 108.4087013, 11.8896639 ], [ 108.409241, 11.8894581 ], [ 108.409882, 11.8898085 ], [ 108.4106706, 11.8898885 ], [ 108.410861, 11.8900696 ], [ 108.4108356, 11.8902888 ], [ 108.4102951, 11.8910171 ], [ 108.4099236, 11.8912546 ], [ 108.4094971, 11.8912704 ], [ 108.4093192, 11.8913524 ], [ 108.4091678, 11.8915256 ], [ 108.4091887, 11.8917743 ], [ 108.4093831, 11.8919987 ], [ 108.4098733, 11.892307 ], [ 108.4101476, 11.8932192 ], [ 108.4103031, 11.8932428 ], [ 108.4107631, 11.8929856 ], [ 108.4112205, 11.8937061 ], [ 108.4118012, 11.894126 ], [ 108.4120549, 11.8941427 ], [ 108.4124932, 11.8939082 ], [ 108.4125924, 11.8939659 ], [ 108.4125602, 11.8945634 ], [ 108.4124528, 11.8948171 ], [ 108.4114218, 11.8956449 ], [ 108.41065, 11.8964624 ], [ 108.4106311, 11.8966614 ], [ 108.4107882, 11.896916 ], [ 108.4110203, 11.8970529 ], [ 108.4115116, 11.896958 ], [ 108.4117864, 11.8969927 ], [ 108.4121431, 11.8975704 ], [ 108.4126449, 11.8976961 ], [ 108.4130163, 11.898128 ], [ 108.4135462, 11.8983516 ], [ 108.4139292, 11.899044 ], [ 108.4142341, 11.8992184 ] ], [ [ 108.4142341, 11.8992184 ], [ 108.4144514, 11.8993936 ] ], [ [ 108.4144514, 11.8993936 ], [ 108.4144902, 11.8999361 ], [ 108.4150828, 11.9002452 ], [ 108.4152624, 11.9004171 ], [ 108.4156446, 11.9016926 ], [ 108.4164144, 11.9025259 ], [ 108.4163835, 11.9027052 ], [ 108.4161075, 11.9030552 ], [ 108.4161086, 11.9032529 ], [ 108.4166203, 11.903905 ], [ 108.4164917, 11.9045515 ], [ 108.4170374, 11.9050894 ], [ 108.4176876, 11.9050455 ], [ 108.4180806, 11.9056012 ], [ 108.4183051, 11.9056398 ], [ 108.4187576, 11.9054587 ], [ 108.419272, 11.9045196 ], [ 108.4194879, 11.9044093 ], [ 108.4202182, 11.904858 ], [ 108.4213951, 11.9051293 ], [ 108.4217633, 11.9056444 ], [ 108.421855, 11.9061135 ], [ 108.421788, 11.9066746 ], [ 108.4215264, 11.9070259 ], [ 108.4211266, 11.907276 ], [ 108.420822, 11.9073093 ], [ 108.4204613, 11.907208 ], [ 108.4194823, 11.9065721 ], [ 108.4191922, 11.9068031 ], [ 108.4191942, 11.9069705 ], [ 108.420161, 11.9080271 ], [ 108.4203426, 11.9083227 ], [ 108.4202955, 11.9092618 ], [ 108.4207254, 11.9094435 ], [ 108.4212658, 11.9101009 ], [ 108.4216231, 11.9101475 ], [ 108.4220453, 11.9104484 ], [ 108.4225542, 11.9105263 ], [ 108.4228311, 11.9104274 ], [ 108.4228922, 11.9103208 ], [ 108.4227171, 11.9094399 ], [ 108.4225813, 11.9092504 ], [ 108.4222184, 11.9090222 ], [ 108.4221052, 11.9088268 ], [ 108.4222612, 11.9085927 ], [ 108.4229611, 11.9085656 ], [ 108.4235725, 11.9090639 ], [ 108.4241085, 11.9092926 ], [ 108.424663, 11.9092163 ], [ 108.4250283, 11.9092918 ], [ 108.4255906, 11.9101638 ], [ 108.4264254, 11.9109064 ] ], [ [ 108.4264254, 11.9109064 ], [ 108.4265688, 11.9109807 ], [ 108.4272555, 11.9118968 ], [ 108.4274471, 11.9120313 ], [ 108.4282476, 11.9122934 ], [ 108.429016, 11.9132608 ], [ 108.4291164, 11.9140009 ], [ 108.4292568, 11.9142118 ], [ 108.4297102, 11.9144441 ], [ 108.4304428, 11.9144214 ] ], [ [ 108.4304428, 11.9144214 ], [ 108.4312761, 11.9145842 ], [ 108.4319191, 11.9143241 ], [ 108.432597, 11.9139478 ], [ 108.4338232, 11.9127241 ] ], [ [ 108.4338232, 11.9127241 ], [ 108.4339463, 11.9123686 ], [ 108.4339405, 11.9121334 ], [ 108.4336624, 11.911474 ], [ 108.4336699, 11.9109527 ], [ 108.43452, 11.9073852 ] ], [ [ 108.43452, 11.9073852 ], [ 108.4342711, 11.9066917 ] ], [ [ 108.4342711, 11.9066917 ], [ 108.4342369, 11.9065858 ] ] ] } },
{ "type": "Feature", "properties": { "edge_id": "E082", "from_node": "DL24", "to_node": "DL12", "from_name": "Thiền viện Trúc Lâm Đà Lạt", "to_name": "Đường hầm điêu khắc", "distance_km": 8.919, "base_time_min": 16.98, "average_speed_kph": 31.5, "road_type": "secondary|tertiary", "one_way_share": 0.0, "direction": "directed", "congestion_level": 1, "risk_score": 0, "closed": false, "backbone_edge": false, "data_source": "OpenStreetMap + modeled speeds" }, "geometry": { "type": "MultiLineString", "coordinates": [ [ [ 108.4342369, 11.9065858 ], [ 108.4342711, 11.9066917 ] ], [ [ 108.4342711, 11.9066917 ], [ 108.43452, 11.9073852 ] ], [ [ 108.43452, 11.9073852 ], [ 108.4336699, 11.9109527 ], [ 108.4336624, 11.911474 ], [ 108.4339405, 11.9121334 ], [ 108.4339463, 11.9123686 ], [ 108.4338232, 11.9127241 ] ], [ [ 108.4338232, 11.9127241 ], [ 108.432597, 11.9139478 ], [ 108.4319191, 11.9143241 ], [ 108.4312761, 11.9145842 ], [ 108.4304428, 11.9144214 ] ], [ [ 108.4304428, 11.9144214 ], [ 108.4297102, 11.9144441 ], [ 108.4292568, 11.9142118 ], [ 108.4291164, 11.9140009 ], [ 108.429016, 11.9132608 ], [ 108.4282476, 11.9122934 ], [ 108.4274471, 11.9120313 ], [ 108.4272555, 11.9118968 ], [ 108.4265688, 11.9109807 ], [ 108.4264254, 11.9109064 ] ], [ [ 108.4264254, 11.9109064 ], [ 108.4255906, 11.9101638 ], [ 108.4250283, 11.9092918 ], [ 108.424663, 11.9092163 ], [ 108.4241085, 11.9092926 ], [ 108.4235725, 11.9090639 ], [ 108.4229611, 11.9085656 ], [ 108.4222612, 11.9085927 ], [ 108.4221052, 11.9088268 ], [ 108.4222184, 11.9090222 ], [ 108.4225813, 11.9092504 ], [ 108.4227171, 11.9094399 ], [ 108.4228922, 11.9103208 ], [ 108.4228311, 11.9104274 ], [ 108.4225542, 11.9105263 ], [ 108.4220453, 11.9104484 ], [ 108.4216231, 11.9101475 ], [ 108.4212658, 11.9101009 ], [ 108.4207254, 11.9094435 ], [ 108.4202955, 11.9092618 ], [ 108.4203426, 11.9083227 ], [ 108.420161, 11.9080271 ], [ 108.4191942, 11.9069705 ], [ 108.4191922, 11.9068031 ], [ 108.4194823, 11.9065721 ], [ 108.4204613, 11.907208 ], [ 108.420822, 11.9073093 ], [ 108.4211266, 11.907276 ], [ 108.4215264, 11.9070259 ], [ 108.421788, 11.9066746 ], [ 108.421855, 11.9061135 ], [ 108.4217633, 11.9056444 ], [ 108.4213951, 11.9051293 ], [ 108.4202182, 11.904858 ], [ 108.4194879, 11.9044093 ], [ 108.419272, 11.9045196 ], [ 108.4187576, 11.9054587 ], [ 108.4183051, 11.9056398 ], [ 108.4180806, 11.9056012 ], [ 108.4176876, 11.9050455 ], [ 108.4170374, 11.9050894 ], [ 108.4164917, 11.9045515 ], [ 108.4166203, 11.903905 ], [ 108.4161086, 11.9032529 ], [ 108.4161075, 11.9030552 ], [ 108.4163835, 11.9027052 ], [ 108.4164144, 11.9025259 ], [ 108.4156446, 11.9016926 ], [ 108.4152624, 11.9004171 ], [ 108.4150828, 11.9002452 ], [ 108.4144902, 11.8999361 ], [ 108.4144514, 11.8993936 ] ], [ [ 108.4144514, 11.8993936 ], [ 108.4142341, 11.8992184 ] ], [ [ 108.4142341, 11.8992184 ], [ 108.4139292, 11.899044 ], [ 108.4135462, 11.8983516 ], [ 108.4130163, 11.898128 ], [ 108.4126449, 11.8976961 ], [ 108.4121431, 11.8975704 ], [ 108.4117864, 11.8969927 ], [ 108.4115116, 11.896958 ], [ 108.4110203, 11.8970529 ], [ 108.4107882, 11.896916 ], [ 108.4106311, 11.8966614 ], [ 108.41065, 11.8964624 ], [ 108.4114218, 11.8956449 ], [ 108.4124528, 11.8948171 ], [ 108.4125602, 11.8945634 ], [ 108.4125924, 11.8939659 ], [ 108.4124932, 11.8939082 ], [ 108.4120549, 11.8941427 ], [ 108.4118012, 11.894126 ], [ 108.4112205, 11.8937061 ], [ 108.4107631, 11.8929856 ], [ 108.4103031, 11.8932428 ], [ 108.4101476, 11.8932192 ], [ 108.4098733, 11.892307 ], [ 108.4093831, 11.8919987 ], [ 108.4091887, 11.8917743 ], [ 108.4091678, 11.8915256 ], [ 108.4093192, 11.8913524 ], [ 108.4094971, 11.8912704 ], [ 108.4099236, 11.8912546 ], [ 108.4102951, 11.8910171 ], [ 108.4108356, 11.8902888 ], [ 108.410861, 11.8900696 ], [ 108.4106706, 11.8898885 ], [ 108.409882, 11.8898085 ], [ 108.409241, 11.8894581 ], [ 108.4087013, 11.8896639 ], [ 108.4085173, 11.8895854 ], [ 108.4084685, 11.8894646 ], [ 108.4085342, 11.888903 ], [ 108.4084068, 11.8884043 ], [ 108.408431, 11.8880946 ], [ 108.409072, 11.8874856 ], [ 108.409481, 11.8867258 ], [ 108.4095038, 11.8864974 ], [ 108.4093711, 11.8862687 ], [ 108.4091994, 11.8861772 ], [ 108.4089097, 11.8861798 ], [ 108.4085469, 11.8863279 ], [ 108.4082539, 11.886315 ], [ 108.4078851, 11.8861995 ], [ 108.4077604, 11.8860145 ], [ 108.4078448, 11.8858104 ], [ 108.4083022, 11.885315 ], [ 108.4083371, 11.8850368 ], [ 108.4081918, 11.8847732 ], [ 108.4076893, 11.8844856 ], [ 108.407684, 11.8842677 ], [ 108.4077926, 11.8841142 ], [ 108.4083342, 11.8837998 ], [ 108.4087563, 11.8832168 ], [ 108.4098539, 11.8827428 ], [ 108.4103392, 11.8826111 ], [ 108.4115454, 11.8825031 ], [ 108.4126186, 11.8826739 ], [ 108.4128564, 11.8826039 ], [ 108.4130193, 11.8823933 ], [ 108.413001, 11.8822321 ], [ 108.4128949, 11.8821519 ], [ 108.4121227, 11.8822103 ] ] ] } },
{ "type": "Feature", "properties": { "edge_id": "E083", "from_node": "DL13", "to_node": "DL15", "from_name": "Dinh III Bảo Đại", "to_name": "Nhà thờ Cam Ly", "distance_km": 3.577, "base_time_min": 7.75, "average_speed_kph": 27.7, "road_type": "primary|residential|secondary|tertiary", "one_way_share": 0.161, "direction": "directed", "congestion_level": 1, "risk_score": 0, "closed": false, "backbone_edge": false, "data_source": "OpenStreetMap + modeled speeds" }, "geometry": { "type": "MultiLineString", "coordinates": [ [ [ 108.4295015, 11.9313144 ], [ 108.4287205, 11.9306058 ], [ 108.4272568, 11.9310983 ], [ 108.4270817, 11.9313353 ], [ 108.4270027, 11.9317375 ], [ 108.4272477, 11.9328194 ] ], [ [ 108.4272477, 11.9328194 ], [ 108.4269691, 11.9330503 ], [ 108.426727, 11.9334763 ] ], [ [ 108.426727, 11.9334763 ], [ 108.426712, 11.9335722 ] ], [ [ 108.426712, 11.9335722 ], [ 108.4266878, 11.9341293 ], [ 108.4268713, 11.9349251 ] ], [ [ 108.4268713, 11.9349251 ], [ 108.4269933, 11.9360829 ] ], [ [ 108.4269933, 11.9360829 ], [ 108.4271021, 11.936101 ], [ 108.4271225, 11.9361826 ] ], [ [ 108.4271225, 11.9361826 ], [ 108.4270635, 11.9362434 ] ], [ [ 108.4270635, 11.9362434 ], [ 108.4271273, 11.936988 ], [ 108.4272272, 11.9371915 ] ], [ [ 108.4272272, 11.9371915 ], [ 108.4285683, 11.9377916 ], [ 108.4289704, 11.9380781 ] ], [ [ 108.4289704, 11.9380781 ], [ 108.4292309, 11.9378769 ] ], [ [ 108.4292309, 11.9378769 ], [ 108.4296154, 11.9376602 ], [ 108.4300316, 11.9376111 ] ], [ [ 108.4300316, 11.9376111 ], [ 108.4294181, 11.938559 ] ], [ [ 108.4294181, 11.938559 ], [ 108.4308, 11.9400129 ] ], [ [ 108.4308, 11.9400129 ], [ 108.4312355, 11.9404859 ] ], [ [ 108.4312355, 11.9404859 ], [ 108.4315773, 11.9408501 ] ], [ [ 108.4315773, 11.9408501 ], [ 108.4320073, 11.9412491 ] ], [ [ 108.4320073, 11.9412491 ], [ 108.4315064, 11.9420207 ] ], [ [ 108.4315064, 11.9420207 ], [ 108.4314559, 11.9421087 ] ], [ [ 108.4314559, 11.9421087 ], [ 108.4312884, 11.9424017 ] ], [ [ 108.4312884, 11.9424017 ], [ 108.4311339, 11.9425348 ] ], [ [ 108.4311339, 11.9425348 ], [ 108.4309378, 11.9431866 ] ], [ [ 108.4309378, 11.9431866 ], [ 108.4309378, 11.9436862 ], [ 108.4308484, 11.9439451 ], [ 108.4303532, 11.9445836 ] ], [ [ 108.4303532, 11.9445836 ], [ 108.4301354, 11.944745 ] ], [ [ 108.4301354, 11.944745 ], [ 108.4299483, 11.9449987 ], [ 108.4299212, 11.9459416 ], [ 108.4296707, 11.9461492 ] ], [ [ 108.4296707, 11.9461492 ], [ 108.4293498, 11.9462444 ] ], [ [ 108.4293498, 11.9462444 ], [ 108.4286631, 11.9455187 ] ], [ [ 108.4286631, 11.9455187 ], [ 108.4279782, 11.9450033 ] ], [ [ 108.4279782, 11.9450033 ], [ 108.4263493, 11.9439035 ] ], [ [ 108.4263493, 11.9439035 ], [ 108.425663, 11.9434007 ] ], [ [ 108.425663, 11.9434007 ], [ 108.4255905, 11.9433459 ] ], [ [ 108.4255905, 11.9433459 ], [ 108.4251879, 11.9433017 ], [ 108.4229689, 11.9440054 ], [ 108.4228428, 11.9437783 ], [ 108.4224136, 11.9435819 ], [ 108.4220262, 11.9431847 ], [ 108.4223631, 11.9429244 ] ] ] } },
{ "type": "Feature", "properties": { "edge_id": "E084", "from_node": "DL15", "to_node": "DL13", "from_name": "Nhà thờ Cam Ly", "to_name": "Dinh III Bảo Đại", "distance_km": 3.39, "base_time_min": 7.53, "average_speed_kph": 27.0, "road_type": "primary|residential|secondary|tertiary", "one_way_share": 0.133, "direction": "directed", "congestion_level": 1, "risk_score": 0, "closed": false, "backbone_edge": false, "data_source": "OpenStreetMap + modeled speeds" }, "geometry": { "type": "MultiLineString", "coordinates": [ [ [ 108.4223631, 11.9429244 ], [ 108.4220262, 11.9431847 ], [ 108.4224136, 11.9435819 ], [ 108.4228428, 11.9437783 ], [ 108.4229689, 11.9440054 ], [ 108.4251879, 11.9433017 ], [ 108.4255905, 11.9433459 ] ], [ [ 108.4255905, 11.9433459 ], [ 108.425663, 11.9434007 ] ], [ [ 108.425663, 11.9434007 ], [ 108.4263493, 11.9439035 ] ], [ [ 108.4263493, 11.9439035 ], [ 108.4279782, 11.9450033 ] ], [ [ 108.4279782, 11.9450033 ], [ 108.4286631, 11.9455187 ] ], [ [ 108.4286631, 11.9455187 ], [ 108.4293498, 11.9462444 ] ], [ [ 108.4293498, 11.9462444 ], [ 108.4296707, 11.9461492 ] ], [ [ 108.4296707, 11.9461492 ], [ 108.4299212, 11.9459416 ], [ 108.4299483, 11.9449987 ], [ 108.4301354, 11.944745 ] ], [ [ 108.4301354, 11.944745 ], [ 108.4303532, 11.9445836 ] ], [ [ 108.4303532, 11.9445836 ], [ 108.4308484, 11.9439451 ], [ 108.4309378, 11.9436862 ], [ 108.4309378, 11.9431866 ] ], [ [ 108.4309378, 11.9431866 ], [ 108.4311339, 11.9425348 ] ], [ [ 108.4311339, 11.9425348 ], [ 108.4312884, 11.9424017 ] ], [ [ 108.4312884, 11.9424017 ], [ 108.4314559, 11.9421087 ] ], [ [ 108.4314559, 11.9421087 ], [ 108.4315064, 11.9420207 ] ], [ [ 108.4315064, 11.9420207 ], [ 108.4320073, 11.9412491 ] ], [ [ 108.4320073, 11.9412491 ], [ 108.4315773, 11.9408501 ] ], [ [ 108.4315773, 11.9408501 ], [ 108.4312355, 11.9404859 ] ], [ [ 108.4312355, 11.9404859 ], [ 108.4308, 11.9400129 ] ], [ [ 108.4308, 11.9400129 ], [ 108.4294181, 11.938559 ] ], [ [ 108.4294181, 11.938559 ], [ 108.429324, 11.9384589 ] ], [ [ 108.429324, 11.9384589 ], [ 108.4289704, 11.9380781 ] ], [ [ 108.4289704, 11.9380781 ], [ 108.4285683, 11.9377916 ], [ 108.4272272, 11.9371915 ] ], [ [ 108.4272272, 11.9371915 ], [ 108.4271273, 11.936988 ], [ 108.4270635, 11.9362434 ] ], [ [ 108.4270635, 11.9362434 ], [ 108.4269467, 11.9361522 ] ], [ [ 108.4269467, 11.9361522 ], [ 108.4269933, 11.9360829 ] ], [ [ 108.4269933, 11.9360829 ], [ 108.4268713, 11.9349251 ] ], [ [ 108.4268713, 11.9349251 ], [ 108.4266878, 11.9341293 ], [ 108.426712, 11.9335722 ] ], [ [ 108.426712, 11.9335722 ], [ 108.426727, 11.9334763 ] ], [ [ 108.426727, 11.9334763 ], [ 108.4269691, 11.9330503 ], [ 108.4272477, 11.9328194 ] ], [ [ 108.4272477, 11.9328194 ], [ 108.4270027, 11.9317375 ], [ 108.4270817, 11.9313353 ], [ 108.4272568, 11.9310983 ], [ 108.4287205, 11.9306058 ], [ 108.4295015, 11.9313144 ] ] ] } },
{ "type": "Feature", "properties": { "edge_id": "E085", "from_node": "DL13", "to_node": "DL17", "from_name": "Dinh III Bảo Đại", "to_name": "Khu du lịch sinh thái Cao Nguyên Hoa Đà Lạt", "distance_km": 9.05, "base_time_min": 22.26, "average_speed_kph": 24.4, "road_type": "primary|primary_link|residential|tertiary|unclassified", "one_way_share": 0.306, "direction": "directed", "congestion_level": 1, "risk_score": 0, "closed": false, "backbone_edge": false, "data_source": "OpenStreetMap + modeled speeds" }, "geometry": { "type": "MultiLineString", "coordinates": [ [ [ 108.4295015, 11.9313144 ], [ 108.4287205, 11.9306058 ], [ 108.4272568, 11.9310983 ], [ 108.4270817, 11.9313353 ], [ 108.4270027, 11.9317375 ], [ 108.4272477, 11.9328194 ] ], [ [ 108.4272477, 11.9328194 ], [ 108.4269691, 11.9330503 ], [ 108.426727, 11.9334763 ] ], [ [ 108.426727, 11.9334763 ], [ 108.426712, 11.9335722 ] ], [ [ 108.426712, 11.9335722 ], [ 108.4266878, 11.9341293 ], [ 108.4268713, 11.9349251 ] ], [ [ 108.4268713, 11.9349251 ], [ 108.4269933, 11.9360829 ] ], [ [ 108.4269933, 11.9360829 ], [ 108.4271021, 11.936101 ], [ 108.4271225, 11.9361826 ] ], [ [ 108.4271225, 11.9361826 ], [ 108.4270635, 11.9362434 ] ], [ [ 108.4270635, 11.9362434 ], [ 108.4271273, 11.936988 ], [ 108.4272272, 11.9371915 ] ], [ [ 108.4272272, 11.9371915 ], [ 108.4285683, 11.9377916 ], [ 108.4289704, 11.9380781 ] ], [ [ 108.4289704, 11.9380781 ], [ 108.4292309, 11.9378769 ] ], [ [ 108.4292309, 11.9378769 ], [ 108.4296154, 11.9376602 ], [ 108.4300316, 11.9376111 ] ], [ [ 108.4300316, 11.9376111 ], [ 108.4294181, 11.938559 ] ], [ [ 108.4294181, 11.938559 ], [ 108.4292316, 11.9387451 ] ], [ [ 108.4292316, 11.9387451 ], [ 108.4282552, 11.9394455 ], [ 108.4270206, 11.9397015 ] ], [ [ 108.4270206, 11.9397015 ], [ 108.426144, 11.9396732 ] ], [ [ 108.426144, 11.9396732 ], [ 108.4252343, 11.9395452 ] ], [ [ 108.4252343, 11.9395452 ], [ 108.4249084, 11.9397913 ], [ 108.4245665, 11.9404257 ], [ 108.4242227, 11.9406794 ], [ 108.4232418, 11.9409707 ], [ 108.4221637, 11.9408268 ] ], [ [ 108.4221637, 11.9408268 ], [ 108.4215966, 11.9407983 ], [ 108.4213608, 11.9409747 ], [ 108.4212643, 11.9411761 ] ], [ [ 108.4212643, 11.9411761 ], [ 108.4211449, 11.9415786 ], [ 108.4209527, 11.9416713 ], [ 108.4204258, 11.9412439 ], [ 108.419417, 11.9410452 ] ], [ [ 108.419417, 11.9410452 ], [ 108.418376, 11.9409457 ] ], [ [ 108.418376, 11.9409457 ], [ 108.4181025, 11.9410212 ] ], [ [ 108.4181025, 11.9410212 ], [ 108.4180587, 11.941052 ] ], [ [ 108.4180587, 11.941052 ], [ 108.4179507, 11.9410144 ] ], [ [ 108.4179507, 11.9410144 ], [ 108.4179399, 11.9409859 ] ], [ [ 108.4179399, 11.9409859 ], [ 108.4177355, 11.9408589 ] ], [ [ 108.4177355, 11.9408589 ], [ 108.4168326, 11.9408254 ], [ 108.4157694, 11.9411382 ], [ 108.4138301, 11.940945 ], [ 108.4133412, 11.9406853 ] ], [ [ 108.4133412, 11.9406853 ], [ 108.412943, 11.9404538 ] ], [ [ 108.412943, 11.9404538 ], [ 108.4127968, 11.9404951 ], [ 108.4113976, 11.9403102 ] ], [ [ 108.4113976, 11.9403102 ], [ 108.4113371, 11.9405319 ], [ 108.410522, 11.9411676 ], [ 108.4096207, 11.9416767 ], [ 108.4086442, 11.9427375 ] ], [ [ 108.4086442, 11.9427375 ], [ 108.4085315, 11.942832 ], [ 108.4082419, 11.9427349 ], [ 108.4075499, 11.9428609 ], [ 108.4073245, 11.9431364 ] ], [ [ 108.4073245, 11.9431364 ], [ 108.4070235, 11.9434284 ] ], [ [ 108.4070235, 11.9434284 ], [ 108.4067224, 11.9437675 ], [ 108.4060695, 11.9441963 ], [ 108.4056081, 11.9443748 ], [ 108.4049964, 11.9447633 ], [ 108.4044492, 11.944821 ], [ 108.4039341, 11.944653 ], [ 108.4030862, 11.9436467 ], [ 108.4024908, 11.9430818 ], [ 108.4018104, 11.942685 ], [ 108.4008071, 11.9422652 ], [ 108.4000987, 11.9416171 ], [ 108.4000562, 11.9415009 ] ], [ [ 108.4000562, 11.9415009 ], [ 108.3991925, 11.9412201 ], [ 108.3983448, 11.9412096 ], [ 108.3980766, 11.9413303 ], [ 108.3979103, 11.9417187 ], [ 108.397685, 11.9417082 ], [ 108.3975938, 11.9415192 ], [ 108.3976796, 11.9402648 ], [ 108.3973789, 11.9397347 ], [ 108.3970785, 11.9395983 ], [ 108.3961666, 11.9394461 ], [ 108.3949596, 11.9383229 ], [ 108.3947557, 11.9379083 ], [ 108.3946592, 11.9373939 ], [ 108.393994, 11.9360818 ], [ 108.392685, 11.9341188 ], [ 108.3923149, 11.9333946 ], [ 108.3919341, 11.9313476 ], [ 108.391521, 11.9302717 ], [ 108.3913118, 11.9299043 ], [ 108.390432, 11.9288284 ], [ 108.390314, 11.9285502 ] ], [ [ 108.390314, 11.9285502 ], [ 108.3899063, 11.9284609 ], [ 108.389402, 11.9287548 ], [ 108.3887744, 11.9288126 ], [ 108.3885571, 11.9289919 ], [ 108.3882835, 11.9294266 ], [ 108.3879536, 11.9295823 ], [ 108.3876988, 11.9295876 ], [ 108.3872318, 11.9292978 ], [ 108.3870417, 11.9289683 ], [ 108.3870203, 11.9286603 ], [ 108.3874226, 11.9278048 ], [ 108.3873207, 11.9274899 ], [ 108.387149, 11.9272992 ], [ 108.3869317, 11.9272257 ], [ 108.3856201, 11.9274269 ] ], [ [ 108.3856201, 11.9274269 ], [ 108.385081, 11.9275721 ], [ 108.3847457, 11.9274934 ], [ 108.3839894, 11.9271488 ], [ 108.3835548, 11.9268076 ], [ 108.3829218, 11.9259888 ], [ 108.3824444, 11.9249391 ], [ 108.3820703, 11.9244032 ] ], [ [ 108.3820703, 11.9244032 ], [ 108.3815485, 11.9238999 ], [ 108.3813608, 11.9238107 ], [ 108.3790836, 11.923278 ] ] ] } },
{ "type": "Feature", "properties": { "edge_id": "E086", "from_node": "DL17", "to_node": "DL13", "from_name": "Khu du lịch sinh thái Cao Nguyên Hoa Đà Lạt", "to_name": "Dinh III Bảo Đại", "distance_km": 8.843, "base_time_min": 22.01, "average_speed_kph": 24.1, "road_type": "primary|primary_link|residential|tertiary|unclassified", "one_way_share": 0.219, "direction": "directed", "congestion_level": 1, "risk_score": 0, "closed": false, "backbone_edge": false, "data_source": "OpenStreetMap + modeled speeds" }, "geometry": { "type": "MultiLineString", "coordinates": [ [ [ 108.3790836, 11.923278 ], [ 108.3813608, 11.9238107 ], [ 108.3815485, 11.9238999 ], [ 108.3820703, 11.9244032 ] ], [ [ 108.3820703, 11.9244032 ], [ 108.3824444, 11.9249391 ], [ 108.3829218, 11.9259888 ], [ 108.3835548, 11.9268076 ], [ 108.3839894, 11.9271488 ], [ 108.3847457, 11.9274934 ], [ 108.385081, 11.9275721 ], [ 108.3856201, 11.9274269 ] ], [ [ 108.3856201, 11.9274269 ], [ 108.3869317, 11.9272257 ], [ 108.387149, 11.9272992 ], [ 108.3873207, 11.9274899 ], [ 108.3874226, 11.9278048 ], [ 108.3870203, 11.9286603 ], [ 108.3870417, 11.9289683 ], [ 108.3872318, 11.9292978 ], [ 108.3876988, 11.9295876 ], [ 108.3879536, 11.9295823 ], [ 108.3882835, 11.9294266 ], [ 108.3885571, 11.9289919 ], [ 108.3887744, 11.9288126 ], [ 108.389402, 11.9287548 ], [ 108.3899063, 11.9284609 ], [ 108.390314, 11.9285502 ] ], [ [ 108.390314, 11.9285502 ], [ 108.390432, 11.9288284 ], [ 108.3913118, 11.9299043 ], [ 108.391521, 11.9302717 ], [ 108.3919341, 11.9313476 ], [ 108.3923149, 11.9333946 ], [ 108.392685, 11.9341188 ], [ 108.393994, 11.9360818 ], [ 108.3946592, 11.9373939 ], [ 108.3947557, 11.9379083 ], [ 108.3949596, 11.9383229 ], [ 108.3961666, 11.9394461 ], [ 108.3970785, 11.9395983 ], [ 108.3973789, 11.9397347 ], [ 108.3976796, 11.9402648 ], [ 108.3975938, 11.9415192 ], [ 108.397685, 11.9417082 ], [ 108.3979103, 11.9417187 ], [ 108.3980766, 11.9413303 ], [ 108.3983448, 11.9412096 ], [ 108.3991925, 11.9412201 ], [ 108.4000562, 11.9415009 ] ], [ [ 108.4000562, 11.9415009 ], [ 108.4000987, 11.9416171 ], [ 108.4008071, 11.9422652 ], [ 108.4018104, 11.942685 ], [ 108.4024908, 11.9430818 ], [ 108.4030862, 11.9436467 ], [ 108.4039341, 11.944653 ], [ 108.4044492, 11.944821 ], [ 108.4049964, 11.9447633 ], [ 108.4056081, 11.9443748 ], [ 108.4060695, 11.9441963 ], [ 108.4067224, 11.9437675 ], [ 108.4070235, 11.9434284 ] ], [ [ 108.4070235, 11.9434284 ], [ 108.4073245, 11.9431364 ] ], [ [ 108.4073245, 11.9431364 ], [ 108.4075499, 11.9428609 ], [ 108.4082419, 11.9427349 ], [ 108.4085315, 11.942832 ], [ 108.4086442, 11.9427375 ] ], [ [ 108.4086442, 11.9427375 ], [ 108.4096207, 11.9416767 ], [ 108.410522, 11.9411676 ], [ 108.4113371, 11.9405319 ], [ 108.4113976, 11.9403102 ] ], [ [ 108.4113976, 11.9403102 ], [ 108.4127968, 11.9404951 ], [ 108.412943, 11.9404538 ] ], [ [ 108.412943, 11.9404538 ], [ 108.4133412, 11.9406853 ] ], [ [ 108.4133412, 11.9406853 ], [ 108.4138301, 11.940945 ], [ 108.4157694, 11.9411382 ], [ 108.4168326, 11.9408254 ], [ 108.4177355, 11.9408589 ] ], [ [ 108.4177355, 11.9408589 ], [ 108.4179965, 11.9408884 ] ], [ [ 108.4179965, 11.9408884 ], [ 108.4180576, 11.9408879 ] ], [ [ 108.4180576, 11.9408879 ], [ 108.418376, 11.9409457 ] ], [ [ 108.418376, 11.9409457 ], [ 108.419417, 11.9410452 ] ], [ [ 108.419417, 11.9410452 ], [ 108.4204258, 11.9412439 ], [ 108.4209527, 11.9416713 ], [ 108.4211449, 11.9415786 ], [ 108.4212643, 11.9411761 ] ], [ [ 108.4212643, 11.9411761 ], [ 108.4213608, 11.9409747 ], [ 108.4215966, 11.9407983 ], [ 108.4221637, 11.9408268 ] ], [ [ 108.4221637, 11.9408268 ], [ 108.4232418, 11.9409707 ], [ 108.4242227, 11.9406794 ], [ 108.4245665, 11.9404257 ], [ 108.4249084, 11.9397913 ], [ 108.4252343, 11.9395452 ] ], [ [ 108.4252343, 11.9395452 ], [ 108.426144, 11.9396732 ] ], [ [ 108.426144, 11.9396732 ], [ 108.4270206, 11.9397015 ] ], [ [ 108.4270206, 11.9397015 ], [ 108.4282552, 11.9394455 ], [ 108.4292316, 11.9387451 ] ], [ [ 108.4292316, 11.9387451 ], [ 108.429324, 11.9384589 ] ], [ [ 108.429324, 11.9384589 ], [ 108.4289704, 11.9380781 ] ], [ [ 108.4289704, 11.9380781 ], [ 108.4285683, 11.9377916 ], [ 108.4272272, 11.9371915 ] ], [ [ 108.4272272, 11.9371915 ], [ 108.4271273, 11.936988 ], [ 108.4270635, 11.9362434 ] ], [ [ 108.4270635, 11.9362434 ], [ 108.4269467, 11.9361522 ] ], [ [ 108.4269467, 11.9361522 ], [ 108.4269933, 11.9360829 ] ], [ [ 108.4269933, 11.9360829 ], [ 108.4268713, 11.9349251 ] ], [ [ 108.4268713, 11.9349251 ], [ 108.4266878, 11.9341293 ], [ 108.426712, 11.9335722 ] ], [ [ 108.426712, 11.9335722 ], [ 108.426727, 11.9334763 ] ], [ [ 108.426727, 11.9334763 ], [ 108.4269691, 11.9330503 ], [ 108.4272477, 11.9328194 ] ], [ [ 108.4272477, 11.9328194 ], [ 108.4270027, 11.9317375 ], [ 108.4270817, 11.9313353 ], [ 108.4272568, 11.9310983 ], [ 108.4287205, 11.9306058 ], [ 108.4295015, 11.9313144 ] ] ] } },
{ "type": "Feature", "properties": { "edge_id": "E087", "from_node": "DL13", "to_node": "DL21", "from_name": "Dinh III Bảo Đại", "to_name": "Chợ Đà Lạt", "distance_km": 2.451, "base_time_min": 4.84, "average_speed_kph": 30.4, "road_type": "primary|primary_link|residential|secondary|tertiary", "one_way_share": 0.333, "direction": "directed", "congestion_level": 1, "risk_score": 0, "closed": false, "backbone_edge": false, "data_source": "OpenStreetMap + modeled speeds" }, "geometry": { "type": "MultiLineString", "coordinates": [ [ [ 108.4295015, 11.9313144 ], [ 108.4287205, 11.9306058 ], [ 108.4272568, 11.9310983 ], [ 108.4270817, 11.9313353 ], [ 108.4270027, 11.9317375 ], [ 108.4272477, 11.9328194 ] ], [ [ 108.4272477, 11.9328194 ], [ 108.4277523, 11.9328076 ], [ 108.4285738, 11.9332343 ], [ 108.4291233, 11.9333111 ] ], [ [ 108.4291233, 11.9333111 ], [ 108.4301183, 11.9332028 ] ], [ [ 108.4301183, 11.9332028 ], [ 108.4304997, 11.9333145 ], [ 108.4308542, 11.933541 ], [ 108.4315438, 11.9345103 ] ], [ [ 108.4315438, 11.9345103 ], [ 108.4322429, 11.9354619 ] ], [ [ 108.4322429, 11.9354619 ], [ 108.4324547, 11.9358054 ] ], [ [ 108.4324547, 11.9358054 ], [ 108.4324692, 11.9358391 ] ], [ [ 108.4324692, 11.9358391 ], [ 108.4329554, 11.9360239 ] ], [ [ 108.4329554, 11.9360239 ], [ 108.4335586, 11.9361932 ] ], [ [ 108.4335586, 11.9361932 ], [ 108.4338096, 11.9362637 ] ], [ [ 108.4338096, 11.9362637 ], [ 108.4337493, 11.9363591 ] ], [ [ 108.4337493, 11.9363591 ], [ 108.4336558, 11.9366356 ] ], [ [ 108.4336558, 11.9366356 ], [ 108.4336398, 11.9368482 ] ], [ [ 108.4336398, 11.9368482 ], [ 108.4336819, 11.9374582 ] ], [ [ 108.4336819, 11.9374582 ], [ 108.4337688, 11.937604 ] ], [ [ 108.4337688, 11.937604 ], [ 108.4339855, 11.938022 ] ], [ [ 108.4339855, 11.938022 ], [ 108.4342147, 11.9384931 ] ], [ [ 108.4342147, 11.9384931 ], [ 108.4343359, 11.9387655 ] ], [ [ 108.4343359, 11.9387655 ], [ 108.4345322, 11.9391934 ] ], [ [ 108.4345322, 11.9391934 ], [ 108.4346446, 11.9391532 ] ], [ [ 108.4346446, 11.9391532 ], [ 108.435245, 11.9390624 ], [ 108.4359638, 11.9391687 ], [ 108.4369603, 11.9396108 ], [ 108.4373175, 11.9399051 ] ], [ [ 108.4373175, 11.9399051 ], [ 108.4374903, 11.9401147 ] ], [ [ 108.4374903, 11.9401147 ], [ 108.4377022, 11.9400945 ] ], [ [ 108.4377022, 11.9400945 ], [ 108.4377863, 11.9402304 ], [ 108.4377588, 11.9403351 ] ], [ [ 108.4377588, 11.9403351 ], [ 108.4375707, 11.9404105 ] ], [ [ 108.4375707, 11.9404105 ], [ 108.4370107, 11.942457 ] ], [ [ 108.4370107, 11.942457 ], [ 108.4371657, 11.9426567 ], [ 108.4370388, 11.9428504 ] ] ] } },
{ "type": "Feature", "properties": { "edge_id": "E088", "from_node": "DL21", "to_node": "DL13", "from_name": "Chợ Đà Lạt", "to_name": "Dinh III Bảo Đại", "distance_km": 2.438, "base_time_min": 4.89, "average_speed_kph": 29.9, "road_type": "primary|residential|secondary|tertiary", "one_way_share": 0.385, "direction": "directed", "congestion_level": 1, "risk_score": 0, "closed": false, "backbone_edge": false, "data_source": "OpenStreetMap + modeled speeds" }, "geometry": { "type": "MultiLineString", "coordinates": [ [ [ 108.4370388, 11.9428504 ], [ 108.4368717, 11.9428587 ], [ 108.4367626, 11.9427693 ] ], [ [ 108.4367626, 11.9427693 ], [ 108.436779, 11.9425283 ], [ 108.4370107, 11.942457 ] ], [ [ 108.4370107, 11.942457 ], [ 108.4375707, 11.9404105 ] ], [ [ 108.4375707, 11.9404105 ], [ 108.4374425, 11.9402973 ] ], [ [ 108.4374425, 11.9402973 ], [ 108.4374903, 11.9401147 ] ], [ [ 108.4374903, 11.9401147 ], [ 108.4373175, 11.9399051 ] ], [ [ 108.4373175, 11.9399051 ], [ 108.4369603, 11.9396108 ], [ 108.4359638, 11.9391687 ], [ 108.435245, 11.9390624 ], [ 108.4346446, 11.9391532 ] ], [ [ 108.4346446, 11.9391532 ], [ 108.4345322, 11.9391934 ] ], [ [ 108.4345322, 11.9391934 ], [ 108.4343359, 11.9387655 ] ], [ [ 108.4343359, 11.9387655 ], [ 108.4342147, 11.9384931 ] ], [ [ 108.4342147, 11.9384931 ], [ 108.4339855, 11.938022 ] ], [ [ 108.4339855, 11.938022 ], [ 108.4337688, 11.937604 ] ], [ [ 108.4337688, 11.937604 ], [ 108.4336819, 11.9374582 ] ], [ [ 108.4336819, 11.9374582 ], [ 108.4336398, 11.9368482 ] ], [ [ 108.4336398, 11.9368482 ], [ 108.4336558, 11.9366356 ] ], [ [ 108.4336558, 11.9366356 ], [ 108.4335783, 11.9363956 ], [ 108.4333764, 11.9362525 ] ], [ [ 108.4333764, 11.9362525 ], [ 108.4323803, 11.9359792 ] ], [ [ 108.4323803, 11.9359792 ], [ 108.4322778, 11.9359542 ] ], [ [ 108.4322778, 11.9359542 ], [ 108.4322448, 11.9358242 ] ], [ [ 108.4322448, 11.9358242 ], [ 108.4322631, 11.9357935 ] ], [ [ 108.4322631, 11.9357935 ], [ 108.4322429, 11.9354619 ] ], [ [ 108.4322429, 11.9354619 ], [ 108.4315438, 11.9345103 ] ], [ [ 108.4315438, 11.9345103 ], [ 108.4308542, 11.933541 ], [ 108.4304997, 11.9333145 ], [ 108.4301183, 11.9332028 ] ], [ [ 108.4301183, 11.9332028 ], [ 108.4291233, 11.9333111 ] ], [ [ 108.4291233, 11.9333111 ], [ 108.4285738, 11.9332343 ], [ 108.4277523, 11.9328076 ], [ 108.4272477, 11.9328194 ] ], [ [ 108.4272477, 11.9328194 ], [ 108.4270027, 11.9317375 ], [ 108.4270817, 11.9313353 ], [ 108.4272568, 11.9310983 ], [ 108.4287205, 11.9306058 ], [ 108.4295015, 11.9313144 ] ] ] } },
{ "type": "Feature", "properties": { "edge_id": "E089", "from_node": "DL13", "to_node": "DL25", "from_name": "Dinh III Bảo Đại", "to_name": "Bến xe Liên tỉnh Đà Lạt", "distance_km": 2.865, "base_time_min": 6.05, "average_speed_kph": 28.4, "road_type": "residential|tertiary", "one_way_share": 0.0, "direction": "directed", "congestion_level": 1, "risk_score": 0, "closed": false, "backbone_edge": false, "data_source": "OpenStreetMap + modeled speeds" }, "geometry": { "type": "MultiLineString", "coordinates": [ [ [ 108.4295015, 11.9313144 ], [ 108.429662, 11.9313826 ], [ 108.4301644, 11.9313788 ], [ 108.4311054, 11.931264 ] ], [ [ 108.4311054, 11.931264 ], [ 108.4315671, 11.9309728 ], [ 108.4320599, 11.9304339 ], [ 108.4322248, 11.9300101 ], [ 108.4324044, 11.9290623 ] ], [ [ 108.4324044, 11.9290623 ], [ 108.4324037, 11.9289813 ] ], [ [ 108.4324037, 11.9289813 ], [ 108.4325417, 11.9273575 ] ], [ [ 108.4325417, 11.9273575 ], [ 108.4326614, 11.9271497 ] ], [ [ 108.4326614, 11.9271497 ], [ 108.4337042, 11.9264294 ] ], [ [ 108.4337042, 11.9264294 ], [ 108.434294, 11.9257848 ] ], [ [ 108.434294, 11.9257848 ], [ 108.4343679, 11.9254714 ] ], [ [ 108.4343679, 11.9254714 ], [ 108.4348773, 11.9249767 ], [ 108.4357786, 11.9248167 ], [ 108.4364654, 11.9245384 ], [ 108.4367873, 11.9245358 ], [ 108.4369046, 11.9243845 ] ], [ [ 108.4369046, 11.9243845 ], [ 108.4370475, 11.9248848 ], [ 108.4369773, 11.9257996 ] ], [ [ 108.4369773, 11.9257996 ], [ 108.4369033, 11.9265556 ], [ 108.4369781, 11.9268537 ] ], [ [ 108.4369781, 11.9268537 ], [ 108.4373036, 11.9278542 ], [ 108.4376581, 11.928439 ] ], [ [ 108.4376581, 11.928439 ], [ 108.4379312, 11.9287937 ], [ 108.4386306, 11.9290571 ], [ 108.439279, 11.9294642 ], [ 108.4399444, 11.9302123 ] ], [ [ 108.4399444, 11.9302123 ], [ 108.4397002, 11.9297044 ], [ 108.439794, 11.929417 ], [ 108.4402151, 11.9292832 ], [ 108.4412076, 11.9294368 ], [ 108.4413309, 11.9293108 ], [ 108.4413559, 11.9291439 ], [ 108.4412307, 11.9289125 ] ], [ [ 108.4412307, 11.9289125 ], [ 108.4418727, 11.9287163 ], [ 108.4425473, 11.9282282 ], [ 108.4427136, 11.928258 ] ], [ [ 108.4427136, 11.928258 ], [ 108.4427684, 11.9283051 ] ], [ [ 108.4427684, 11.9283051 ], [ 108.4431511, 11.9285788 ] ], [ [ 108.4431511, 11.9285788 ], [ 108.4433284, 11.9285757 ], [ 108.4435849, 11.9284085 ] ], [ [ 108.4435849, 11.9284085 ], [ 108.443911, 11.9279801 ] ], [ [ 108.443911, 11.9279801 ], [ 108.4440667, 11.9277758 ], [ 108.444292, 11.9276787 ], [ 108.4445227, 11.9276958 ], [ 108.4446488, 11.9278217 ] ] ] } },
{ "type": "Feature", "properties": { "edge_id": "E090", "from_node": "DL25", "to_node": "DL13", "from_name": "Bến xe Liên tỉnh Đà Lạt", "to_name": "Dinh III Bảo Đại", "distance_km": 2.865, "base_time_min": 6.05, "average_speed_kph": 28.4, "road_type": "residential|tertiary", "one_way_share": 0.0, "direction": "directed", "congestion_level": 1, "risk_score": 0, "closed": false, "backbone_edge": false, "data_source": "OpenStreetMap + modeled speeds" }, "geometry": { "type": "MultiLineString", "coordinates": [ [ [ 108.4446488, 11.9278217 ], [ 108.4445227, 11.9276958 ], [ 108.444292, 11.9276787 ], [ 108.4440667, 11.9277758 ], [ 108.443911, 11.9279801 ] ], [ [ 108.443911, 11.9279801 ], [ 108.4435849, 11.9284085 ] ], [ [ 108.4435849, 11.9284085 ], [ 108.4433284, 11.9285757 ], [ 108.4431511, 11.9285788 ] ], [ [ 108.4431511, 11.9285788 ], [ 108.4427684, 11.9283051 ] ], [ [ 108.4427684, 11.9283051 ], [ 108.4427136, 11.928258 ] ], [ [ 108.4427136, 11.928258 ], [ 108.4425473, 11.9282282 ], [ 108.4418727, 11.9287163 ], [ 108.4412307, 11.9289125 ] ], [ [ 108.4412307, 11.9289125 ], [ 108.4413559, 11.9291439 ], [ 108.4413309, 11.9293108 ], [ 108.4412076, 11.9294368 ], [ 108.4402151, 11.9292832 ], [ 108.439794, 11.929417 ], [ 108.4397002, 11.9297044 ], [ 108.4399053, 11.930039 ], [ 108.4399444, 11.9302123 ] ], [ [ 108.4399444, 11.9302123 ], [ 108.439279, 11.9294642 ], [ 108.4386306, 11.9290571 ], [ 108.4379312, 11.9287937 ], [ 108.4376581, 11.928439 ] ], [ [ 108.4376581, 11.928439 ], [ 108.4373036, 11.9278542 ], [ 108.4369781, 11.9268537 ] ], [ [ 108.4369781, 11.9268537 ], [ 108.4369033, 11.9265556 ], [ 108.4369773, 11.9257996 ] ], [ [ 108.4369773, 11.9257996 ], [ 108.4370475, 11.9248848 ], [ 108.4369046, 11.9243845 ] ], [ [ 108.4369046, 11.9243845 ], [ 108.4367873, 11.9245358 ], [ 108.4364654, 11.9245384 ], [ 108.4357786, 11.9248167 ], [ 108.4348773, 11.9249767 ], [ 108.4343679, 11.9254714 ] ], [ [ 108.4343679, 11.9254714 ], [ 108.434294, 11.9257848 ] ], [ [ 108.434294, 11.9257848 ], [ 108.4337042, 11.9264294 ] ], [ [ 108.4337042, 11.9264294 ], [ 108.4326614, 11.9271497 ] ], [ [ 108.4326614, 11.9271497 ], [ 108.4325417, 11.9273575 ] ], [ [ 108.4325417, 11.9273575 ], [ 108.4324037, 11.9289813 ] ], [ [ 108.4324037, 11.9289813 ], [ 108.4324044, 11.9290623 ] ], [ [ 108.4324044, 11.9290623 ], [ 108.4322248, 11.9300101 ], [ 108.4320599, 11.9304339 ], [ 108.4315671, 11.9309728 ], [ 108.4311054, 11.931264 ] ], [ [ 108.4311054, 11.931264 ], [ 108.4301644, 11.9313788 ], [ 108.429662, 11.9313826 ], [ 108.4295015, 11.9313144 ] ] ] } },
{ "type": "Feature", "properties": { "edge_id": "E091", "from_node": "DL15", "to_node": "DL17", "from_name": "Nhà thờ Cam Ly", "to_name": "Khu du lịch sinh thái Cao Nguyên Hoa Đà Lạt", "distance_km": 8.942, "base_time_min": 23.77, "average_speed_kph": 22.6, "road_type": "primary|primary_link|residential|tertiary|unclassified", "one_way_share": 0.182, "direction": "directed", "congestion_level": 1, "risk_score": 0, "closed": false, "backbone_edge": false, "data_source": "OpenStreetMap + modeled speeds" }, "geometry": { "type": "MultiLineString", "coordinates": [ [ [ 108.4223631, 11.9429244 ], [ 108.4220262, 11.9431847 ], [ 108.4224136, 11.9435819 ], [ 108.4228428, 11.9437783 ], [ 108.4229689, 11.9440054 ], [ 108.4251879, 11.9433017 ], [ 108.4255905, 11.9433459 ] ], [ [ 108.4255905, 11.9433459 ], [ 108.425663, 11.9434007 ] ], [ [ 108.425663, 11.9434007 ], [ 108.4263493, 11.9439035 ] ], [ [ 108.4263493, 11.9439035 ], [ 108.4279782, 11.9450033 ] ], [ [ 108.4279782, 11.9450033 ], [ 108.4286631, 11.9455187 ] ], [ [ 108.4286631, 11.9455187 ], [ 108.4286641, 11.9446956 ], [ 108.4284159, 11.9428165 ] ], [ [ 108.4284159, 11.9428165 ], [ 108.4274706, 11.9428965 ], [ 108.4268626, 11.9423282 ], [ 108.4266242, 11.9422757 ], [ 108.4261761, 11.9423474 ] ], [ [ 108.4261761, 11.9423474 ], [ 108.4261047, 11.9411811 ] ], [ [ 108.4261047, 11.9411811 ], [ 108.4260871, 11.9408661 ] ], [ [ 108.4260871, 11.9408661 ], [ 108.4260558, 11.9405105 ] ], [ [ 108.4260558, 11.9405105 ], [ 108.4260551, 11.9401035 ] ], [ [ 108.4260551, 11.9401035 ], [ 108.426144, 11.9396732 ] ], [ [ 108.426144, 11.9396732 ], [ 108.4252343, 11.9395452 ] ], [ [ 108.4252343, 11.9395452 ], [ 108.4249084, 11.9397913 ], [ 108.4245665, 11.9404257 ], [ 108.4242227, 11.9406794 ], [ 108.4232418, 11.9409707 ], [ 108.4221637, 11.9408268 ] ], [ [ 108.4221637, 11.9408268 ], [ 108.4215966, 11.9407983 ], [ 108.4213608, 11.9409747 ], [ 108.4212643, 11.9411761 ] ], [ [ 108.4212643, 11.9411761 ], [ 108.4211449, 11.9415786 ], [ 108.4209527, 11.9416713 ], [ 108.4204258, 11.9412439 ], [ 108.419417, 11.9410452 ] ], [ [ 108.419417, 11.9410452 ], [ 108.418376, 11.9409457 ] ], [ [ 108.418376, 11.9409457 ], [ 108.4181025, 11.9410212 ] ], [ [ 108.4181025, 11.9410212 ], [ 108.4180587, 11.941052 ] ], [ [ 108.4180587, 11.941052 ], [ 108.4179507, 11.9410144 ] ], [ [ 108.4179507, 11.9410144 ], [ 108.4179399, 11.9409859 ] ], [ [ 108.4179399, 11.9409859 ], [ 108.4177355, 11.9408589 ] ], [ [ 108.4177355, 11.9408589 ], [ 108.4168326, 11.9408254 ], [ 108.4157694, 11.9411382 ], [ 108.4138301, 11.940945 ], [ 108.4133412, 11.9406853 ] ], [ [ 108.4133412, 11.9406853 ], [ 108.412943, 11.9404538 ] ], [ [ 108.412943, 11.9404538 ], [ 108.4127968, 11.9404951 ], [ 108.4113976, 11.9403102 ] ], [ [ 108.4113976, 11.9403102 ], [ 108.4113371, 11.9405319 ], [ 108.410522, 11.9411676 ], [ 108.4096207, 11.9416767 ], [ 108.4086442, 11.9427375 ] ], [ [ 108.4086442, 11.9427375 ], [ 108.4085315, 11.942832 ], [ 108.4082419, 11.9427349 ], [ 108.4075499, 11.9428609 ], [ 108.4073245, 11.9431364 ] ], [ [ 108.4073245, 11.9431364 ], [ 108.4070235, 11.9434284 ] ], [ [ 108.4070235, 11.9434284 ], [ 108.4067224, 11.9437675 ], [ 108.4060695, 11.9441963 ], [ 108.4056081, 11.9443748 ], [ 108.4049964, 11.9447633 ], [ 108.4044492, 11.944821 ], [ 108.4039341, 11.944653 ], [ 108.4030862, 11.9436467 ], [ 108.4024908, 11.9430818 ], [ 108.4018104, 11.942685 ], [ 108.4008071, 11.9422652 ], [ 108.4000987, 11.9416171 ], [ 108.4000562, 11.9415009 ] ], [ [ 108.4000562, 11.9415009 ], [ 108.3991925, 11.9412201 ], [ 108.3983448, 11.9412096 ], [ 108.3980766, 11.9413303 ], [ 108.3979103, 11.9417187 ], [ 108.397685, 11.9417082 ], [ 108.3975938, 11.9415192 ], [ 108.3976796, 11.9402648 ], [ 108.3973789, 11.9397347 ], [ 108.3970785, 11.9395983 ], [ 108.3961666, 11.9394461 ], [ 108.3949596, 11.9383229 ], [ 108.3947557, 11.9379083 ], [ 108.3946592, 11.9373939 ], [ 108.393994, 11.9360818 ], [ 108.392685, 11.9341188 ], [ 108.3923149, 11.9333946 ], [ 108.3919341, 11.9313476 ], [ 108.391521, 11.9302717 ], [ 108.3913118, 11.9299043 ], [ 108.390432, 11.9288284 ], [ 108.390314, 11.9285502 ] ], [ [ 108.390314, 11.9285502 ], [ 108.3899063, 11.9284609 ], [ 108.389402, 11.9287548 ], [ 108.3887744, 11.9288126 ], [ 108.3885571, 11.9289919 ], [ 108.3882835, 11.9294266 ], [ 108.3879536, 11.9295823 ], [ 108.3876988, 11.9295876 ], [ 108.3872318, 11.9292978 ], [ 108.3870417, 11.9289683 ], [ 108.3870203, 11.9286603 ], [ 108.3874226, 11.9278048 ], [ 108.3873207, 11.9274899 ], [ 108.387149, 11.9272992 ], [ 108.3869317, 11.9272257 ], [ 108.3856201, 11.9274269 ] ], [ [ 108.3856201, 11.9274269 ], [ 108.385081, 11.9275721 ], [ 108.3847457, 11.9274934 ], [ 108.3839894, 11.9271488 ], [ 108.3835548, 11.9268076 ], [ 108.3829218, 11.9259888 ], [ 108.3824444, 11.9249391 ], [ 108.3820703, 11.9244032 ] ], [ [ 108.3820703, 11.9244032 ], [ 108.3815485, 11.9238999 ], [ 108.3813608, 11.9238107 ], [ 108.3790836, 11.923278 ] ] ] } },
{ "type": "Feature", "properties": { "edge_id": "E092", "from_node": "DL17", "to_node": "DL15", "from_name": "Khu du lịch sinh thái Cao Nguyên Hoa Đà Lạt", "to_name": "Nhà thờ Cam Ly", "distance_km": 9.199, "base_time_min": 24.49, "average_speed_kph": 22.5, "road_type": "primary|primary_link|residential|tertiary|unclassified", "one_way_share": 0.114, "direction": "directed", "congestion_level": 1, "risk_score": 0, "closed": false, "backbone_edge": false, "data_source": "OpenStreetMap + modeled speeds" }, "geometry": { "type": "MultiLineString", "coordinates": [ [ [ 108.3790836, 11.923278 ], [ 108.3813608, 11.9238107 ], [ 108.3815485, 11.9238999 ], [ 108.3820703, 11.9244032 ] ], [ [ 108.3820703, 11.9244032 ], [ 108.3824444, 11.9249391 ], [ 108.3829218, 11.9259888 ], [ 108.3835548, 11.9268076 ], [ 108.3839894, 11.9271488 ], [ 108.3847457, 11.9274934 ], [ 108.385081, 11.9275721 ], [ 108.3856201, 11.9274269 ] ], [ [ 108.3856201, 11.9274269 ], [ 108.3869317, 11.9272257 ], [ 108.387149, 11.9272992 ], [ 108.3873207, 11.9274899 ], [ 108.3874226, 11.9278048 ], [ 108.3870203, 11.9286603 ], [ 108.3870417, 11.9289683 ], [ 108.3872318, 11.9292978 ], [ 108.3876988, 11.9295876 ], [ 108.3879536, 11.9295823 ], [ 108.3882835, 11.9294266 ], [ 108.3885571, 11.9289919 ], [ 108.3887744, 11.9288126 ], [ 108.389402, 11.9287548 ], [ 108.3899063, 11.9284609 ], [ 108.390314, 11.9285502 ] ], [ [ 108.390314, 11.9285502 ], [ 108.390432, 11.9288284 ], [ 108.3913118, 11.9299043 ], [ 108.391521, 11.9302717 ], [ 108.3919341, 11.9313476 ], [ 108.3923149, 11.9333946 ], [ 108.392685, 11.9341188 ], [ 108.393994, 11.9360818 ], [ 108.3946592, 11.9373939 ], [ 108.3947557, 11.9379083 ], [ 108.3949596, 11.9383229 ], [ 108.3961666, 11.9394461 ], [ 108.3970785, 11.9395983 ], [ 108.3973789, 11.9397347 ], [ 108.3976796, 11.9402648 ], [ 108.3975938, 11.9415192 ], [ 108.397685, 11.9417082 ], [ 108.3979103, 11.9417187 ], [ 108.3980766, 11.9413303 ], [ 108.3983448, 11.9412096 ], [ 108.3991925, 11.9412201 ], [ 108.4000562, 11.9415009 ] ], [ [ 108.4000562, 11.9415009 ], [ 108.4000987, 11.9416171 ], [ 108.4008071, 11.9422652 ], [ 108.4018104, 11.942685 ], [ 108.4024908, 11.9430818 ], [ 108.4030862, 11.9436467 ], [ 108.4039341, 11.944653 ], [ 108.4044492, 11.944821 ], [ 108.4049964, 11.9447633 ], [ 108.4056081, 11.9443748 ], [ 108.4060695, 11.9441963 ], [ 108.4067224, 11.9437675 ], [ 108.4070235, 11.9434284 ] ], [ [ 108.4070235, 11.9434284 ], [ 108.4073245, 11.9431364 ] ], [ [ 108.4073245, 11.9431364 ], [ 108.4075499, 11.9428609 ], [ 108.4082419, 11.9427349 ], [ 108.4085315, 11.942832 ], [ 108.4086442, 11.9427375 ] ], [ [ 108.4086442, 11.9427375 ], [ 108.4096207, 11.9416767 ], [ 108.410522, 11.9411676 ], [ 108.4113371, 11.9405319 ], [ 108.4113976, 11.9403102 ] ], [ [ 108.4113976, 11.9403102 ], [ 108.4127968, 11.9404951 ], [ 108.412943, 11.9404538 ] ], [ [ 108.412943, 11.9404538 ], [ 108.4133412, 11.9406853 ] ], [ [ 108.4133412, 11.9406853 ], [ 108.4138301, 11.940945 ], [ 108.4157694, 11.9411382 ], [ 108.4168326, 11.9408254 ], [ 108.4177355, 11.9408589 ] ], [ [ 108.4177355, 11.9408589 ], [ 108.4179965, 11.9408884 ] ], [ [ 108.4179965, 11.9408884 ], [ 108.4180576, 11.9408879 ] ], [ [ 108.4180576, 11.9408879 ], [ 108.418376, 11.9409457 ] ], [ [ 108.418376, 11.9409457 ], [ 108.419417, 11.9410452 ] ], [ [ 108.419417, 11.9410452 ], [ 108.4204258, 11.9412439 ], [ 108.4209527, 11.9416713 ], [ 108.4211449, 11.9415786 ], [ 108.4212643, 11.9411761 ] ], [ [ 108.4212643, 11.9411761 ], [ 108.4213608, 11.9409747 ], [ 108.4215966, 11.9407983 ], [ 108.4221637, 11.9408268 ] ], [ [ 108.4221637, 11.9408268 ], [ 108.4232418, 11.9409707 ], [ 108.4242227, 11.9406794 ], [ 108.4245665, 11.9404257 ], [ 108.4249084, 11.9397913 ], [ 108.4252343, 11.9395452 ] ], [ [ 108.4252343, 11.9395452 ], [ 108.426144, 11.9396732 ] ], [ [ 108.426144, 11.9396732 ], [ 108.4260551, 11.9401035 ] ], [ [ 108.4260551, 11.9401035 ], [ 108.4260558, 11.9405105 ] ], [ [ 108.4260558, 11.9405105 ], [ 108.4260871, 11.9408661 ] ], [ [ 108.4260871, 11.9408661 ], [ 108.4261047, 11.9411811 ] ], [ [ 108.4261047, 11.9411811 ], [ 108.4261761, 11.9423474 ] ], [ [ 108.4261761, 11.9423474 ], [ 108.4266242, 11.9422757 ], [ 108.4268626, 11.9423282 ], [ 108.4274706, 11.9428965 ], [ 108.4284159, 11.9428165 ] ], [ [ 108.4284159, 11.9428165 ], [ 108.4286278, 11.9427842 ] ], [ [ 108.4286278, 11.9427842 ], [ 108.4287032, 11.9427738 ] ], [ [ 108.4287032, 11.9427738 ], [ 108.4290281, 11.9444062 ], [ 108.4296707, 11.9461492 ] ], [ [ 108.4296707, 11.9461492 ], [ 108.4293498, 11.9462444 ] ], [ [ 108.4293498, 11.9462444 ], [ 108.4286631, 11.9455187 ] ], [ [ 108.4286631, 11.9455187 ], [ 108.4279782, 11.9450033 ] ], [ [ 108.4279782, 11.9450033 ], [ 108.4263493, 11.9439035 ] ], [ [ 108.4263493, 11.9439035 ], [ 108.425663, 11.9434007 ] ], [ [ 108.425663, 11.9434007 ], [ 108.4255905, 11.9433459 ] ], [ [ 108.4255905, 11.9433459 ], [ 108.4251879, 11.9433017 ], [ 108.4229689, 11.9440054 ], [ 108.4228428, 11.9437783 ], [ 108.4224136, 11.9435819 ], [ 108.4220262, 11.9431847 ], [ 108.4223631, 11.9429244 ] ] ] } },
{ "type": "Feature", "properties": { "edge_id": "E093", "from_node": "DL15", "to_node": "DL18", "from_name": "Nhà thờ Cam Ly", "to_name": "Làng Cổ Tích", "distance_km": 4.897, "base_time_min": 11.63, "average_speed_kph": 25.3, "road_type": "primary|primary_link|residential|tertiary|unclassified", "one_way_share": 0.207, "direction": "directed", "congestion_level": 1, "risk_score": 0, "closed": false, "backbone_edge": true, "data_source": "OpenStreetMap + modeled speeds" }, "geometry": { "type": "MultiLineString", "coordinates": [ [ [ 108.4223631, 11.9429244 ], [ 108.4220262, 11.9431847 ], [ 108.4224136, 11.9435819 ], [ 108.4228428, 11.9437783 ], [ 108.4229689, 11.9440054 ], [ 108.4251879, 11.9433017 ], [ 108.4255905, 11.9433459 ] ], [ [ 108.4255905, 11.9433459 ], [ 108.425663, 11.9434007 ] ], [ [ 108.425663, 11.9434007 ], [ 108.4263493, 11.9439035 ] ], [ [ 108.4263493, 11.9439035 ], [ 108.4279782, 11.9450033 ] ], [ [ 108.4279782, 11.9450033 ], [ 108.4286631, 11.9455187 ] ], [ [ 108.4286631, 11.9455187 ], [ 108.4286641, 11.9446956 ], [ 108.4284159, 11.9428165 ] ], [ [ 108.4284159, 11.9428165 ], [ 108.4274706, 11.9428965 ], [ 108.4268626, 11.9423282 ], [ 108.4266242, 11.9422757 ], [ 108.4261761, 11.9423474 ] ], [ [ 108.4261761, 11.9423474 ], [ 108.4261047, 11.9411811 ] ], [ [ 108.4261047, 11.9411811 ], [ 108.4260871, 11.9408661 ] ], [ [ 108.4260871, 11.9408661 ], [ 108.4260558, 11.9405105 ] ], [ [ 108.4260558, 11.9405105 ], [ 108.4260551, 11.9401035 ] ], [ [ 108.4260551, 11.9401035 ], [ 108.426144, 11.9396732 ] ], [ [ 108.426144, 11.9396732 ], [ 108.4252343, 11.9395452 ] ], [ [ 108.4252343, 11.9395452 ], [ 108.4249084, 11.9397913 ], [ 108.4245665, 11.9404257 ], [ 108.4242227, 11.9406794 ], [ 108.4232418, 11.9409707 ], [ 108.4221637, 11.9408268 ] ], [ [ 108.4221637, 11.9408268 ], [ 108.4215966, 11.9407983 ], [ 108.4213608, 11.9409747 ], [ 108.4212643, 11.9411761 ] ], [ [ 108.4212643, 11.9411761 ], [ 108.4211449, 11.9415786 ], [ 108.4209527, 11.9416713 ], [ 108.4204258, 11.9412439 ], [ 108.419417, 11.9410452 ] ], [ [ 108.419417, 11.9410452 ], [ 108.418376, 11.9409457 ] ], [ [ 108.418376, 11.9409457 ], [ 108.4181025, 11.9410212 ] ], [ [ 108.4181025, 11.9410212 ], [ 108.4180587, 11.941052 ] ], [ [ 108.4180587, 11.941052 ], [ 108.4179507, 11.9410144 ] ], [ [ 108.4179507, 11.9410144 ], [ 108.4179399, 11.9409859 ] ], [ [ 108.4179399, 11.9409859 ], [ 108.4177355, 11.9408589 ] ], [ [ 108.4177355, 11.9408589 ], [ 108.4168326, 11.9408254 ], [ 108.4157694, 11.9411382 ], [ 108.4138301, 11.940945 ], [ 108.4133412, 11.9406853 ] ], [ [ 108.4133412, 11.9406853 ], [ 108.412943, 11.9404538 ] ], [ [ 108.412943, 11.9404538 ], [ 108.4127968, 11.9404951 ], [ 108.4113976, 11.9403102 ] ], [ [ 108.4113976, 11.9403102 ], [ 108.4113371, 11.9405319 ], [ 108.410522, 11.9411676 ], [ 108.4096207, 11.9416767 ], [ 108.4086442, 11.9427375 ] ], [ [ 108.4086442, 11.9427375 ], [ 108.4085315, 11.942832 ], [ 108.4082419, 11.9427349 ], [ 108.4075499, 11.9428609 ], [ 108.4073245, 11.9431364 ] ], [ [ 108.4073245, 11.9431364 ], [ 108.4075767, 11.9434618 ], [ 108.4075992, 11.9437461 ] ], [ [ 108.4075992, 11.9437461 ], [ 108.4073712, 11.9436479 ], [ 108.4070861, 11.9438989 ], [ 108.4067028, 11.9440787 ], [ 108.4060914, 11.9449402 ], [ 108.4055466, 11.9460094 ], [ 108.4052393, 11.9462418 ], [ 108.4042954, 11.9466974 ], [ 108.4036935, 11.9464278 ], [ 108.4034686, 11.9465424 ], [ 108.4033546, 11.9464371 ], [ 108.4030441, 11.9465393 ] ] ] } },
{ "type": "Feature", "properties": { "edge_id": "E094", "from_node": "DL18", "to_node": "DL15", "from_name": "Làng Cổ Tích", "to_name": "Nhà thờ Cam Ly", "distance_km": 5.154, "base_time_min": 12.35, "average_speed_kph": 25.0, "road_type": "primary|primary_link|residential|tertiary|unclassified", "one_way_share": 0.129, "direction": "directed", "congestion_level": 1, "risk_score": 0, "closed": false, "backbone_edge": true, "data_source": "OpenStreetMap + modeled speeds" }, "geometry": { "type": "MultiLineString", "coordinates": [ [ [ 108.4030441, 11.9465393 ], [ 108.4033546, 11.9464371 ], [ 108.4034686, 11.9465424 ], [ 108.4036935, 11.9464278 ], [ 108.4042954, 11.9466974 ], [ 108.4052393, 11.9462418 ], [ 108.4055466, 11.9460094 ], [ 108.4060914, 11.9449402 ], [ 108.4067028, 11.9440787 ], [ 108.4070861, 11.9438989 ], [ 108.4073712, 11.9436479 ], [ 108.4075992, 11.9437461 ] ], [ [ 108.4075992, 11.9437461 ], [ 108.4075767, 11.9434618 ], [ 108.4073245, 11.9431364 ] ], [ [ 108.4073245, 11.9431364 ], [ 108.4075499, 11.9428609 ], [ 108.4082419, 11.9427349 ], [ 108.4085315, 11.942832 ], [ 108.4086442, 11.9427375 ] ], [ [ 108.4086442, 11.9427375 ], [ 108.4096207, 11.9416767 ], [ 108.410522, 11.9411676 ], [ 108.4113371, 11.9405319 ], [ 108.4113976, 11.9403102 ] ], [ [ 108.4113976, 11.9403102 ], [ 108.4127968, 11.9404951 ], [ 108.412943, 11.9404538 ] ], [ [ 108.412943, 11.9404538 ], [ 108.4133412, 11.9406853 ] ], [ [ 108.4133412, 11.9406853 ], [ 108.4138301, 11.940945 ], [ 108.4157694, 11.9411382 ], [ 108.4168326, 11.9408254 ], [ 108.4177355, 11.9408589 ] ], [ [ 108.4177355, 11.9408589 ], [ 108.4179965, 11.9408884 ] ], [ [ 108.4179965, 11.9408884 ], [ 108.4180576, 11.9408879 ] ], [ [ 108.4180576, 11.9408879 ], [ 108.418376, 11.9409457 ] ], [ [ 108.418376, 11.9409457 ], [ 108.419417, 11.9410452 ] ], [ [ 108.419417, 11.9410452 ], [ 108.4204258, 11.9412439 ], [ 108.4209527, 11.9416713 ], [ 108.4211449, 11.9415786 ], [ 108.4212643, 11.9411761 ] ], [ [ 108.4212643, 11.9411761 ], [ 108.4213608, 11.9409747 ], [ 108.4215966, 11.9407983 ], [ 108.4221637, 11.9408268 ] ], [ [ 108.4221637, 11.9408268 ], [ 108.4232418, 11.9409707 ], [ 108.4242227, 11.9406794 ], [ 108.4245665, 11.9404257 ], [ 108.4249084, 11.9397913 ], [ 108.4252343, 11.9395452 ] ], [ [ 108.4252343, 11.9395452 ], [ 108.426144, 11.9396732 ] ], [ [ 108.426144, 11.9396732 ], [ 108.4260551, 11.9401035 ] ], [ [ 108.4260551, 11.9401035 ], [ 108.4260558, 11.9405105 ] ], [ [ 108.4260558, 11.9405105 ], [ 108.4260871, 11.9408661 ] ], [ [ 108.4260871, 11.9408661 ], [ 108.4261047, 11.9411811 ] ], [ [ 108.4261047, 11.9411811 ], [ 108.4261761, 11.9423474 ] ], [ [ 108.4261761, 11.9423474 ], [ 108.4266242, 11.9422757 ], [ 108.4268626, 11.9423282 ], [ 108.4274706, 11.9428965 ], [ 108.4284159, 11.9428165 ] ], [ [ 108.4284159, 11.9428165 ], [ 108.4286278, 11.9427842 ] ], [ [ 108.4286278, 11.9427842 ], [ 108.4287032, 11.9427738 ] ], [ [ 108.4287032, 11.9427738 ], [ 108.4290281, 11.9444062 ], [ 108.4296707, 11.9461492 ] ], [ [ 108.4296707, 11.9461492 ], [ 108.4293498, 11.9462444 ] ], [ [ 108.4293498, 11.9462444 ], [ 108.4286631, 11.9455187 ] ], [ [ 108.4286631, 11.9455187 ], [ 108.4279782, 11.9450033 ] ], [ [ 108.4279782, 11.9450033 ], [ 108.4263493, 11.9439035 ] ], [ [ 108.4263493, 11.9439035 ], [ 108.425663, 11.9434007 ] ], [ [ 108.425663, 11.9434007 ], [ 108.4255905, 11.9433459 ] ], [ [ 108.4255905, 11.9433459 ], [ 108.4251879, 11.9433017 ], [ 108.4229689, 11.9440054 ], [ 108.4228428, 11.9437783 ], [ 108.4224136, 11.9435819 ], [ 108.4220262, 11.9431847 ], [ 108.4223631, 11.9429244 ] ] ] } },
{ "type": "Feature", "properties": { "edge_id": "E095", "from_node": "DL16", "to_node": "DL24", "from_name": "Hồ Tuyền Lâm", "to_name": "Thiền viện Trúc Lâm Đà Lạt", "distance_km": 1.294, "base_time_min": 2.19, "average_speed_kph": 35.4, "road_type": "secondary|tertiary", "one_way_share": 0.0, "direction": "directed", "congestion_level": 1, "risk_score": 0, "closed": false, "backbone_edge": true, "data_source": "OpenStreetMap + modeled speeds" }, "geometry": { "type": "MultiLineString", "coordinates": [ [ [ 108.4379432, 11.8998559 ], [ 108.4381271, 11.9000219 ], [ 108.4390799, 11.9014358 ], [ 108.4398491, 11.9021677 ], [ 108.4402155, 11.9029849 ] ], [ [ 108.4402155, 11.9029849 ], [ 108.4400383, 11.902888 ] ], [ [ 108.4400383, 11.902888 ], [ 108.4395612, 11.9027691 ], [ 108.439069, 11.9030152 ], [ 108.4365523, 11.9059946 ], [ 108.4360483, 11.9063328 ], [ 108.4347765, 11.9068994 ] ], [ [ 108.4347765, 11.9068994 ], [ 108.4344653, 11.906854 ], [ 108.4342711, 11.9066917 ] ], [ [ 108.4342711, 11.9066917 ], [ 108.4342369, 11.9065858 ] ] ] } },
{ "type": "Feature", "properties": { "edge_id": "E096", "from_node": "DL24", "to_node": "DL16", "from_name": "Thiền viện Trúc Lâm Đà Lạt", "to_name": "Hồ Tuyền Lâm", "distance_km": 1.294, "base_time_min": 2.19, "average_speed_kph": 35.4, "road_type": "secondary|tertiary", "one_way_share": 0.0, "direction": "directed", "congestion_level": 1, "risk_score": 0, "closed": false, "backbone_edge": true, "data_source": "OpenStreetMap + modeled speeds" }, "geometry": { "type": "MultiLineString", "coordinates": [ [ [ 108.4342369, 11.9065858 ], [ 108.4342711, 11.9066917 ] ], [ [ 108.4342711, 11.9066917 ], [ 108.4344653, 11.906854 ], [ 108.4347765, 11.9068994 ] ], [ [ 108.4347765, 11.9068994 ], [ 108.4360483, 11.9063328 ], [ 108.4365523, 11.9059946 ], [ 108.439069, 11.9030152 ], [ 108.4395612, 11.9027691 ], [ 108.4400383, 11.902888 ] ], [ [ 108.4400383, 11.902888 ], [ 108.4402155, 11.9029849 ] ], [ [ 108.4402155, 11.9029849 ], [ 108.4398491, 11.9021677 ], [ 108.4390799, 11.9014358 ], [ 108.4381271, 11.9000219 ], [ 108.4379432, 11.8998559 ] ] ] } },
{ "type": "Feature", "properties": { "edge_id": "E097", "from_node": "DL16", "to_node": "DL25", "from_name": "Hồ Tuyền Lâm", "to_name": "Bến xe Liên tỉnh Đà Lạt", "distance_km": 4.574, "base_time_min": 6.04, "average_speed_kph": 45.5, "road_type": "primary|secondary|tertiary", "one_way_share": 0.615, "direction": "directed", "congestion_level": 1, "risk_score": 0, "closed": false, "backbone_edge": false, "data_source": "OpenStreetMap + modeled speeds" }, "geometry": { "type": "MultiLineString", "coordinates": [ [ [ 108.4379432, 11.8998559 ], [ 108.4381271, 11.9000219 ], [ 108.4390799, 11.9014358 ], [ 108.4398491, 11.9021677 ], [ 108.4402155, 11.9029849 ] ], [ [ 108.4402155, 11.9029849 ], [ 108.4407341, 11.9032787 ], [ 108.4417561, 11.9035307 ], [ 108.4422114, 11.9039452 ] ], [ [ 108.4422114, 11.9039452 ], [ 108.4427162, 11.9042787 ], [ 108.4447414, 11.9045516 ], [ 108.4454761, 11.9051356 ], [ 108.4458317, 11.9052982 ], [ 108.4461599, 11.9052967 ], [ 108.447109, 11.9049299 ], [ 108.4474335, 11.9049482 ], [ 108.4479278, 11.9051664 ] ], [ [ 108.4479278, 11.9051664 ], [ 108.4480943, 11.9052566 ], [ 108.4481277, 11.9053821 ] ], [ [ 108.4481277, 11.9053821 ], [ 108.4479955, 11.905682 ] ], [ [ 108.4479955, 11.905682 ], [ 108.4480509, 11.9061505 ], [ 108.448619, 11.907003 ], [ 108.4486949, 11.907275 ], [ 108.4485447, 11.9079495 ], [ 108.448706, 11.908423 ], [ 108.4486914, 11.9087067 ], [ 108.4480942, 11.9094093 ], [ 108.4479988, 11.9097693 ], [ 108.4481558, 11.9104927 ], [ 108.4486626, 11.9115941 ], [ 108.4486601, 11.9119177 ], [ 108.4485094, 11.9121681 ], [ 108.4480979, 11.9124731 ], [ 108.4479359, 11.9127038 ], [ 108.4479094, 11.9129591 ], [ 108.4480693, 11.9136143 ], [ 108.4480656, 11.913965 ], [ 108.4474343, 11.9156077 ], [ 108.4469569, 11.9171403 ], [ 108.4467155, 11.9175104 ], [ 108.4449451, 11.9195229 ], [ 108.4441727, 11.9207069 ], [ 108.4437609, 11.9211022 ], [ 108.4436524, 11.9213708 ], [ 108.443658, 11.9215881 ] ], [ [ 108.443658, 11.9215881 ], [ 108.4438911, 11.9220217 ], [ 108.44419, 11.92236 ], [ 108.4448667, 11.9228694 ], [ 108.4456764, 11.9238386 ], [ 108.4466806, 11.9247169 ] ], [ [ 108.4466806, 11.9247169 ], [ 108.4468953, 11.9250194 ], [ 108.4469307, 11.9255993 ] ], [ [ 108.4469307, 11.9255993 ], [ 108.4469317, 11.9256779 ] ], [ [ 108.4469317, 11.9256779 ], [ 108.446847, 11.9256887 ] ], [ [ 108.446847, 11.9256887 ], [ 108.4465804, 11.9258195 ] ], [ [ 108.4465804, 11.9258195 ], [ 108.4463951, 11.9259272 ] ], [ [ 108.4463951, 11.9259272 ], [ 108.4462122, 11.926156 ], [ 108.4460755, 11.9265721 ], [ 108.446403, 11.9276652 ], [ 108.4462555, 11.9280406 ], [ 108.4458057, 11.928275 ], [ 108.4453435, 11.9282938 ], [ 108.4449135, 11.9281951 ], [ 108.4446488, 11.9278217 ] ] ] } },
{ "type": "Feature", "properties": { "edge_id": "E098", "from_node": "DL25", "to_node": "DL16", "from_name": "Bến xe Liên tỉnh Đà Lạt", "to_name": "Hồ Tuyền Lâm", "distance_km": 4.537, "base_time_min": 5.98, "average_speed_kph": 45.5, "road_type": "primary|primary_link|secondary|tertiary", "one_way_share": 0.636, "direction": "directed", "congestion_level": 1, "risk_score": 0, "closed": false, "backbone_edge": false, "data_source": "OpenStreetMap + modeled speeds" }, "geometry": { "type": "MultiLineString", "coordinates": [ [ [ 108.4446488, 11.9278217 ], [ 108.4449135, 11.9281951 ], [ 108.4453435, 11.9282938 ], [ 108.4458057, 11.928275 ], [ 108.4462555, 11.9280406 ], [ 108.446403, 11.9276652 ], [ 108.4460755, 11.9265721 ], [ 108.4462122, 11.926156 ], [ 108.4463951, 11.9259272 ] ], [ [ 108.4463951, 11.9259272 ], [ 108.4464737, 11.9258127 ] ], [ [ 108.4464737, 11.9258127 ], [ 108.4468465, 11.9256113 ] ], [ [ 108.4468465, 11.9256113 ], [ 108.4468438, 11.9253902 ] ], [ [ 108.4468438, 11.9253902 ], [ 108.4468254, 11.9250908 ], [ 108.4466806, 11.9247169 ] ], [ [ 108.4466806, 11.9247169 ], [ 108.4456764, 11.9238386 ], [ 108.4448667, 11.9228694 ], [ 108.44419, 11.92236 ], [ 108.4438911, 11.9220217 ], [ 108.443658, 11.9215881 ] ], [ [ 108.443658, 11.9215881 ], [ 108.4436524, 11.9213708 ], [ 108.4437609, 11.9211022 ], [ 108.4441727, 11.9207069 ], [ 108.4449451, 11.9195229 ], [ 108.4467155, 11.9175104 ], [ 108.4469569, 11.9171403 ], [ 108.4474343, 11.9156077 ], [ 108.4480656, 11.913965 ], [ 108.4480693, 11.9136143 ], [ 108.4479094, 11.9129591 ], [ 108.4479359, 11.9127038 ], [ 108.4480979, 11.9124731 ], [ 108.4485094, 11.9121681 ], [ 108.4486601, 11.9119177 ], [ 108.4486626, 11.9115941 ], [ 108.4481558, 11.9104927 ], [ 108.4479988, 11.9097693 ], [ 108.4480942, 11.9094093 ], [ 108.4486914, 11.9087067 ], [ 108.448706, 11.908423 ], [ 108.4485447, 11.9079495 ], [ 108.4486949, 11.907275 ], [ 108.448619, 11.907003 ], [ 108.4480509, 11.9061505 ], [ 108.4479955, 11.905682 ] ], [ [ 108.4479955, 11.905682 ], [ 108.4478959, 11.9053114 ] ], [ [ 108.4478959, 11.9053114 ], [ 108.447646, 11.905115 ], [ 108.4472561, 11.905019 ], [ 108.4469782, 11.9050578 ], [ 108.4461184, 11.905397 ], [ 108.4457901, 11.9053985 ], [ 108.4454198, 11.9052083 ], [ 108.4446851, 11.9046243 ], [ 108.44266, 11.9043514 ], [ 108.4421531, 11.9040098 ] ], [ [ 108.4421531, 11.9040098 ], [ 108.4416998, 11.9036034 ], [ 108.4406778, 11.9033514 ], [ 108.4404261, 11.9032197 ], [ 108.4402155, 11.9029849 ] ], [ [ 108.4402155, 11.9029849 ], [ 108.4398491, 11.9021677 ], [ 108.4390799, 11.9014358 ], [ 108.4381271, 11.9000219 ], [ 108.4379432, 11.8998559 ] ] ] } },
{ "type": "Feature", "properties": { "edge_id": "E099", "from_node": "DL17", "to_node": "DL18", "from_name": "Khu du lịch sinh thái Cao Nguyên Hoa Đà Lạt", "to_name": "Làng Cổ Tích", "distance_km": 5.555, "base_time_min": 16.67, "average_speed_kph": 20.0, "road_type": "residential|unclassified", "one_way_share": 0.0, "direction": "directed", "congestion_level": 1, "risk_score": 0, "closed": false, "backbone_edge": true, "data_source": "OpenStreetMap + modeled speeds" }, "geometry": { "type": "MultiLineString", "coordinates": [ [ [ 108.3790836, 11.923278 ], [ 108.3813608, 11.9238107 ], [ 108.3815485, 11.9238999 ], [ 108.3820703, 11.9244032 ] ], [ [ 108.3820703, 11.9244032 ], [ 108.3824444, 11.9249391 ], [ 108.3829218, 11.9259888 ], [ 108.3835548, 11.9268076 ], [ 108.3839894, 11.9271488 ], [ 108.3847457, 11.9274934 ], [ 108.385081, 11.9275721 ], [ 108.3856201, 11.9274269 ] ], [ [ 108.3856201, 11.9274269 ], [ 108.3869317, 11.9272257 ], [ 108.387149, 11.9272992 ], [ 108.3873207, 11.9274899 ], [ 108.3874226, 11.9278048 ], [ 108.3870203, 11.9286603 ], [ 108.3870417, 11.9289683 ], [ 108.3872318, 11.9292978 ], [ 108.3876988, 11.9295876 ], [ 108.3879536, 11.9295823 ], [ 108.3882835, 11.9294266 ], [ 108.3885571, 11.9289919 ], [ 108.3887744, 11.9288126 ], [ 108.389402, 11.9287548 ], [ 108.3899063, 11.9284609 ], [ 108.390314, 11.9285502 ] ], [ [ 108.390314, 11.9285502 ], [ 108.390432, 11.9288284 ], [ 108.3913118, 11.9299043 ], [ 108.391521, 11.9302717 ], [ 108.3919341, 11.9313476 ], [ 108.3923149, 11.9333946 ], [ 108.392685, 11.9341188 ], [ 108.393994, 11.9360818 ], [ 108.3946592, 11.9373939 ], [ 108.3947557, 11.9379083 ], [ 108.3949596, 11.9383229 ], [ 108.3961666, 11.9394461 ], [ 108.3970785, 11.9395983 ], [ 108.3973789, 11.9397347 ], [ 108.3976796, 11.9402648 ], [ 108.3975938, 11.9415192 ], [ 108.397685, 11.9417082 ], [ 108.3979103, 11.9417187 ], [ 108.3980766, 11.9413303 ], [ 108.3983448, 11.9412096 ], [ 108.3991925, 11.9412201 ], [ 108.4000562, 11.9415009 ] ], [ [ 108.4000562, 11.9415009 ], [ 108.4000987, 11.9416171 ], [ 108.4008071, 11.9422652 ], [ 108.4018104, 11.942685 ], [ 108.4024908, 11.9430818 ], [ 108.4030862, 11.9436467 ], [ 108.4039341, 11.944653 ], [ 108.4044492, 11.944821 ], [ 108.4049964, 11.9447633 ], [ 108.4056081, 11.9443748 ], [ 108.4060695, 11.9441963 ], [ 108.4067224, 11.9437675 ], [ 108.4070235, 11.9434284 ] ], [ [ 108.4070235, 11.9434284 ], [ 108.4073245, 11.9431364 ] ], [ [ 108.4073245, 11.9431364 ], [ 108.4075767, 11.9434618 ], [ 108.4075992, 11.9437461 ] ], [ [ 108.4075992, 11.9437461 ], [ 108.4073712, 11.9436479 ], [ 108.4070861, 11.9438989 ], [ 108.4067028, 11.9440787 ], [ 108.4060914, 11.9449402 ], [ 108.4055466, 11.9460094 ], [ 108.4052393, 11.9462418 ], [ 108.4042954, 11.9466974 ], [ 108.4036935, 11.9464278 ], [ 108.4034686, 11.9465424 ], [ 108.4033546, 11.9464371 ], [ 108.4030441, 11.9465393 ] ] ] } },
{ "type": "Feature", "properties": { "edge_id": "E100", "from_node": "DL18", "to_node": "DL17", "from_name": "Làng Cổ Tích", "to_name": "Khu du lịch sinh thái Cao Nguyên Hoa Đà Lạt", "distance_km": 5.555, "base_time_min": 16.67, "average_speed_kph": 20.0, "road_type": "residential|unclassified", "one_way_share": 0.0, "direction": "directed", "congestion_level": 1, "risk_score": 0, "closed": false, "backbone_edge": true, "data_source": "OpenStreetMap + modeled speeds" }, "geometry": { "type": "MultiLineString", "coordinates": [ [ [ 108.4030441, 11.9465393 ], [ 108.4033546, 11.9464371 ], [ 108.4034686, 11.9465424 ], [ 108.4036935, 11.9464278 ], [ 108.4042954, 11.9466974 ], [ 108.4052393, 11.9462418 ], [ 108.4055466, 11.9460094 ], [ 108.4060914, 11.9449402 ], [ 108.4067028, 11.9440787 ], [ 108.4070861, 11.9438989 ], [ 108.4073712, 11.9436479 ], [ 108.4075992, 11.9437461 ] ], [ [ 108.4075992, 11.9437461 ], [ 108.4075767, 11.9434618 ], [ 108.4073245, 11.9431364 ] ], [ [ 108.4073245, 11.9431364 ], [ 108.4070235, 11.9434284 ] ], [ [ 108.4070235, 11.9434284 ], [ 108.4067224, 11.9437675 ], [ 108.4060695, 11.9441963 ], [ 108.4056081, 11.9443748 ], [ 108.4049964, 11.9447633 ], [ 108.4044492, 11.944821 ], [ 108.4039341, 11.944653 ], [ 108.4030862, 11.9436467 ], [ 108.4024908, 11.9430818 ], [ 108.4018104, 11.942685 ], [ 108.4008071, 11.9422652 ], [ 108.4000987, 11.9416171 ], [ 108.4000562, 11.9415009 ] ], [ [ 108.4000562, 11.9415009 ], [ 108.3991925, 11.9412201 ], [ 108.3983448, 11.9412096 ], [ 108.3980766, 11.9413303 ], [ 108.3979103, 11.9417187 ], [ 108.397685, 11.9417082 ], [ 108.3975938, 11.9415192 ], [ 108.3976796, 11.9402648 ], [ 108.3973789, 11.9397347 ], [ 108.3970785, 11.9395983 ], [ 108.3961666, 11.9394461 ], [ 108.3949596, 11.9383229 ], [ 108.3947557, 11.9379083 ], [ 108.3946592, 11.9373939 ], [ 108.393994, 11.9360818 ], [ 108.392685, 11.9341188 ], [ 108.3923149, 11.9333946 ], [ 108.3919341, 11.9313476 ], [ 108.391521, 11.9302717 ], [ 108.3913118, 11.9299043 ], [ 108.390432, 11.9288284 ], [ 108.390314, 11.9285502 ] ], [ [ 108.390314, 11.9285502 ], [ 108.3899063, 11.9284609 ], [ 108.389402, 11.9287548 ], [ 108.3887744, 11.9288126 ], [ 108.3885571, 11.9289919 ], [ 108.3882835, 11.9294266 ], [ 108.3879536, 11.9295823 ], [ 108.3876988, 11.9295876 ], [ 108.3872318, 11.9292978 ], [ 108.3870417, 11.9289683 ], [ 108.3870203, 11.9286603 ], [ 108.3874226, 11.9278048 ], [ 108.3873207, 11.9274899 ], [ 108.387149, 11.9272992 ], [ 108.3869317, 11.9272257 ], [ 108.3856201, 11.9274269 ] ], [ [ 108.3856201, 11.9274269 ], [ 108.385081, 11.9275721 ], [ 108.3847457, 11.9274934 ], [ 108.3839894, 11.9271488 ], [ 108.3835548, 11.9268076 ], [ 108.3829218, 11.9259888 ], [ 108.3824444, 11.9249391 ], [ 108.3820703, 11.9244032 ] ], [ [ 108.3820703, 11.9244032 ], [ 108.3815485, 11.9238999 ], [ 108.3813608, 11.9238107 ], [ 108.3790836, 11.923278 ] ] ] } },
{ "type": "Feature", "properties": { "edge_id": "E101", "from_node": "DL18", "to_node": "DL20", "from_name": "Làng Cổ Tích", "to_name": "Thác Ankroet", "distance_km": 14.151, "base_time_min": 22.77, "average_speed_kph": 37.3, "road_type": "primary|primary_link|residential|secondary|tertiary|unclassified", "one_way_share": 0.152, "direction": "directed", "congestion_level": 1, "risk_score": 0, "closed": false, "backbone_edge": true, "data_source": "OpenStreetMap + modeled speeds" }, "geometry": { "type": "MultiLineString", "coordinates": [ [ [ 108.4030441, 11.9465393 ], [ 108.4033546, 11.9464371 ], [ 108.4034686, 11.9465424 ], [ 108.4036935, 11.9464278 ], [ 108.4042954, 11.9466974 ], [ 108.4052393, 11.9462418 ], [ 108.4055466, 11.9460094 ], [ 108.4060914, 11.9449402 ], [ 108.4067028, 11.9440787 ], [ 108.4070861, 11.9438989 ], [ 108.4073712, 11.9436479 ], [ 108.4075992, 11.9437461 ] ], [ [ 108.4075992, 11.9437461 ], [ 108.4075767, 11.9434618 ], [ 108.4073245, 11.9431364 ] ], [ [ 108.4073245, 11.9431364 ], [ 108.4075499, 11.9428609 ], [ 108.4082419, 11.9427349 ], [ 108.4085315, 11.942832 ], [ 108.4086442, 11.9427375 ] ], [ [ 108.4086442, 11.9427375 ], [ 108.4096207, 11.9416767 ], [ 108.410522, 11.9411676 ], [ 108.4113371, 11.9405319 ], [ 108.4113976, 11.9403102 ] ], [ [ 108.4113976, 11.9403102 ], [ 108.4127968, 11.9404951 ], [ 108.412943, 11.9404538 ] ], [ [ 108.412943, 11.9404538 ], [ 108.4133412, 11.9406853 ] ], [ [ 108.4133412, 11.9406853 ], [ 108.4138301, 11.940945 ], [ 108.4157694, 11.9411382 ], [ 108.4168326, 11.9408254 ], [ 108.4177355, 11.9408589 ] ], [ [ 108.4177355, 11.9408589 ], [ 108.4179965, 11.9408884 ] ], [ [ 108.4179965, 11.9408884 ], [ 108.4180576, 11.9408879 ] ], [ [ 108.4180576, 11.9408879 ], [ 108.4181025, 11.9410212 ] ], [ [ 108.4181025, 11.9410212 ], [ 108.4180587, 11.941052 ] ], [ [ 108.4180587, 11.941052 ], [ 108.4178812, 11.9412453 ] ], [ [ 108.4178812, 11.9412453 ], [ 108.4167296, 11.9428686 ], [ 108.4166555, 11.943336 ], [ 108.4168371, 11.9436731 ], [ 108.4181508, 11.9442481 ], [ 108.4183161, 11.9444433 ], [ 108.4183566, 11.9446586 ] ], [ [ 108.4183566, 11.9446586 ], [ 108.4183246, 11.9449839 ], [ 108.4181435, 11.9453117 ], [ 108.4173079, 11.9458231 ], [ 108.4167513, 11.9464518 ] ], [ [ 108.4167513, 11.9464518 ], [ 108.415648, 11.9464208 ], [ 108.4154377, 11.946609 ], [ 108.4150583, 11.947313 ], [ 108.4146328, 11.94746 ] ], [ [ 108.4146328, 11.94746 ], [ 108.4141077, 11.947411 ], [ 108.412765, 11.9468762 ], [ 108.4124499, 11.9469277 ] ], [ [ 108.4124499, 11.9469277 ], [ 108.4121104, 11.9471111 ] ], [ [ 108.4121104, 11.9471111 ], [ 108.4112403, 11.9473765 ], [ 108.4102512, 11.9480239 ], [ 108.4084674, 11.9483625 ] ], [ [ 108.4084674, 11.9483625 ], [ 108.4066158, 11.9489449 ], [ 108.4050795, 11.949038 ], [ 108.4044814, 11.9494435 ], [ 108.4043258, 11.9494684 ], [ 108.4039865, 11.9493884 ], [ 108.4029606, 11.9487337 ], [ 108.4021103, 11.9487035 ], [ 108.4013395, 11.9480904 ], [ 108.4009956, 11.9481248 ], [ 108.4007275, 11.9483801 ], [ 108.4003478, 11.9498341 ], [ 108.4000742, 11.9503612 ], [ 108.399922, 11.9505872 ], [ 108.3989335, 11.9514846 ] ], [ [ 108.3989335, 11.9514846 ], [ 108.3983364, 11.9526572 ], [ 108.3981644, 11.9532856 ] ], [ [ 108.3981644, 11.9532856 ], [ 108.3974545, 11.955879 ], [ 108.3973902, 11.9569601 ], [ 108.397568, 11.9579861 ], [ 108.397454, 11.9585253 ], [ 108.3971335, 11.9589792 ], [ 108.3964696, 11.9592487 ], [ 108.3956722, 11.9597573 ], [ 108.3952412, 11.9609931 ], [ 108.3950937, 11.9611913 ], [ 108.3943641, 11.9615232 ], [ 108.3936936, 11.9614812 ], [ 108.393369, 11.9612561 ], [ 108.3926153, 11.9603936 ], [ 108.3923637, 11.9602125 ], [ 108.3921781, 11.9601771 ], [ 108.3916189, 11.9601941 ], [ 108.3910851, 11.9606796 ], [ 108.3906372, 11.9608462 ], [ 108.3895125, 11.9606179 ] ], [ [ 108.3895125, 11.9606179 ], [ 108.3892483, 11.9606429 ], [ 108.3887025, 11.9608685 ], [ 108.3884002, 11.961287 ], [ 108.3889286, 11.9628089 ], [ 108.3890654, 11.9637916 ], [ 108.3893296, 11.9641944 ], [ 108.3901168, 11.9650275 ], [ 108.3917952, 11.9655855 ], [ 108.3931504, 11.9659406 ], [ 108.3935037, 11.9661125 ], [ 108.3937125, 11.9663434 ], [ 108.3937372, 11.9666505 ], [ 108.3935644, 11.9669195 ], [ 108.3926263, 11.9671959 ], [ 108.3922357, 11.9673911 ], [ 108.3920551, 11.9676148 ], [ 108.3920157, 11.9682169 ], [ 108.3921947, 11.969218 ] ], [ [ 108.3921947, 11.969218 ], [ 108.3925228, 11.9698332 ], [ 108.3925576, 11.9702831 ] ], [ [ 108.3925576, 11.9702831 ], [ 108.3923498, 11.9715085 ], [ 108.3924731, 11.9719441 ], [ 108.3939859, 11.9734462 ], [ 108.3948656, 11.9738365 ], [ 108.3957884, 11.9747149 ], [ 108.3964763, 11.9752061 ], [ 108.396652, 11.9755086 ], [ 108.3968409, 11.9762517 ] ], [ [ 108.3968409, 11.9762517 ], [ 108.3968523, 11.9763087 ] ], [ [ 108.3968523, 11.9763087 ], [ 108.3971456, 11.9772154 ], [ 108.3972924, 11.9785734 ] ], [ [ 108.3972924, 11.9785734 ], [ 108.3970474, 11.9788695 ] ], [ [ 108.3970474, 11.9788695 ], [ 108.3965729, 11.9794705 ], [ 108.3964286, 11.9800499 ], [ 108.396581, 11.9805384 ], [ 108.3970455, 11.9810168 ] ], [ [ 108.3970455, 11.9810168 ], [ 108.3981849, 11.9814017 ], [ 108.3982868, 11.9816273 ], [ 108.3982788, 11.9822675 ], [ 108.3983569, 11.982485 ] ], [ [ 108.3983569, 11.982485 ], [ 108.3969846, 11.9834167 ], [ 108.3965492, 11.9835938 ], [ 108.3954518, 11.9838365 ], [ 108.3951741, 11.9840018 ], [ 108.3949327, 11.9845685 ], [ 108.3944406, 11.9851431 ], [ 108.3934329, 11.9880489 ], [ 108.3932622, 11.9882609 ] ], [ [ 108.3932622, 11.9882609 ], [ 108.3924277, 11.9886439 ], [ 108.3910637, 11.9887835 ], [ 108.3892384, 11.9892506 ], [ 108.3886001, 11.9896887 ], [ 108.3885672, 11.9898283 ], [ 108.3887144, 11.9905124 ], [ 108.3885773, 11.9906503 ], [ 108.3883876, 11.9905865 ], [ 108.3881856, 11.9901033 ], [ 108.387967, 11.9898593 ], [ 108.3870602, 11.9895398 ], [ 108.386703, 11.9895873 ], [ 108.386427, 11.9897202 ], [ 108.3849616, 11.9912472 ], [ 108.3846524, 11.9914086 ], [ 108.3842271, 11.991346 ], [ 108.3838123, 11.9909783 ], [ 108.3836193, 11.9908792 ], [ 108.3833372, 11.9908642 ] ], [ [ 108.3833372, 11.9908642 ], [ 108.3830971, 11.9909173 ] ], [ [ 108.3830971, 11.9909173 ], [ 108.3825263, 11.9911137 ], [ 108.3823078, 11.9910855 ], [ 108.3821156, 11.9909548 ], [ 108.3816203, 11.9902981 ], [ 108.3814685, 11.9902131 ], [ 108.3786121, 11.9893427 ], [ 108.3780873, 11.9892493 ], [ 108.3770365, 11.9888072 ], [ 108.3761526, 11.9877958 ], [ 108.3735462, 11.9857877 ] ] ] } },
{ "type": "Feature", "properties": { "edge_id": "E102", "from_node": "DL20", "to_node": "DL18", "from_name": "Thác Ankroet", "to_name": "Làng Cổ Tích", "distance_km": 14.12, "base_time_min": 22.74, "average_speed_kph": 37.3, "road_type": "primary|primary_link|residential|secondary|tertiary|unclassified", "one_way_share": 0.097, "direction": "directed", "congestion_level": 1, "risk_score": 0, "closed": false, "backbone_edge": true, "data_source": "OpenStreetMap + modeled speeds" }, "geometry": { "type": "MultiLineString", "coordinates": [ [ [ 108.3735462, 11.9857877 ], [ 108.3761526, 11.9877958 ], [ 108.3770365, 11.9888072 ], [ 108.3780873, 11.9892493 ], [ 108.3786121, 11.9893427 ], [ 108.3814685, 11.9902131 ], [ 108.3816203, 11.9902981 ], [ 108.3821156, 11.9909548 ], [ 108.3823078, 11.9910855 ], [ 108.3825263, 11.9911137 ], [ 108.3830971, 11.9909173 ] ], [ [ 108.3830971, 11.9909173 ], [ 108.3833372, 11.9908642 ] ], [ [ 108.3833372, 11.9908642 ], [ 108.3836193, 11.9908792 ], [ 108.3838123, 11.9909783 ], [ 108.3842271, 11.991346 ], [ 108.3846524, 11.9914086 ], [ 108.3849616, 11.9912472 ], [ 108.386427, 11.9897202 ], [ 108.386703, 11.9895873 ], [ 108.3870602, 11.9895398 ], [ 108.387967, 11.9898593 ], [ 108.3881856, 11.9901033 ], [ 108.3883876, 11.9905865 ], [ 108.3885773, 11.9906503 ], [ 108.3887144, 11.9905124 ], [ 108.3885672, 11.9898283 ], [ 108.3886001, 11.9896887 ], [ 108.3892384, 11.9892506 ], [ 108.3910637, 11.9887835 ], [ 108.3924277, 11.9886439 ], [ 108.3932622, 11.9882609 ] ], [ [ 108.3932622, 11.9882609 ], [ 108.3934329, 11.9880489 ], [ 108.3944406, 11.9851431 ], [ 108.3949327, 11.9845685 ], [ 108.3951741, 11.9840018 ], [ 108.3954518, 11.9838365 ], [ 108.3965492, 11.9835938 ], [ 108.3969846, 11.9834167 ], [ 108.3983569, 11.982485 ] ], [ [ 108.3983569, 11.982485 ], [ 108.3982788, 11.9822675 ], [ 108.3982868, 11.9816273 ], [ 108.3981849, 11.9814017 ], [ 108.3970455, 11.9810168 ] ], [ [ 108.3970455, 11.9810168 ], [ 108.396581, 11.9805384 ], [ 108.3964286, 11.9800499 ], [ 108.3965729, 11.9794705 ], [ 108.3970474, 11.9788695 ] ], [ [ 108.3970474, 11.9788695 ], [ 108.3972924, 11.9785734 ] ], [ [ 108.3972924, 11.9785734 ], [ 108.3971456, 11.9772154 ], [ 108.3968523, 11.9763087 ] ], [ [ 108.3968523, 11.9763087 ], [ 108.3968409, 11.9762517 ] ], [ [ 108.3968409, 11.9762517 ], [ 108.396652, 11.9755086 ], [ 108.3964763, 11.9752061 ], [ 108.3957884, 11.9747149 ], [ 108.3948656, 11.9738365 ], [ 108.3939859, 11.9734462 ], [ 108.3924731, 11.9719441 ], [ 108.3923498, 11.9715085 ], [ 108.3925576, 11.9702831 ] ], [ [ 108.3925576, 11.9702831 ], [ 108.3925228, 11.9698332 ], [ 108.3921947, 11.969218 ] ], [ [ 108.3921947, 11.969218 ], [ 108.3920157, 11.9682169 ], [ 108.3920551, 11.9676148 ], [ 108.3922357, 11.9673911 ], [ 108.3926263, 11.9671959 ], [ 108.3935644, 11.9669195 ], [ 108.3937372, 11.9666505 ], [ 108.3937125, 11.9663434 ], [ 108.3935037, 11.9661125 ], [ 108.3931504, 11.9659406 ], [ 108.3917952, 11.9655855 ], [ 108.3901168, 11.9650275 ], [ 108.3893296, 11.9641944 ], [ 108.3890654, 11.9637916 ], [ 108.3889286, 11.9628089 ], [ 108.3884002, 11.961287 ], [ 108.3887025, 11.9608685 ], [ 108.3892483, 11.9606429 ], [ 108.3895125, 11.9606179 ] ], [ [ 108.3895125, 11.9606179 ], [ 108.3906372, 11.9608462 ], [ 108.3910851, 11.9606796 ], [ 108.3916189, 11.9601941 ], [ 108.3921781, 11.9601771 ], [ 108.3923637, 11.9602125 ], [ 108.3926153, 11.9603936 ], [ 108.393369, 11.9612561 ], [ 108.3936936, 11.9614812 ], [ 108.3943641, 11.9615232 ], [ 108.3950937, 11.9611913 ], [ 108.3952412, 11.9609931 ], [ 108.3956722, 11.9597573 ], [ 108.3964696, 11.9592487 ], [ 108.3971335, 11.9589792 ], [ 108.397454, 11.9585253 ], [ 108.397568, 11.9579861 ], [ 108.3973902, 11.9569601 ], [ 108.3974545, 11.955879 ], [ 108.3981644, 11.9532856 ] ], [ [ 108.3981644, 11.9532856 ], [ 108.3983364, 11.9526572 ], [ 108.3989335, 11.9514846 ] ], [ [ 108.3989335, 11.9514846 ], [ 108.399922, 11.9505872 ], [ 108.4000742, 11.9503612 ], [ 108.4003478, 11.9498341 ], [ 108.4007275, 11.9483801 ], [ 108.4009956, 11.9481248 ], [ 108.4013395, 11.9480904 ], [ 108.4021103, 11.9487035 ], [ 108.4029606, 11.9487337 ], [ 108.4039865, 11.9493884 ], [ 108.4043258, 11.9494684 ], [ 108.4044814, 11.9494435 ], [ 108.4050795, 11.949038 ], [ 108.4066158, 11.9489449 ], [ 108.4084674, 11.9483625 ] ], [ [ 108.4084674, 11.9483625 ], [ 108.4102512, 11.9480239 ], [ 108.4112403, 11.9473765 ], [ 108.4121104, 11.9471111 ] ], [ [ 108.4121104, 11.9471111 ], [ 108.4124499, 11.9469277 ] ], [ [ 108.4124499, 11.9469277 ], [ 108.412765, 11.9468762 ], [ 108.4141077, 11.947411 ], [ 108.4146328, 11.94746 ] ], [ [ 108.4146328, 11.94746 ], [ 108.4150583, 11.947313 ], [ 108.4154377, 11.946609 ], [ 108.415648, 11.9464208 ], [ 108.4167513, 11.9464518 ] ], [ [ 108.4167513, 11.9464518 ], [ 108.4173079, 11.9458231 ], [ 108.4181435, 11.9453117 ], [ 108.4183246, 11.9449839 ], [ 108.4183566, 11.9446586 ] ], [ [ 108.4183566, 11.9446586 ], [ 108.4183161, 11.9444433 ], [ 108.4181508, 11.9442481 ], [ 108.4168371, 11.9436731 ], [ 108.4166555, 11.943336 ], [ 108.4167296, 11.9428686 ], [ 108.4178812, 11.9412453 ] ], [ [ 108.4178812, 11.9412453 ], [ 108.4179507, 11.9410144 ] ], [ [ 108.4179507, 11.9410144 ], [ 108.4179399, 11.9409859 ] ], [ [ 108.4179399, 11.9409859 ], [ 108.4177355, 11.9408589 ] ], [ [ 108.4177355, 11.9408589 ], [ 108.4168326, 11.9408254 ], [ 108.4157694, 11.9411382 ], [ 108.4138301, 11.940945 ], [ 108.4133412, 11.9406853 ] ], [ [ 108.4133412, 11.9406853 ], [ 108.412943, 11.9404538 ] ], [ [ 108.412943, 11.9404538 ], [ 108.4127968, 11.9404951 ], [ 108.4113976, 11.9403102 ] ], [ [ 108.4113976, 11.9403102 ], [ 108.4113371, 11.9405319 ], [ 108.410522, 11.9411676 ], [ 108.4096207, 11.9416767 ], [ 108.4086442, 11.9427375 ] ], [ [ 108.4086442, 11.9427375 ], [ 108.4085315, 11.942832 ], [ 108.4082419, 11.9427349 ], [ 108.4075499, 11.9428609 ], [ 108.4073245, 11.9431364 ] ], [ [ 108.4073245, 11.9431364 ], [ 108.4075767, 11.9434618 ], [ 108.4075992, 11.9437461 ] ], [ [ 108.4075992, 11.9437461 ], [ 108.4073712, 11.9436479 ], [ 108.4070861, 11.9438989 ], [ 108.4067028, 11.9440787 ], [ 108.4060914, 11.9449402 ], [ 108.4055466, 11.9460094 ], [ 108.4052393, 11.9462418 ], [ 108.4042954, 11.9466974 ], [ 108.4036935, 11.9464278 ], [ 108.4034686, 11.9465424 ], [ 108.4033546, 11.9464371 ], [ 108.4030441, 11.9465393 ] ] ] } },
{ "type": "Feature", "properties": { "edge_id": "E103", "from_node": "DL21", "to_node": "DL22", "from_name": "Chợ Đà Lạt", "to_name": "Hồ Xuân Hương", "distance_km": 1.734, "base_time_min": 3.09, "average_speed_kph": 33.7, "road_type": "residential|secondary", "one_way_share": 0.611, "direction": "directed", "congestion_level": 1, "risk_score": 0, "closed": false, "backbone_edge": false, "data_source": "OpenStreetMap + modeled speeds" }, "geometry": { "type": "MultiLineString", "coordinates": [ [ [ 108.4370388, 11.9428504 ], [ 108.4368717, 11.9428587 ], [ 108.4367626, 11.9427693 ] ], [ [ 108.4367626, 11.9427693 ], [ 108.436779, 11.9425283 ], [ 108.4370107, 11.942457 ] ], [ [ 108.4370107, 11.942457 ], [ 108.4375707, 11.9404105 ] ], [ [ 108.4375707, 11.9404105 ], [ 108.4374425, 11.9402973 ] ], [ [ 108.4374425, 11.9402973 ], [ 108.4374903, 11.9401147 ] ], [ [ 108.4374903, 11.9401147 ], [ 108.4377022, 11.9400945 ] ], [ [ 108.4377022, 11.9400945 ], [ 108.438498, 11.9393883 ] ], [ [ 108.438498, 11.9393883 ], [ 108.4385037, 11.9392204 ] ], [ [ 108.4385037, 11.9392204 ], [ 108.4386545, 11.9392364 ], [ 108.4386673, 11.9393587 ] ], [ [ 108.4386673, 11.9393587 ], [ 108.4396883, 11.9397138 ], [ 108.4404277, 11.9397495 ], [ 108.4408729, 11.9395291 ], [ 108.4417328, 11.9387418 ] ], [ [ 108.4417328, 11.9387418 ], [ 108.4416831, 11.9386504 ] ], [ [ 108.4416831, 11.9386504 ], [ 108.4418298, 11.9385232 ] ], [ [ 108.4418298, 11.9385232 ], [ 108.4419266, 11.9386036 ] ], [ [ 108.4419266, 11.9386036 ], [ 108.4419301, 11.9386729 ] ], [ [ 108.4419301, 11.9386729 ], [ 108.4461427, 11.9399138 ] ], [ [ 108.4461427, 11.9399138 ], [ 108.4470305, 11.9402065 ] ], [ [ 108.4470305, 11.9402065 ], [ 108.4479507, 11.9404825 ] ], [ [ 108.4479507, 11.9404825 ], [ 108.4480834, 11.9408573 ] ] ] } },
{ "type": "Feature", "properties": { "edge_id": "E104", "from_node": "DL22", "to_node": "DL21", "from_name": "Hồ Xuân Hương", "to_name": "Chợ Đà Lạt", "distance_km": 1.624, "base_time_min": 2.87, "average_speed_kph": 33.9, "road_type": "residential|secondary", "one_way_share": 0.417, "direction": "directed", "congestion_level": 1, "risk_score": 0, "closed": false, "backbone_edge": false, "data_source": "OpenStreetMap + modeled speeds" }, "geometry": { "type": "MultiLineString", "coordinates": [ [ [ 108.4480834, 11.9408573 ], [ 108.4479507, 11.9404825 ] ], [ [ 108.4479507, 11.9404825 ], [ 108.4470305, 11.9402065 ] ], [ [ 108.4470305, 11.9402065 ], [ 108.4461427, 11.9399138 ] ], [ [ 108.4461427, 11.9399138 ], [ 108.4419301, 11.9386729 ] ], [ [ 108.4419301, 11.9386729 ], [ 108.4418467, 11.9387607 ], [ 108.4417328, 11.9387418 ] ], [ [ 108.4417328, 11.9387418 ], [ 108.4408729, 11.9395291 ], [ 108.4404277, 11.9397495 ], [ 108.4396883, 11.9397138 ], [ 108.4386673, 11.9393587 ] ], [ [ 108.4386673, 11.9393587 ], [ 108.438498, 11.9393883 ] ], [ [ 108.438498, 11.9393883 ], [ 108.4377022, 11.9400945 ] ], [ [ 108.4377022, 11.9400945 ], [ 108.4377863, 11.9402304 ], [ 108.4377588, 11.9403351 ] ], [ [ 108.4377588, 11.9403351 ], [ 108.4375707, 11.9404105 ] ], [ [ 108.4375707, 11.9404105 ], [ 108.4370107, 11.942457 ] ], [ [ 108.4370107, 11.942457 ], [ 108.4371657, 11.9426567 ], [ 108.4370388, 11.9428504 ] ] ] } },
{ "type": "Feature", "properties": { "edge_id": "E105", "from_node": "DL21", "to_node": "DL23", "from_name": "Chợ Đà Lạt", "to_name": "Quảng trường Lâm Viên", "distance_km": 1.774, "base_time_min": 3.14, "average_speed_kph": 33.9, "road_type": "primary|residential|secondary", "one_way_share": 0.85, "direction": "directed", "congestion_level": 1, "risk_score": 0, "closed": false, "backbone_edge": true, "data_source": "OpenStreetMap + modeled speeds" }, "geometry": { "type": "MultiLineString", "coordinates": [ [ [ 108.4370388, 11.9428504 ], [ 108.4368717, 11.9428587 ], [ 108.4367626, 11.9427693 ] ], [ [ 108.4367626, 11.9427693 ], [ 108.436779, 11.9425283 ], [ 108.4370107, 11.942457 ] ], [ [ 108.4370107, 11.942457 ], [ 108.4375707, 11.9404105 ] ], [ [ 108.4375707, 11.9404105 ], [ 108.4374425, 11.9402973 ] ], [ [ 108.4374425, 11.9402973 ], [ 108.4374903, 11.9401147 ] ], [ [ 108.4374903, 11.9401147 ], [ 108.4377022, 11.9400945 ] ], [ [ 108.4377022, 11.9400945 ], [ 108.438498, 11.9393883 ] ], [ [ 108.438498, 11.9393883 ], [ 108.4385037, 11.9392204 ] ], [ [ 108.4385037, 11.9392204 ], [ 108.4386545, 11.9392364 ], [ 108.4386673, 11.9393587 ] ], [ [ 108.4386673, 11.9393587 ], [ 108.4396883, 11.9397138 ], [ 108.4404277, 11.9397495 ], [ 108.4408729, 11.9395291 ], [ 108.4417328, 11.9387418 ] ], [ [ 108.4417328, 11.9387418 ], [ 108.4416831, 11.9386504 ] ], [ [ 108.4416831, 11.9386504 ], [ 108.4418298, 11.9385232 ] ], [ [ 108.4418298, 11.9385232 ], [ 108.4440168, 11.9378961 ] ], [ [ 108.4440168, 11.9378961 ], [ 108.444906, 11.9376454 ], [ 108.4451252, 11.9375149 ], [ 108.4453191, 11.9372728 ], [ 108.4455266, 11.9365547 ] ], [ [ 108.4455266, 11.9365547 ], [ 108.4455368, 11.936054 ] ], [ [ 108.4455368, 11.936054 ], [ 108.4455092, 11.9359371 ] ], [ [ 108.4455092, 11.9359371 ], [ 108.4456145, 11.9358859 ] ], [ [ 108.4456145, 11.9358859 ], [ 108.445642, 11.9359998 ] ], [ [ 108.445642, 11.9359998 ], [ 108.4456558, 11.9363094 ] ], [ [ 108.4456558, 11.9363094 ], [ 108.4453822, 11.9373403 ], [ 108.4450793, 11.9376623 ] ] ] } },
{ "type": "Feature", "properties": { "edge_id": "E106", "from_node": "DL23", "to_node": "DL21", "from_name": "Quảng trường Lâm Viên", "to_name": "Chợ Đà Lạt", "distance_km": 1.261, "base_time_min": 2.33, "average_speed_kph": 32.5, "road_type": "residential|secondary", "one_way_share": 0.727, "direction": "directed", "congestion_level": 1, "risk_score": 0, "closed": false, "backbone_edge": true, "data_source": "OpenStreetMap + modeled speeds" }, "geometry": { "type": "MultiLineString", "coordinates": [ [ [ 108.4450793, 11.9376623 ], [ 108.4440749, 11.9379755 ] ], [ [ 108.4440749, 11.9379755 ], [ 108.4419266, 11.9386036 ] ], [ [ 108.4419266, 11.9386036 ], [ 108.4419301, 11.9386729 ] ], [ [ 108.4419301, 11.9386729 ], [ 108.4418467, 11.9387607 ], [ 108.4417328, 11.9387418 ] ], [ [ 108.4417328, 11.9387418 ], [ 108.4408729, 11.9395291 ], [ 108.4404277, 11.9397495 ], [ 108.4396883, 11.9397138 ], [ 108.4386673, 11.9393587 ] ], [ [ 108.4386673, 11.9393587 ], [ 108.438498, 11.9393883 ] ], [ [ 108.438498, 11.9393883 ], [ 108.4377022, 11.9400945 ] ], [ [ 108.4377022, 11.9400945 ], [ 108.4377863, 11.9402304 ], [ 108.4377588, 11.9403351 ] ], [ [ 108.4377588, 11.9403351 ], [ 108.4375707, 11.9404105 ] ], [ [ 108.4375707, 11.9404105 ], [ 108.4370107, 11.942457 ] ], [ [ 108.4370107, 11.942457 ], [ 108.4371657, 11.9426567 ], [ 108.4370388, 11.9428504 ] ] ] } },
{ "type": "Feature", "properties": { "edge_id": "E107", "from_node": "DL22", "to_node": "DL23", "from_name": "Hồ Xuân Hương", "to_name": "Quảng trường Lâm Viên", "distance_km": 0.636, "base_time_min": 1.33, "average_speed_kph": 28.6, "road_type": "residential|secondary|tertiary", "one_way_share": 0.0, "direction": "directed", "congestion_level": 1, "risk_score": 0, "closed": false, "backbone_edge": true, "data_source": "OpenStreetMap + modeled speeds" }, "geometry": { "type": "MultiLineString", "coordinates": [ [ [ 108.4480834, 11.9408573 ], [ 108.4479507, 11.9404825 ] ], [ [ 108.4479507, 11.9404825 ], [ 108.4470305, 11.9402065 ] ], [ [ 108.4470305, 11.9402065 ], [ 108.4461427, 11.9399138 ] ], [ [ 108.4461427, 11.9399138 ], [ 108.4466152, 11.9381911 ] ], [ [ 108.4466152, 11.9381911 ], [ 108.4457445, 11.9381449 ], [ 108.4450793, 11.9376623 ] ] ] } },
{ "type": "Feature", "properties": { "edge_id": "E108", "from_node": "DL23", "to_node": "DL22", "from_name": "Quảng trường Lâm Viên", "to_name": "Hồ Xuân Hương", "distance_km": 0.636, "base_time_min": 1.33, "average_speed_kph": 28.6, "road_type": "residential|secondary|tertiary", "one_way_share": 0.0, "direction": "directed", "congestion_level": 1, "risk_score": 0, "closed": false, "backbone_edge": true, "data_source": "OpenStreetMap + modeled speeds" }, "geometry": { "type": "MultiLineString", "coordinates": [ [ [ 108.4450793, 11.9376623 ], [ 108.4457445, 11.9381449 ], [ 108.4466152, 11.9381911 ] ], [ [ 108.4466152, 11.9381911 ], [ 108.4461427, 11.9399138 ] ], [ [ 108.4461427, 11.9399138 ], [ 108.4470305, 11.9402065 ] ], [ [ 108.4470305, 11.9402065 ], [ 108.4479507, 11.9404825 ] ], [ [ 108.4479507, 11.9404825 ], [ 108.4480834, 11.9408573 ] ] ] } },
{ "type": "Feature", "properties": { "edge_id": "E109", "from_node": "DL22", "to_node": "DL25", "from_name": "Hồ Xuân Hương", "to_name": "Bến xe Liên tỉnh Đà Lạt", "distance_km": 2.6, "base_time_min": 4.03, "average_speed_kph": 38.7, "road_type": "primary|secondary|tertiary", "one_way_share": 0.619, "direction": "directed", "congestion_level": 1, "risk_score": 0, "closed": false, "backbone_edge": false, "data_source": "OpenStreetMap + modeled speeds" }, "geometry": { "type": "MultiLineString", "coordinates": [ [ [ 108.4480834, 11.9408573 ], [ 108.4479507, 11.9404825 ] ], [ [ 108.4479507, 11.9404825 ], [ 108.4470305, 11.9402065 ] ], [ [ 108.4470305, 11.9402065 ], [ 108.4461427, 11.9399138 ] ], [ [ 108.4461427, 11.9399138 ], [ 108.4466152, 11.9381911 ] ], [ [ 108.4466152, 11.9381911 ], [ 108.4468405, 11.9365598 ], [ 108.4463687, 11.9359955 ] ], [ [ 108.4463687, 11.9359955 ], [ 108.4460789, 11.9357094 ] ], [ [ 108.4460789, 11.9357094 ], [ 108.446072, 11.935714 ] ], [ [ 108.446072, 11.935714 ], [ 108.445642, 11.9359998 ] ], [ [ 108.445642, 11.9359998 ], [ 108.4455368, 11.936054 ] ], [ [ 108.4455368, 11.936054 ], [ 108.4455092, 11.9359371 ] ], [ [ 108.4455092, 11.9359371 ], [ 108.4453246, 11.9354774 ] ], [ [ 108.4453246, 11.9354774 ], [ 108.4452268, 11.9351274 ] ], [ [ 108.4452268, 11.9351274 ], [ 108.4452456, 11.9346498 ], [ 108.4455954, 11.9332906 ] ], [ [ 108.4455954, 11.9332906 ], [ 108.4456241, 11.9331798 ] ], [ [ 108.4456241, 11.9331798 ], [ 108.4461306, 11.931526 ] ], [ [ 108.4461306, 11.931526 ], [ 108.4464738, 11.9306144 ] ], [ [ 108.4464738, 11.9306144 ], [ 108.4469904, 11.9299264 ] ], [ [ 108.4469904, 11.9299264 ], [ 108.4479046, 11.9290695 ], [ 108.4480177, 11.9286743 ], [ 108.4478895, 11.9283312 ], [ 108.4471648, 11.9275117 ], [ 108.4469152, 11.9270553 ], [ 108.4468368, 11.9267047 ], [ 108.4468439, 11.9260875 ] ], [ [ 108.4468439, 11.9260875 ], [ 108.446733, 11.9258444 ], [ 108.4465804, 11.9258195 ] ], [ [ 108.4465804, 11.9258195 ], [ 108.4463951, 11.9259272 ] ], [ [ 108.4463951, 11.9259272 ], [ 108.4462122, 11.926156 ], [ 108.4460755, 11.9265721 ], [ 108.446403, 11.9276652 ], [ 108.4462555, 11.9280406 ], [ 108.4458057, 11.928275 ], [ 108.4453435, 11.9282938 ], [ 108.4449135, 11.9281951 ], [ 108.4446488, 11.9278217 ] ] ] } },
{ "type": "Feature", "properties": { "edge_id": "E110", "from_node": "DL25", "to_node": "DL22", "from_name": "Bến xe Liên tỉnh Đà Lạt", "to_name": "Hồ Xuân Hương", "distance_km": 2.58, "base_time_min": 3.98, "average_speed_kph": 38.9, "road_type": "primary|primary_link|secondary|tertiary", "one_way_share": 0.65, "direction": "directed", "congestion_level": 1, "risk_score": 0, "closed": false, "backbone_edge": false, "data_source": "OpenStreetMap + modeled speeds" }, "geometry": { "type": "MultiLineString", "coordinates": [ [ [ 108.4446488, 11.9278217 ], [ 108.4449135, 11.9281951 ], [ 108.4453435, 11.9282938 ], [ 108.4458057, 11.928275 ], [ 108.4462555, 11.9280406 ], [ 108.446403, 11.9276652 ], [ 108.4460755, 11.9265721 ], [ 108.4462122, 11.926156 ], [ 108.4463951, 11.9259272 ] ], [ [ 108.4463951, 11.9259272 ], [ 108.4464737, 11.9258127 ] ], [ [ 108.4464737, 11.9258127 ], [ 108.4468465, 11.9256113 ] ], [ [ 108.4468465, 11.9256113 ], [ 108.4469307, 11.9255993 ] ], [ [ 108.4469307, 11.9255993 ], [ 108.4469317, 11.9256779 ] ], [ [ 108.4469317, 11.9256779 ], [ 108.446921, 11.9266664 ], [ 108.4469891, 11.926981 ] ], [ [ 108.4469891, 11.926981 ], [ 108.4470193, 11.9270484 ] ], [ [ 108.4470193, 11.9270484 ], [ 108.447312, 11.9275476 ], [ 108.4480017, 11.9283567 ], [ 108.4481037, 11.9288338 ] ], [ [ 108.4481037, 11.9288338 ], [ 108.4479734, 11.9291224 ], [ 108.4470554, 11.9299771 ] ], [ [ 108.4470554, 11.9299771 ], [ 108.4465237, 11.9307055 ], [ 108.4462304, 11.9315514 ] ], [ [ 108.4462304, 11.9315514 ], [ 108.4457207, 11.9332067 ] ], [ [ 108.4457207, 11.9332067 ], [ 108.4456951, 11.9333227 ] ], [ [ 108.4456951, 11.9333227 ], [ 108.4453315, 11.9346668 ], [ 108.4453315, 11.9351169 ] ], [ [ 108.4453315, 11.9351169 ], [ 108.4455492, 11.9353832 ], [ 108.4460789, 11.9357094 ] ], [ [ 108.4460789, 11.9357094 ], [ 108.4463687, 11.9359955 ] ], [ [ 108.4463687, 11.9359955 ], [ 108.4468405, 11.9365598 ], [ 108.4466152, 11.9381911 ] ], [ [ 108.4466152, 11.9381911 ], [ 108.4461427, 11.9399138 ] ], [ [ 108.4461427, 11.9399138 ], [ 108.4470305, 11.9402065 ] ], [ [ 108.4470305, 11.9402065 ], [ 108.4479507, 11.9404825 ] ], [ [ 108.4479507, 11.9404825 ], [ 108.4480834, 11.9408573 ] ] ] } },
{ "type": "Feature", "properties": { "edge_id": "E111", "from_node": "DL23", "to_node": "DL25", "from_name": "Quảng trường Lâm Viên", "to_name": "Bến xe Liên tỉnh Đà Lạt", "distance_km": 2.198, "base_time_min": 3.19, "average_speed_kph": 41.3, "road_type": "primary|secondary|tertiary", "one_way_share": 0.875, "direction": "directed", "congestion_level": 1, "risk_score": 0, "closed": false, "backbone_edge": true, "data_source": "OpenStreetMap + modeled speeds" }, "geometry": { "type": "MultiLineString", "coordinates": [ [ [ 108.4450793, 11.9376623 ], [ 108.4440749, 11.9379755 ] ], [ [ 108.4440749, 11.9379755 ], [ 108.4440168, 11.9378961 ] ], [ [ 108.4440168, 11.9378961 ], [ 108.444906, 11.9376454 ], [ 108.4451252, 11.9375149 ], [ 108.4453191, 11.9372728 ], [ 108.4455266, 11.9365547 ] ], [ [ 108.4455266, 11.9365547 ], [ 108.4455368, 11.936054 ] ], [ [ 108.4455368, 11.936054 ], [ 108.4455092, 11.9359371 ] ], [ [ 108.4455092, 11.9359371 ], [ 108.4453246, 11.9354774 ] ], [ [ 108.4453246, 11.9354774 ], [ 108.4452268, 11.9351274 ] ], [ [ 108.4452268, 11.9351274 ], [ 108.4452456, 11.9346498 ], [ 108.4455954, 11.9332906 ] ], [ [ 108.4455954, 11.9332906 ], [ 108.4456241, 11.9331798 ] ], [ [ 108.4456241, 11.9331798 ], [ 108.4461306, 11.931526 ] ], [ [ 108.4461306, 11.931526 ], [ 108.4464738, 11.9306144 ] ], [ [ 108.4464738, 11.9306144 ], [ 108.4469904, 11.9299264 ] ], [ [ 108.4469904, 11.9299264 ], [ 108.4479046, 11.9290695 ], [ 108.4480177, 11.9286743 ], [ 108.4478895, 11.9283312 ], [ 108.4471648, 11.9275117 ], [ 108.4469152, 11.9270553 ], [ 108.4468368, 11.9267047 ], [ 108.4468439, 11.9260875 ] ], [ [ 108.4468439, 11.9260875 ], [ 108.446733, 11.9258444 ], [ 108.4465804, 11.9258195 ] ], [ [ 108.4465804, 11.9258195 ], [ 108.4463951, 11.9259272 ] ], [ [ 108.4463951, 11.9259272 ], [ 108.4462122, 11.926156 ], [ 108.4460755, 11.9265721 ], [ 108.446403, 11.9276652 ], [ 108.4462555, 11.9280406 ], [ 108.4458057, 11.928275 ], [ 108.4453435, 11.9282938 ], [ 108.4449135, 11.9281951 ], [ 108.4446488, 11.9278217 ] ] ] } },
{ "type": "Feature", "properties": { "edge_id": "E112", "from_node": "DL25", "to_node": "DL23", "from_name": "Bến xe Liên tỉnh Đà Lạt", "to_name": "Quảng trường Lâm Viên", "distance_km": 2.021, "base_time_min": 2.91, "average_speed_kph": 41.6, "road_type": "primary|secondary|tertiary", "one_way_share": 0.941, "direction": "directed", "congestion_level": 1, "risk_score": 0, "closed": false, "backbone_edge": true, "data_source": "OpenStreetMap + modeled speeds" }, "geometry": { "type": "MultiLineString", "coordinates": [ [ [ 108.4446488, 11.9278217 ], [ 108.4449135, 11.9281951 ], [ 108.4453435, 11.9282938 ], [ 108.4458057, 11.928275 ], [ 108.4462555, 11.9280406 ], [ 108.446403, 11.9276652 ], [ 108.4460755, 11.9265721 ], [ 108.4462122, 11.926156 ], [ 108.4463951, 11.9259272 ] ], [ [ 108.4463951, 11.9259272 ], [ 108.4464737, 11.9258127 ] ], [ [ 108.4464737, 11.9258127 ], [ 108.4468465, 11.9256113 ] ], [ [ 108.4468465, 11.9256113 ], [ 108.4469307, 11.9255993 ] ], [ [ 108.4469307, 11.9255993 ], [ 108.4469317, 11.9256779 ] ], [ [ 108.4469317, 11.9256779 ], [ 108.446921, 11.9266664 ], [ 108.4469891, 11.926981 ] ], [ [ 108.4469891, 11.926981 ], [ 108.4470193, 11.9270484 ] ], [ [ 108.4470193, 11.9270484 ], [ 108.447312, 11.9275476 ], [ 108.4480017, 11.9283567 ], [ 108.4481037, 11.9288338 ] ], [ [ 108.4481037, 11.9288338 ], [ 108.4479734, 11.9291224 ], [ 108.4470554, 11.9299771 ] ], [ [ 108.4470554, 11.9299771 ], [ 108.4465237, 11.9307055 ], [ 108.4462304, 11.9315514 ] ], [ [ 108.4462304, 11.9315514 ], [ 108.4457207, 11.9332067 ] ], [ [ 108.4457207, 11.9332067 ], [ 108.4456951, 11.9333227 ] ], [ [ 108.4456951, 11.9333227 ], [ 108.4453315, 11.9346668 ], [ 108.4453315, 11.9351169 ] ], [ [ 108.4453315, 11.9351169 ], [ 108.4456145, 11.9358859 ] ], [ [ 108.4456145, 11.9358859 ], [ 108.445642, 11.9359998 ] ], [ [ 108.445642, 11.9359998 ], [ 108.4456558, 11.9363094 ] ], [ [ 108.4456558, 11.9363094 ], [ 108.4453822, 11.9373403 ], [ 108.4450793, 11.9376623 ] ] ] } },
{ "type": "Feature", "properties": { "edge_id": "E113", "from_node": "DL24", "to_node": "DL25", "from_name": "Thiền viện Trúc Lâm Đà Lạt", "to_name": "Bến xe Liên tỉnh Đà Lạt", "distance_km": 5.003, "base_time_min": 6.5, "average_speed_kph": 46.2, "road_type": "primary|secondary|tertiary", "one_way_share": 0.5, "direction": "directed", "congestion_level": 1, "risk_score": 0, "closed": false, "backbone_edge": true, "data_source": "OpenStreetMap + modeled speeds" }, "geometry": { "type": "MultiLineString", "coordinates": [ [ [ 108.4342369, 11.9065858 ], [ 108.4342711, 11.9066917 ] ], [ [ 108.4342711, 11.9066917 ], [ 108.4344653, 11.906854 ], [ 108.4347765, 11.9068994 ] ], [ [ 108.4347765, 11.9068994 ], [ 108.4360483, 11.9063328 ], [ 108.4365523, 11.9059946 ], [ 108.439069, 11.9030152 ], [ 108.4395612, 11.9027691 ], [ 108.4400383, 11.902888 ] ], [ [ 108.4400383, 11.902888 ], [ 108.4402155, 11.9029849 ] ], [ [ 108.4402155, 11.9029849 ], [ 108.4407341, 11.9032787 ], [ 108.4417561, 11.9035307 ], [ 108.4422114, 11.9039452 ] ], [ [ 108.4422114, 11.9039452 ], [ 108.4427162, 11.9042787 ], [ 108.4447414, 11.9045516 ], [ 108.4454761, 11.9051356 ], [ 108.4458317, 11.9052982 ], [ 108.4461599, 11.9052967 ], [ 108.447109, 11.9049299 ], [ 108.4474335, 11.9049482 ], [ 108.4479278, 11.9051664 ] ], [ [ 108.4479278, 11.9051664 ], [ 108.4480943, 11.9052566 ], [ 108.4481277, 11.9053821 ] ], [ [ 108.4481277, 11.9053821 ], [ 108.4479955, 11.905682 ] ], [ [ 108.4479955, 11.905682 ], [ 108.4480509, 11.9061505 ], [ 108.448619, 11.907003 ], [ 108.4486949, 11.907275 ], [ 108.4485447, 11.9079495 ], [ 108.448706, 11.908423 ], [ 108.4486914, 11.9087067 ], [ 108.4480942, 11.9094093 ], [ 108.4479988, 11.9097693 ], [ 108.4481558, 11.9104927 ], [ 108.4486626, 11.9115941 ], [ 108.4486601, 11.9119177 ], [ 108.4485094, 11.9121681 ], [ 108.4480979, 11.9124731 ], [ 108.4479359, 11.9127038 ], [ 108.4479094, 11.9129591 ], [ 108.4480693, 11.9136143 ], [ 108.4480656, 11.913965 ], [ 108.4474343, 11.9156077 ], [ 108.4469569, 11.9171403 ], [ 108.4467155, 11.9175104 ], [ 108.4449451, 11.9195229 ], [ 108.4441727, 11.9207069 ], [ 108.4437609, 11.9211022 ], [ 108.4436524, 11.9213708 ], [ 108.443658, 11.9215881 ] ], [ [ 108.443658, 11.9215881 ], [ 108.4438911, 11.9220217 ], [ 108.44419, 11.92236 ], [ 108.4448667, 11.9228694 ], [ 108.4456764, 11.9238386 ], [ 108.4466806, 11.9247169 ] ], [ [ 108.4466806, 11.9247169 ], [ 108.4468953, 11.9250194 ], [ 108.4469307, 11.9255993 ] ], [ [ 108.4469307, 11.9255993 ], [ 108.4469317, 11.9256779 ] ], [ [ 108.4469317, 11.9256779 ], [ 108.446847, 11.9256887 ] ], [ [ 108.446847, 11.9256887 ], [ 108.4465804, 11.9258195 ] ], [ [ 108.4465804, 11.9258195 ], [ 108.4463951, 11.9259272 ] ], [ [ 108.4463951, 11.9259272 ], [ 108.4462122, 11.926156 ], [ 108.4460755, 11.9265721 ], [ 108.446403, 11.9276652 ], [ 108.4462555, 11.9280406 ], [ 108.4458057, 11.928275 ], [ 108.4453435, 11.9282938 ], [ 108.4449135, 11.9281951 ], [ 108.4446488, 11.9278217 ] ] ] } },
{ "type": "Feature", "properties": { "edge_id": "E114", "from_node": "DL25", "to_node": "DL24", "from_name": "Bến xe Liên tỉnh Đà Lạt", "to_name": "Thiền viện Trúc Lâm Đà Lạt", "distance_km": 4.966, "base_time_min": 6.44, "average_speed_kph": 46.2, "road_type": "primary|primary_link|secondary|tertiary", "one_way_share": 0.5, "direction": "directed", "congestion_level": 1, "risk_score": 0, "closed": false, "backbone_edge": true, "data_source": "OpenStreetMap + modeled speeds" }, "geometry": { "type": "MultiLineString", "coordinates": [ [ [ 108.4446488, 11.9278217 ], [ 108.4449135, 11.9281951 ], [ 108.4453435, 11.9282938 ], [ 108.4458057, 11.928275 ], [ 108.4462555, 11.9280406 ], [ 108.446403, 11.9276652 ], [ 108.4460755, 11.9265721 ], [ 108.4462122, 11.926156 ], [ 108.4463951, 11.9259272 ] ], [ [ 108.4463951, 11.9259272 ], [ 108.4464737, 11.9258127 ] ], [ [ 108.4464737, 11.9258127 ], [ 108.4468465, 11.9256113 ] ], [ [ 108.4468465, 11.9256113 ], [ 108.4468438, 11.9253902 ] ], [ [ 108.4468438, 11.9253902 ], [ 108.4468254, 11.9250908 ], [ 108.4466806, 11.9247169 ] ], [ [ 108.4466806, 11.9247169 ], [ 108.4456764, 11.9238386 ], [ 108.4448667, 11.9228694 ], [ 108.44419, 11.92236 ], [ 108.4438911, 11.9220217 ], [ 108.443658, 11.9215881 ] ], [ [ 108.443658, 11.9215881 ], [ 108.4436524, 11.9213708 ], [ 108.4437609, 11.9211022 ], [ 108.4441727, 11.9207069 ], [ 108.4449451, 11.9195229 ], [ 108.4467155, 11.9175104 ], [ 108.4469569, 11.9171403 ], [ 108.4474343, 11.9156077 ], [ 108.4480656, 11.913965 ], [ 108.4480693, 11.9136143 ], [ 108.4479094, 11.9129591 ], [ 108.4479359, 11.9127038 ], [ 108.4480979, 11.9124731 ], [ 108.4485094, 11.9121681 ], [ 108.4486601, 11.9119177 ], [ 108.4486626, 11.9115941 ], [ 108.4481558, 11.9104927 ], [ 108.4479988, 11.9097693 ], [ 108.4480942, 11.9094093 ], [ 108.4486914, 11.9087067 ], [ 108.448706, 11.908423 ], [ 108.4485447, 11.9079495 ], [ 108.4486949, 11.907275 ], [ 108.448619, 11.907003 ], [ 108.4480509, 11.9061505 ], [ 108.4479955, 11.905682 ] ], [ [ 108.4479955, 11.905682 ], [ 108.4478959, 11.9053114 ] ], [ [ 108.4478959, 11.9053114 ], [ 108.447646, 11.905115 ], [ 108.4472561, 11.905019 ], [ 108.4469782, 11.9050578 ], [ 108.4461184, 11.905397 ], [ 108.4457901, 11.9053985 ], [ 108.4454198, 11.9052083 ], [ 108.4446851, 11.9046243 ], [ 108.44266, 11.9043514 ], [ 108.4421531, 11.9040098 ] ], [ [ 108.4421531, 11.9040098 ], [ 108.4416998, 11.9036034 ], [ 108.4406778, 11.9033514 ], [ 108.4404261, 11.9032197 ], [ 108.4402155, 11.9029849 ] ], [ [ 108.4402155, 11.9029849 ], [ 108.4400383, 11.902888 ] ], [ [ 108.4400383, 11.902888 ], [ 108.4395612, 11.9027691 ], [ 108.439069, 11.9030152 ], [ 108.4365523, 11.9059946 ], [ 108.4360483, 11.9063328 ], [ 108.4347765, 11.9068994 ] ], [ [ 108.4347765, 11.9068994 ], [ 108.4344653, 11.906854 ], [ 108.4342711, 11.9066917 ] ], [ [ 108.4342711, 11.9066917 ], [ 108.4342369, 11.9065858 ] ] ] } }
]
}
