{
"type": "FeatureCollection",
"name": "edges",
"crs": { "type": "name", "properties": { "name": "urn:ogc:def:crs:OGC:1.3:CRS84" } },
"features": [
{ "type": "Feature", "properties": { "edge_id": "E001", "from_node": "DL01", "to_node": "DL05", "from_name": "Nhà lao thiếu nhi Đà Lạt", "to_name": "Bảo tàng Lâm Đồng", "distance_km": 2.46, "connector_distance_m": 252.6, "base_time_min": 5.25, "average_speed_kph": 28.1, "road_type": "residential|secondary|trunk", "one_way_share": 0.0, "direction": "directed", "congestion_level": 1, "risk_score": 0, "closed": false, "backbone_edge": true, "data_source": "OpenStreetMap + modeled speeds + connector" }, "geometry": { "type": "MultiLineString", "coordinates": [ [ [ 108.4706527, 11.9521331 ], [ 108.46983, 11.9534931 ] ], [ [ 108.46983, 11.9534931 ], [ 108.4696433, 11.9537299 ], [ 108.4695336, 11.9539106 ] ], [ [ 108.4695336, 11.9539106 ], [ 108.4693995, 11.9538387 ] ], [ [ 108.4693995, 11.9538387 ], [ 108.4688922, 11.953514 ], [ 108.4680671, 11.9530438 ] ], [ [ 108.4680671, 11.9530438 ], [ 108.4661496, 11.9519714 ], [ 108.4655929, 11.951548 ], [ 108.4653864, 11.9513369 ], [ 108.4653102, 11.9512167 ], [ 108.4647346, 11.9500614 ], [ 108.4643772, 11.9495274 ], [ 108.4640144, 11.9492585 ], [ 108.463291, 11.9489575 ] ], [ [ 108.463291, 11.9489575 ], [ 108.4633768, 11.9486661 ], [ 108.4636017, 11.9481286 ] ], [ [ 108.4636017, 11.9481286 ], [ 108.4637327, 11.947897 ], [ 108.4639125, 11.9476798 ] ], [ [ 108.4639125, 11.9476798 ], [ 108.4641269, 11.947472 ] ], [ [ 108.4641269, 11.947472 ], [ 108.4644864, 11.9471211 ], [ 108.4649016, 11.946758 ] ], [ [ 108.4649016, 11.946758 ], [ 108.464827, 11.946635 ], [ 108.4646055, 11.9461677 ] ], [ [ 108.4646055, 11.9461677 ], [ 108.4641122, 11.945188 ], [ 108.463951, 11.9448 ], [ 108.4637221, 11.9443241 ] ], [ [ 108.4637221, 11.9443241 ], [ 108.4635299, 11.9439284 ], [ 108.4631277, 11.9429568 ], [ 108.4630829, 11.9427183 ], [ 108.4630686, 11.9425323 ], [ 108.4630617, 11.9418437 ], [ 108.4630428, 11.9416176 ], [ 108.4630215, 11.941501 ], [ 108.4629772, 11.9413949 ], [ 108.4629175, 11.9413189 ] ], [ [ 108.4629175, 11.9413189 ], [ 108.4628319, 11.9412565 ], [ 108.4626756, 11.9411913 ] ], [ [ 108.4626756, 11.9411913 ], [ 108.4618137, 11.941236 ], [ 108.4612277, 11.9412458 ], [ 108.4602785, 11.9411621 ] ], [ [ 108.4602785, 11.9411621 ], [ 108.4599038, 11.9405756 ] ] ] } },
{ "type": "Feature", "properties": { "edge_id": "E002", "from_node": "DL05", "to_node": "DL01", "from_name": "Bảo tàng Lâm Đồng", "to_name": "Nhà lao thiếu nhi Đà Lạt", "distance_km": 2.46, "connector_distance_m": 252.6, "base_time_min": 5.25, "average_speed_kph": 28.1, "road_type": "residential|secondary|trunk", "one_way_share": 0.0, "direction": "directed", "congestion_level": 1, "risk_score": 0, "closed": false, "backbone_edge": true, "data_source": "OpenStreetMap + modeled speeds + connector" }, "geometry": { "type": "MultiLineString", "coordinates": [ [ [ 108.4599038, 11.9405756 ], [ 108.4602785, 11.9411621 ] ], [ [ 108.4602785, 11.9411621 ], [ 108.4612277, 11.9412458 ], [ 108.4618137, 11.941236 ], [ 108.4626756, 11.9411913 ] ], [ [ 108.4626756, 11.9411913 ], [ 108.4628319, 11.9412565 ], [ 108.4629175, 11.9413189 ] ], [ [ 108.4629175, 11.9413189 ], [ 108.4629772, 11.9413949 ], [ 108.4630215, 11.941501 ], [ 108.4630428, 11.9416176 ], [ 108.4630617, 11.9418437 ], [ 108.4630686, 11.9425323 ], [ 108.4630829, 11.9427183 ], [ 108.4631277, 11.9429568 ], [ 108.4635299, 11.9439284 ], [ 108.4637221, 11.9443241 ] ], [ [ 108.4637221, 11.9443241 ], [ 108.463951, 11.9448 ], [ 108.4641122, 11.945188 ], [ 108.4646055, 11.9461677 ] ], [ [ 108.4646055, 11.9461677 ], [ 108.464827, 11.946635 ], [ 108.4649016, 11.946758 ] ], [ [ 108.4649016, 11.946758 ], [ 108.4644864, 11.9471211 ], [ 108.4641269, 11.947472 ] ], [ [ 108.4641269, 11.947472 ], [ 108.4639125, 11.9476798 ] ], [ [ 108.4639125, 11.9476798 ], [ 108.4637327, 11.947897 ], [ 108.4636017, 11.9481286 ] ], [ [ 108.4636017, 11.9481286 ], [ 108.4633768, 11.9486661 ], [ 108.463291, 11.9489575 ] ], [ [ 108.463291, 11.9489575 ], [ 108.4640144, 11.9492585 ], [ 108.4643772, 11.9495274 ], [ 108.4647346, 11.9500614 ], [ 108.4653102, 11.9512167 ], [ 108.4653864, 11.9513369 ], [ 108.4655929, 11.951548 ], [ 108.4661496, 11.9519714 ], [ 108.4680671, 11.9530438 ] ], [ [ 108.4680671, 11.9530438 ], [ 108.4688922, 11.953514 ], [ 108.4693995, 11.9538387 ] ], [ [ 108.4693995, 11.9538387 ], [ 108.4695336, 11.9539106 ] ], [ [ 108.4695336, 11.9539106 ], [ 108.4696433, 11.9537299 ], [ 108.46983, 11.9534931 ] ], [ [ 108.46983, 11.9534931 ], [ 108.4706527, 11.9521331 ] ] ] } },
{ "type": "Feature", "properties": { "edge_id": "E003", "from_node": "DL01", "to_node": "DL06", "from_name": "Nhà lao thiếu nhi Đà Lạt", "to_name": "Thung Lũng Tình Yêu", "distance_km": 6.253, "connector_distance_m": 244.9, "base_time_min": 10.08, "average_speed_kph": 37.2, "road_type": "residential|secondary", "one_way_share": 0.132, "direction": "directed", "congestion_level": 1, "risk_score": 0, "closed": false, "backbone_edge": true, "data_source": "OpenStreetMap + modeled speeds + connector" }, "geometry": { "type": "MultiLineString", "coordinates": [ [ [ 108.4706527, 11.9521331 ], [ 108.46983, 11.9534931 ] ], [ [ 108.46983, 11.9534931 ], [ 108.4696433, 11.9537299 ], [ 108.4695336, 11.9539106 ] ], [ [ 108.4695336, 11.9539106 ], [ 108.4693995, 11.9538387 ] ], [ [ 108.4693995, 11.9538387 ], [ 108.4688922, 11.953514 ], [ 108.4680671, 11.9530438 ] ], [ [ 108.4680671, 11.9530438 ], [ 108.4661496, 11.9519714 ], [ 108.4655929, 11.951548 ], [ 108.4653864, 11.9513369 ], [ 108.4653102, 11.9512167 ], [ 108.4647346, 11.9500614 ], [ 108.4643772, 11.9495274 ], [ 108.4640144, 11.9492585 ], [ 108.463291, 11.9489575 ] ], [ [ 108.463291, 11.9489575 ], [ 108.463318, 11.9490872 ], [ 108.4632588, 11.9493352 ], [ 108.4631769, 11.9494036 ] ], [ [ 108.4631769, 11.9494036 ], [ 108.4622771, 11.9499812 ], [ 108.4620677, 11.9501349 ] ], [ [ 108.4620677, 11.9501349 ], [ 108.4618529, 11.9503137 ] ], [ [ 108.4618529, 11.9503137 ], [ 108.4615171, 11.9505914 ] ], [ [ 108.4615171, 11.9505914 ], [ 108.4614019, 11.950665 ], [ 108.4613111, 11.9506975 ] ], [ [ 108.4613111, 11.9506975 ], [ 108.4602594, 11.9507548 ] ], [ [ 108.4602594, 11.9507548 ], [ 108.4590181, 11.9507579 ] ], [ [ 108.4590181, 11.9507579 ], [ 108.4576872, 11.9507419 ] ], [ [ 108.4576872, 11.9507419 ], [ 108.4570439, 11.9507227 ], [ 108.4569423, 11.9507407 ] ], [ [ 108.4569423, 11.9507407 ], [ 108.4564407, 11.9509858 ], [ 108.4563424, 11.9510062 ], [ 108.4562738, 11.9510033 ] ], [ [ 108.4562738, 11.9510033 ], [ 108.4562091, 11.9509802 ], [ 108.456152, 11.9509368 ], [ 108.4552696, 11.9499836 ] ], [ [ 108.4552696, 11.9499836 ], [ 108.4551189, 11.949841 ], [ 108.4549324, 11.9497124 ], [ 108.4546857, 11.9496468 ], [ 108.4545364, 11.9496308 ], [ 108.4542055, 11.9496455 ], [ 108.4540955, 11.9496691 ], [ 108.4539105, 11.94974 ], [ 108.4537966, 11.9498452 ], [ 108.4536832, 11.9500277 ], [ 108.4534129, 11.9505476 ], [ 108.4533518, 11.9506347 ], [ 108.4532665, 11.9506995 ], [ 108.4531691, 11.9507348 ], [ 108.4530696, 11.950741 ], [ 108.4529717, 11.9507193 ] ], [ [ 108.4529717, 11.9507193 ], [ 108.4529247, 11.9507822 ], [ 108.4528725, 11.9507954 ], [ 108.4528208, 11.9507801 ] ], [ [ 108.4528208, 11.9507801 ], [ 108.4527751, 11.9507034 ] ], [ [ 108.4527751, 11.9507034 ], [ 108.4526432, 11.9507234 ], [ 108.4525111, 11.950764 ], [ 108.451802, 11.9510541 ] ], [ [ 108.451802, 11.9510541 ], [ 108.4518075, 11.9511135 ], [ 108.4517605, 11.9511764 ] ], [ [ 108.4517605, 11.9511764 ], [ 108.4516813, 11.9511854 ], [ 108.4516175, 11.9511275 ] ], [ [ 108.4516175, 11.9511275 ], [ 108.4513421, 11.9513674 ], [ 108.451168, 11.9515622 ], [ 108.4510446, 11.9517736 ], [ 108.450688, 11.9532377 ], [ 108.4503473, 11.9544106 ], [ 108.4503053, 11.9545985 ], [ 108.4502978, 11.9547453 ], [ 108.4503034, 11.9548716 ], [ 108.4503848, 11.9551593 ], [ 108.450579, 11.9555842 ], [ 108.4516754, 11.9576337 ], [ 108.4517571, 11.9578277 ], [ 108.4518402, 11.9583541 ] ], [ [ 108.4518402, 11.9583541 ], [ 108.4518498, 11.9584403 ] ], [ [ 108.4518498, 11.9584403 ], [ 108.4519106, 11.9588162 ] ], [ [ 108.4519106, 11.9588162 ], [ 108.452037, 11.9597598 ] ], [ [ 108.452037, 11.9597598 ], [ 108.4521165, 11.9602624 ] ], [ [ 108.4521165, 11.9602624 ], [ 108.4521774, 11.9611316 ], [ 108.4521872, 11.9623025 ], [ 108.4522167, 11.9629427 ], [ 108.4522661, 11.9632306 ], [ 108.4524915, 11.9639786 ] ], [ [ 108.4524915, 11.9639786 ], [ 108.4526145, 11.9641323 ] ], [ [ 108.4526145, 11.9641323 ], [ 108.4529534, 11.9646648 ], [ 108.4530344, 11.964917 ], [ 108.4531246, 11.9659695 ], [ 108.4531208, 11.9662587 ] ], [ [ 108.4531208, 11.9662587 ], [ 108.4529864, 11.967076 ] ], [ [ 108.4529864, 11.967076 ], [ 108.4529361, 11.967451 ] ], [ [ 108.4529361, 11.967451 ], [ 108.452426, 11.9695208 ], [ 108.4522542, 11.9709483 ], [ 108.4522931, 11.9718503 ] ], [ [ 108.4522931, 11.9718503 ], [ 108.4523576, 11.972572 ], [ 108.4524658, 11.9743385 ] ], [ [ 108.4524658, 11.9743385 ], [ 108.4524947, 11.9744507 ] ], [ [ 108.4524947, 11.9744507 ], [ 108.4525621, 11.9747082 ], [ 108.4527571, 11.9752095 ], [ 108.4529248, 11.9758051 ], [ 108.4530616, 11.9763666 ], [ 108.4533864, 11.977386 ], [ 108.4534179, 11.9776238 ], [ 108.4534102, 11.977693 ], [ 108.4533206, 11.977938 ] ], [ [ 108.4533206, 11.977938 ], [ 108.4531796, 11.9780206 ] ], [ [ 108.4531796, 11.9780206 ], [ 108.451711, 11.9779819 ], [ 108.4513782, 11.9778949 ] ], [ [ 108.4513782, 11.9778949 ], [ 108.4503683, 11.9777102 ], [ 108.4498802, 11.9777303 ], [ 108.44945, 11.9777694 ] ], [ [ 108.44945, 11.9777694 ], [ 108.4499229, 11.9781853 ] ] ] } },
{ "type": "Feature", "properties": { "edge_id": "E004", "from_node": "DL06", "to_node": "DL01", "from_name": "Thung Lũng Tình Yêu", "to_name": "Nhà lao thiếu nhi Đà Lạt", "distance_km": 6.258, "connector_distance_m": 244.9, "base_time_min": 10.08, "average_speed_kph": 37.2, "road_type": "residential|secondary", "one_way_share": 0.132, "direction": "directed", "congestion_level": 1, "risk_score": 0, "closed": false, "backbone_edge": true, "data_source": "OpenStreetMap + modeled speeds + connector" }, "geometry": { "type": "MultiLineString", "coordinates": [ [ [ 108.4499229, 11.9781853 ], [ 108.44945, 11.9777694 ] ], [ [ 108.44945, 11.9777694 ], [ 108.4498802, 11.9777303 ], [ 108.4503683, 11.9777102 ], [ 108.4513782, 11.9778949 ] ], [ [ 108.4513782, 11.9778949 ], [ 108.451711, 11.9779819 ], [ 108.4531796, 11.9780206 ] ], [ [ 108.4531796, 11.9780206 ], [ 108.4533206, 11.977938 ] ], [ [ 108.4533206, 11.977938 ], [ 108.4534102, 11.977693 ], [ 108.4534179, 11.9776238 ], [ 108.4533864, 11.977386 ], [ 108.4530616, 11.9763666 ], [ 108.4529248, 11.9758051 ], [ 108.4527571, 11.9752095 ], [ 108.4525621, 11.9747082 ], [ 108.4524947, 11.9744507 ] ], [ [ 108.4524947, 11.9744507 ], [ 108.4524658, 11.9743385 ] ], [ [ 108.4524658, 11.9743385 ], [ 108.4523576, 11.972572 ], [ 108.4522931, 11.9718503 ] ], [ [ 108.4522931, 11.9718503 ], [ 108.4522542, 11.9709483 ], [ 108.452426, 11.9695208 ], [ 108.4529361, 11.967451 ] ], [ [ 108.4529361, 11.967451 ], [ 108.4529864, 11.967076 ] ], [ [ 108.4529864, 11.967076 ], [ 108.4531208, 11.9662587 ] ], [ [ 108.4531208, 11.9662587 ], [ 108.4531246, 11.9659695 ], [ 108.4530344, 11.964917 ], [ 108.4529534, 11.9646648 ], [ 108.4526145, 11.9641323 ] ], [ [ 108.4526145, 11.9641323 ], [ 108.4524915, 11.9639786 ] ], [ [ 108.4524915, 11.9639786 ], [ 108.4522661, 11.9632306 ], [ 108.4522167, 11.9629427 ], [ 108.4521872, 11.9623025 ], [ 108.4521774, 11.9611316 ], [ 108.4521165, 11.9602624 ] ], [ [ 108.4521165, 11.9602624 ], [ 108.452037, 11.9597598 ] ], [ [ 108.452037, 11.9597598 ], [ 108.4519106, 11.9588162 ] ], [ [ 108.4519106, 11.9588162 ], [ 108.4518498, 11.9584403 ] ], [ [ 108.4518498, 11.9584403 ], [ 108.4518402, 11.9583541 ] ], [ [ 108.4518402, 11.9583541 ], [ 108.4517571, 11.9578277 ], [ 108.4516754, 11.9576337 ], [ 108.450579, 11.9555842 ], [ 108.4503848, 11.9551593 ], [ 108.4503034, 11.9548716 ], [ 108.4502978, 11.9547453 ], [ 108.4503053, 11.9545985 ], [ 108.4503473, 11.9544106 ], [ 108.450688, 11.9532377 ], [ 108.4510446, 11.9517736 ], [ 108.451168, 11.9515622 ], [ 108.4513421, 11.9513674 ], [ 108.4516175, 11.9511275 ] ], [ [ 108.4516175, 11.9511275 ], [ 108.451614, 11.9510677 ], [ 108.4516466, 11.9510174 ] ], [ [ 108.4516466, 11.9510174 ], [ 108.4517337, 11.9509975 ], [ 108.451802, 11.9510541 ] ], [ [ 108.451802, 11.9510541 ], [ 108.4525111, 11.950764 ], [ 108.4526432, 11.9507234 ], [ 108.4527751, 11.9507034 ] ], [ [ 108.4527751, 11.9507034 ], [ 108.4528108, 11.9506232 ], [ 108.4528672, 11.9506009 ] ], [ [ 108.4528672, 11.9506009 ], [ 108.4529499, 11.9506343 ], [ 108.4529717, 11.9507193 ] ], [ [ 108.4529717, 11.9507193 ], [ 108.4530696, 11.950741 ], [ 108.4531691, 11.9507348 ], [ 108.4532665, 11.9506995 ], [ 108.4533518, 11.9506347 ], [ 108.4534129, 11.9505476 ], [ 108.4536832, 11.9500277 ], [ 108.4537966, 11.9498452 ], [ 108.4539105, 11.94974 ], [ 108.4540955, 11.9496691 ], [ 108.4542055, 11.9496455 ], [ 108.4545364, 11.9496308 ], [ 108.4546857, 11.9496468 ], [ 108.4549324, 11.9497124 ], [ 108.4551189, 11.949841 ], [ 108.4552696, 11.9499836 ] ], [ [ 108.4552696, 11.9499836 ], [ 108.456152, 11.9509368 ], [ 108.4562091, 11.9509802 ], [ 108.4562738, 11.9510033 ] ], [ [ 108.4562738, 11.9510033 ], [ 108.4563424, 11.9510062 ], [ 108.4564407, 11.9509858 ], [ 108.4569423, 11.9507407 ] ], [ [ 108.4569423, 11.9507407 ], [ 108.4570439, 11.9507227 ], [ 108.4576872, 11.9507419 ] ], [ [ 108.4576872, 11.9507419 ], [ 108.4590181, 11.9507579 ] ], [ [ 108.4590181, 11.9507579 ], [ 108.4602594, 11.9507548 ] ], [ [ 108.4602594, 11.9507548 ], [ 108.4613111, 11.9506975 ] ], [ [ 108.4613111, 11.9506975 ], [ 108.4614019, 11.950665 ], [ 108.4615171, 11.9505914 ] ], [ [ 108.4615171, 11.9505914 ], [ 108.4618529, 11.9503137 ] ], [ [ 108.4618529, 11.9503137 ], [ 108.4620677, 11.9501349 ] ], [ [ 108.4620677, 11.9501349 ], [ 108.4622771, 11.9499812 ], [ 108.4631769, 11.9494036 ] ], [ [ 108.4631769, 11.9494036 ], [ 108.463147, 11.9493068 ], [ 108.4632047, 11.9490636 ], [ 108.463291, 11.9489575 ] ], [ [ 108.463291, 11.9489575 ], [ 108.4640144, 11.9492585 ], [ 108.4643772, 11.9495274 ], [ 108.4647346, 11.9500614 ], [ 108.4653102, 11.9512167 ], [ 108.4653864, 11.9513369 ], [ 108.4655929, 11.951548 ], [ 108.4661496, 11.9519714 ], [ 108.4680671, 11.9530438 ] ], [ [ 108.4680671, 11.9530438 ], [ 108.4688922, 11.953514 ], [ 108.4693995, 11.9538387 ] ], [ [ 108.4693995, 11.9538387 ], [ 108.4695336, 11.9539106 ] ], [ [ 108.4695336, 11.9539106 ], [ 108.4696433, 11.9537299 ], [ 108.46983, 11.9534931 ] ], [ [ 108.46983, 11.9534931 ], [ 108.4706527, 11.9521331 ] ] ] } },
{ "type": "Feature", "properties": { "edge_id": "E005", "from_node": "DL01", "to_node": "DL14", "from_name": "Nhà lao thiếu nhi Đà Lạt", "to_name": "Vườn Hoa Cẩm Tú Cầu", "distance_km": 7.619, "connector_distance_m": 330.0, "base_time_min": 16.52, "average_speed_kph": 27.7, "road_type": "primary|residential|secondary|trunk|unclassified", "one_way_share": 0.106, "direction": "directed", "congestion_level": 1, "risk_score": 0, "closed": false, "backbone_edge": true, "data_source": "OpenStreetMap + modeled speeds + connector" }, "geometry": { "type": "MultiLineString", "coordinates": [ [ [ 108.4706527, 11.9521331 ], [ 108.46983, 11.9534931 ] ], [ [ 108.46983, 11.9534931 ], [ 108.4696433, 11.9537299 ], [ 108.4695336, 11.9539106 ] ], [ [ 108.4695336, 11.9539106 ], [ 108.4696471, 11.9539714 ], [ 108.4699087, 11.9540721 ], [ 108.4700837, 11.9541138 ], [ 108.4702349, 11.9541224 ], [ 108.4703908, 11.9540944 ] ], [ [ 108.4703908, 11.9540944 ], [ 108.4707378, 11.9539075 ] ], [ [ 108.4707378, 11.9539075 ], [ 108.4708576, 11.9538383 ] ], [ [ 108.4708576, 11.9538383 ], [ 108.4710909, 11.9536686 ], [ 108.4712763, 11.9534648 ], [ 108.4714012, 11.953186 ], [ 108.4715568, 11.9527661 ], [ 108.4716413, 11.9526297 ], [ 108.4717351, 11.9525477 ], [ 108.4718209, 11.9525005 ], [ 108.4719176, 11.9524649 ], [ 108.4720143, 11.9524519 ], [ 108.4721817, 11.9524677 ], [ 108.4729367, 11.9526566 ], [ 108.4732653, 11.9526881 ], [ 108.4734327, 11.9526577 ], [ 108.4743359, 11.9522398 ], [ 108.4745352, 11.9522146 ], [ 108.4747196, 11.9522364 ], [ 108.47486, 11.9522906 ], [ 108.4750078, 11.9524206 ], [ 108.4752092, 11.9526831 ], [ 108.4754057, 11.9528191 ], [ 108.4761511, 11.9532537 ], [ 108.476417, 11.9534748 ] ], [ [ 108.476417, 11.9534748 ], [ 108.4767404, 11.9537651 ], [ 108.4775276, 11.9543108 ], [ 108.4778144, 11.9544917 ] ], [ [ 108.4778144, 11.9544917 ], [ 108.4779082, 11.9544148 ], [ 108.4780202, 11.954361 ], [ 108.4788309, 11.9541209 ], [ 108.4791018, 11.9540854 ], [ 108.4793387, 11.9539572 ], [ 108.4798408, 11.9535499 ], [ 108.4800835, 11.9533927 ], [ 108.4802168, 11.9533355 ], [ 108.4804375, 11.9531513 ], [ 108.4807278, 11.9530495 ], [ 108.481092, 11.9527905 ], [ 108.4812458, 11.9527279 ], [ 108.4813863, 11.9527097 ], [ 108.4815399, 11.9527314 ], [ 108.4818068, 11.9529033 ], [ 108.4819329, 11.9529387 ], [ 108.4822749, 11.9529282 ], [ 108.4824981, 11.9529472 ] ], [ [ 108.4824981, 11.9529472 ], [ 108.4827925, 11.9530712 ], [ 108.4830815, 11.9532214 ], [ 108.4834, 11.9534767 ], [ 108.4836567, 11.9537303 ], [ 108.4839789, 11.9539427 ], [ 108.4841935, 11.9541841 ], [ 108.4848571, 11.9542461 ], [ 108.4851542, 11.9542993 ], [ 108.4853178, 11.9543413 ], [ 108.4857291, 11.9545254 ] ], [ [ 108.4857291, 11.9545254 ], [ 108.4863004, 11.9548848 ], [ 108.4864174, 11.9550127 ] ], [ [ 108.4864174, 11.9550127 ], [ 108.4865149, 11.95518 ], [ 108.4867778, 11.955836 ], [ 108.486975, 11.9569289 ] ], [ [ 108.486975, 11.9569289 ], [ 108.4870465, 11.9571306 ], [ 108.4872539, 11.9575114 ], [ 108.4874499, 11.9576827 ] ], [ [ 108.4874499, 11.9576827 ], [ 108.4875439, 11.957219 ], [ 108.4878469, 11.9567641 ], [ 108.488059, 11.9565927 ], [ 108.4883144, 11.9564652 ], [ 108.4885633, 11.9564248 ], [ 108.4888854, 11.9564599 ], [ 108.4922159, 11.9571735 ] ], [ [ 108.4922159, 11.9571735 ], [ 108.4925973, 11.9572542 ], [ 108.4930748, 11.9572776 ], [ 108.4931794, 11.9572697 ], [ 108.49341, 11.9572146 ], [ 108.4935844, 11.9571332 ], [ 108.4938982, 11.956926 ], [ 108.4939867, 11.9568262 ], [ 108.4940779, 11.9566583 ], [ 108.4942657, 11.9561256 ] ], [ [ 108.4942657, 11.9561256 ], [ 108.494429, 11.9555946 ] ], [ [ 108.494429, 11.9555946 ], [ 108.4946246, 11.9550501 ], [ 108.4946492, 11.9548372 ], [ 108.4946278, 11.9545565 ], [ 108.4945956, 11.9544462 ], [ 108.4945187, 11.9542865 ], [ 108.4938108, 11.9533209 ], [ 108.4933859, 11.9529768 ] ], [ [ 108.4933859, 11.9529768 ], [ 108.4931112, 11.9528424 ], [ 108.4925023, 11.9524014 ], [ 108.4922576, 11.9521482 ], [ 108.4921283, 11.951894 ], [ 108.4920792, 11.951567 ], [ 108.4920801, 11.9512275 ] ], [ [ 108.4920801, 11.9512275 ], [ 108.4922127, 11.9504535 ], [ 108.4922582, 11.949361 ] ], [ [ 108.4922582, 11.949361 ], [ 108.4922641, 11.9492193 ] ], [ [ 108.4922641, 11.9492193 ], [ 108.4922353, 11.948537 ] ], [ [ 108.4922353, 11.948537 ], [ 108.492142, 11.9481898 ], [ 108.4916681, 11.9473686 ] ], [ [ 108.4916681, 11.9473686 ], [ 108.4915659, 11.9472828 ], [ 108.4912231, 11.9469027 ] ], [ [ 108.4912231, 11.9469027 ], [ 108.4911676, 11.9468482 ] ], [ [ 108.4911676, 11.9468482 ], [ 108.4911345, 11.9467785 ], [ 108.4911271, 11.9467099 ], [ 108.4911448, 11.9466349 ], [ 108.4911876, 11.9465704 ], [ 108.4912504, 11.9465241 ] ], [ [ 108.4912504, 11.9465241 ], [ 108.4913256, 11.9465016 ] ], [ [ 108.4913256, 11.9465016 ], [ 108.4915128, 11.9464133 ], [ 108.4918124, 11.9462277 ] ], [ [ 108.4918124, 11.9462277 ], [ 108.4920757, 11.9458275 ], [ 108.4925477, 11.9449195 ], [ 108.492651, 11.9447516 ], [ 108.4928025, 11.9445849 ], [ 108.4930024, 11.9444498 ], [ 108.4932384, 11.9443789 ], [ 108.4944695, 11.9444917 ] ], [ [ 108.4944695, 11.9444917 ], [ 108.4946808, 11.9445121 ] ], [ [ 108.4946808, 11.9445121 ], [ 108.4953084, 11.9446203 ] ], [ [ 108.4953084, 11.9446203 ], [ 108.4955733, 11.9446993 ] ], [ [ 108.4955733, 11.9446993 ], [ 108.4962143, 11.9449155 ] ], [ [ 108.4962143, 11.9449155 ], [ 108.4962787, 11.9449366 ] ], [ [ 108.4962787, 11.9449366 ], [ 108.4964204, 11.9449941 ], [ 108.497164, 11.9452286 ] ], [ [ 108.497164, 11.9452286 ], [ 108.4976761, 11.9453988 ] ], [ [ 108.4976761, 11.9453988 ], [ 108.498204, 11.945564 ] ], [ [ 108.498204, 11.945564 ], [ 108.4987369, 11.9457343 ] ], [ [ 108.4987369, 11.9457343 ], [ 108.4991239, 11.9458492 ] ], [ [ 108.4991239, 11.9458492 ], [ 108.5001172, 11.9461743 ] ], [ [ 108.5001172, 11.9461743 ], [ 108.5003234, 11.9462014 ], [ 108.5006213, 11.9461822 ] ], [ [ 108.5006213, 11.9461822 ], [ 108.5027243, 11.9458153 ], [ 108.5038455, 11.9456632 ] ], [ [ 108.5038455, 11.9456632 ], [ 108.5045935, 11.9455309 ], [ 108.5050096, 11.9453999 ], [ 108.5055894, 11.9451602 ] ], [ [ 108.5055894, 11.9451602 ], [ 108.50653, 11.9447094 ] ], [ [ 108.50653, 11.9447094 ], [ 108.5068679, 11.944542 ] ], [ [ 108.5068679, 11.944542 ], [ 108.5071067, 11.9444114 ] ], [ [ 108.5071067, 11.9444114 ], [ 108.507541, 11.9440485 ], [ 108.5078605, 11.9437518 ], [ 108.5079557, 11.9436848 ], [ 108.5081662, 11.9435969 ], [ 108.5083587, 11.9435537 ] ], [ [ 108.5083587, 11.9435537 ], [ 108.5085015, 11.9437256 ], [ 108.5086042, 11.9437843 ], [ 108.5088878, 11.9438208 ], [ 108.5091358, 11.9438227 ], [ 108.5092285, 11.9438706 ], [ 108.5092498, 11.9439775 ], [ 108.50927, 11.9445451 ], [ 108.5093383, 11.9446755 ], [ 108.5094993, 11.944818 ] ], [ [ 108.5094993, 11.944818 ], [ 108.5105696, 11.9454845 ], [ 108.5110364, 11.9458099 ], [ 108.51113, 11.9458327 ], [ 108.5112856, 11.9458308 ] ], [ [ 108.5112856, 11.9458308 ], [ 108.5114171, 11.94566 ], [ 108.5115713, 11.9455327 ], [ 108.5116464, 11.9454907 ], [ 108.5118609, 11.9454277 ] ], [ [ 108.5118609, 11.9454277 ], [ 108.5130702, 11.9461533 ] ] ] } },
{ "type": "Feature", "properties": { "edge_id": "E006", "from_node": "DL14", "to_node": "DL01", "from_name": "Vườn Hoa Cẩm Tú Cầu", "to_name": "Nhà lao thiếu nhi Đà Lạt", "distance_km": 7.561, "connector_distance_m": 330.0, "base_time_min": 16.38, "average_speed_kph": 27.7, "road_type": "primary|residential|secondary|trunk|unclassified", "one_way_share": 0.067, "direction": "directed", "congestion_level": 1, "risk_score": 0, "closed": false, "backbone_edge": true, "data_source": "OpenStreetMap + modeled speeds + connector" }, "geometry": { "type": "MultiLineString", "coordinates": [ [ [ 108.5130702, 11.9461533 ], [ 108.5118609, 11.9454277 ] ], [ [ 108.5118609, 11.9454277 ], [ 108.5116464, 11.9454907 ], [ 108.5115713, 11.9455327 ], [ 108.5114171, 11.94566 ], [ 108.5112856, 11.9458308 ] ], [ [ 108.5112856, 11.9458308 ], [ 108.51113, 11.9458327 ], [ 108.5110364, 11.9458099 ], [ 108.5105696, 11.9454845 ], [ 108.5094993, 11.944818 ] ], [ [ 108.5094993, 11.944818 ], [ 108.5093383, 11.9446755 ], [ 108.50927, 11.9445451 ], [ 108.5092498, 11.9439775 ], [ 108.5092285, 11.9438706 ], [ 108.5091358, 11.9438227 ], [ 108.5088878, 11.9438208 ], [ 108.5086042, 11.9437843 ], [ 108.5085015, 11.9437256 ], [ 108.5083587, 11.9435537 ] ], [ [ 108.5083587, 11.9435537 ], [ 108.5081662, 11.9435969 ], [ 108.5079557, 11.9436848 ], [ 108.5078605, 11.9437518 ], [ 108.507541, 11.9440485 ], [ 108.5071067, 11.9444114 ] ], [ [ 108.5071067, 11.9444114 ], [ 108.5068679, 11.944542 ] ], [ [ 108.5068679, 11.944542 ], [ 108.50653, 11.9447094 ] ], [ [ 108.50653, 11.9447094 ], [ 108.5055894, 11.9451602 ] ], [ [ 108.5055894, 11.9451602 ], [ 108.5050096, 11.9453999 ], [ 108.5045935, 11.9455309 ], [ 108.5038455, 11.9456632 ] ], [ [ 108.5038455, 11.9456632 ], [ 108.5027243, 11.9458153 ], [ 108.5006213, 11.9461822 ] ], [ [ 108.5006213, 11.9461822 ], [ 108.5003234, 11.9462014 ], [ 108.5001172, 11.9461743 ] ], [ [ 108.5001172, 11.9461743 ], [ 108.4991239, 11.9458492 ] ], [ [ 108.4991239, 11.9458492 ], [ 108.4987369, 11.9457343 ] ], [ [ 108.4987369, 11.9457343 ], [ 108.498204, 11.945564 ] ], [ [ 108.498204, 11.945564 ], [ 108.4976761, 11.9453988 ] ], [ [ 108.4976761, 11.9453988 ], [ 108.497164, 11.9452286 ] ], [ [ 108.497164, 11.9452286 ], [ 108.4964204, 11.9449941 ], [ 108.4962787, 11.9449366 ] ], [ [ 108.4962787, 11.9449366 ], [ 108.4962143, 11.9449155 ] ], [ [ 108.4962143, 11.9449155 ], [ 108.4955733, 11.9446993 ] ], [ [ 108.4955733, 11.9446993 ], [ 108.4953084, 11.9446203 ] ], [ [ 108.4953084, 11.9446203 ], [ 108.4946808, 11.9445121 ] ], [ [ 108.4946808, 11.9445121 ], [ 108.4944695, 11.9444917 ] ], [ [ 108.4944695, 11.9444917 ], [ 108.4932384, 11.9443789 ], [ 108.4930024, 11.9444498 ], [ 108.4928025, 11.9445849 ], [ 108.492651, 11.9447516 ], [ 108.4925477, 11.9449195 ], [ 108.4920757, 11.9458275 ], [ 108.4918124, 11.9462277 ] ], [ [ 108.4918124, 11.9462277 ], [ 108.4915762, 11.9467148 ] ], [ [ 108.4915762, 11.9467148 ], [ 108.4915758, 11.9467618 ] ], [ [ 108.4915758, 11.9467618 ], [ 108.4916681, 11.9473686 ] ], [ [ 108.4916681, 11.9473686 ], [ 108.492142, 11.9481898 ], [ 108.4922353, 11.948537 ] ], [ [ 108.4922353, 11.948537 ], [ 108.4922641, 11.9492193 ] ], [ [ 108.4922641, 11.9492193 ], [ 108.4922582, 11.949361 ] ], [ [ 108.4922582, 11.949361 ], [ 108.4922127, 11.9504535 ], [ 108.4920801, 11.9512275 ] ], [ [ 108.4920801, 11.9512275 ], [ 108.4920792, 11.951567 ], [ 108.4921283, 11.951894 ], [ 108.4922576, 11.9521482 ], [ 108.4925023, 11.9524014 ], [ 108.4931112, 11.9528424 ], [ 108.4933859, 11.9529768 ] ], [ [ 108.4933859, 11.9529768 ], [ 108.4938108, 11.9533209 ], [ 108.4945187, 11.9542865 ], [ 108.4945956, 11.9544462 ], [ 108.4946278, 11.9545565 ], [ 108.4946492, 11.9548372 ], [ 108.4946246, 11.9550501 ], [ 108.494429, 11.9555946 ] ], [ [ 108.494429, 11.9555946 ], [ 108.4942657, 11.9561256 ] ], [ [ 108.4942657, 11.9561256 ], [ 108.4940779, 11.9566583 ], [ 108.4939867, 11.9568262 ], [ 108.4938982, 11.956926 ], [ 108.4935844, 11.9571332 ], [ 108.49341, 11.9572146 ], [ 108.4931794, 11.9572697 ], [ 108.4930748, 11.9572776 ], [ 108.4925973, 11.9572542 ], [ 108.4922159, 11.9571735 ] ], [ [ 108.4922159, 11.9571735 ], [ 108.4888854, 11.9564599 ], [ 108.4885633, 11.9564248 ], [ 108.4883144, 11.9564652 ], [ 108.488059, 11.9565927 ], [ 108.4878469, 11.9567641 ], [ 108.4875439, 11.957219 ], [ 108.4874499, 11.9576827 ] ], [ [ 108.4874499, 11.9576827 ], [ 108.4872539, 11.9575114 ], [ 108.4870465, 11.9571306 ], [ 108.486975, 11.9569289 ] ], [ [ 108.486975, 11.9569289 ], [ 108.4867778, 11.955836 ], [ 108.4865149, 11.95518 ], [ 108.4864174, 11.9550127 ] ], [ [ 108.4864174, 11.9550127 ], [ 108.4863004, 11.9548848 ], [ 108.4857291, 11.9545254 ] ], [ [ 108.4857291, 11.9545254 ], [ 108.4853178, 11.9543413 ], [ 108.4851542, 11.9542993 ], [ 108.4848571, 11.9542461 ], [ 108.4841935, 11.9541841 ], [ 108.4839789, 11.9539427 ], [ 108.4836567, 11.9537303 ], [ 108.4834, 11.9534767 ], [ 108.4830815, 11.9532214 ], [ 108.4827925, 11.9530712 ], [ 108.4824981, 11.9529472 ] ], [ [ 108.4824981, 11.9529472 ], [ 108.4822749, 11.9529282 ], [ 108.4819329, 11.9529387 ], [ 108.4818068, 11.9529033 ], [ 108.4815399, 11.9527314 ], [ 108.4813863, 11.9527097 ], [ 108.4812458, 11.9527279 ], [ 108.481092, 11.9527905 ], [ 108.4807278, 11.9530495 ], [ 108.4804375, 11.9531513 ], [ 108.4802168, 11.9533355 ], [ 108.4800835, 11.9533927 ], [ 108.4798408, 11.9535499 ], [ 108.4793387, 11.9539572 ], [ 108.4791018, 11.9540854 ], [ 108.4788309, 11.9541209 ], [ 108.4780202, 11.954361 ], [ 108.4779082, 11.9544148 ], [ 108.4778144, 11.9544917 ] ], [ [ 108.4778144, 11.9544917 ], [ 108.4775276, 11.9543108 ], [ 108.4767404, 11.9537651 ], [ 108.476417, 11.9534748 ] ], [ [ 108.476417, 11.9534748 ], [ 108.4761511, 11.9532537 ], [ 108.4754057, 11.9528191 ], [ 108.4752092, 11.9526831 ], [ 108.4750078, 11.9524206 ], [ 108.47486, 11.9522906 ], [ 108.4747196, 11.9522364 ], [ 108.4745352, 11.9522146 ], [ 108.4743359, 11.9522398 ], [ 108.4734327, 11.9526577 ], [ 108.4732653, 11.9526881 ], [ 108.4729367, 11.9526566 ], [ 108.4721817, 11.9524677 ], [ 108.4720143, 11.9524519 ], [ 108.4719176, 11.9524649 ], [ 108.4718209, 11.9525005 ], [ 108.4717351, 11.9525477 ], [ 108.4716413, 11.9526297 ], [ 108.4715568, 11.9527661 ], [ 108.4714012, 11.953186 ], [ 108.4712763, 11.9534648 ], [ 108.4710909, 11.9536686 ], [ 108.4708576, 11.9538383 ] ], [ [ 108.4708576, 11.9538383 ], [ 108.4707378, 11.9539075 ] ], [ [ 108.4707378, 11.9539075 ], [ 108.4703908, 11.9540944 ] ], [ [ 108.4703908, 11.9540944 ], [ 108.4702349, 11.9541224 ], [ 108.4700837, 11.9541138 ], [ 108.4699087, 11.9540721 ], [ 108.4696471, 11.9539714 ], [ 108.4695336, 11.9539106 ] ], [ [ 108.4695336, 11.9539106 ], [ 108.4696433, 11.9537299 ], [ 108.46983, 11.9534931 ] ], [ [ 108.46983, 11.9534931 ], [ 108.4706527, 11.9521331 ] ] ] } },
{ "type": "Feature", "properties": { "edge_id": "E007", "from_node": "DL02", "to_node": "DL05", "from_name": "Ga Đà Lạt", "to_name": "Bảo tàng Lâm Đồng", "distance_km": 1.777, "connector_distance_m": 179.1, "base_time_min": 3.87, "average_speed_kph": 27.6, "road_type": "secondary|tertiary|trunk", "one_way_share": 0.444, "direction": "directed", "congestion_level": 1, "risk_score": 0, "closed": false, "backbone_edge": true, "data_source": "OpenStreetMap + modeled speeds + connector" }, "geometry": { "type": "MultiLineString", "coordinates": [ [ [ 108.4544798, 11.9416078 ], [ 108.4536045, 11.9419424 ] ], [ [ 108.4536045, 11.9419424 ], [ 108.453395, 11.9419997 ] ], [ [ 108.453395, 11.9419997 ], [ 108.4532345, 11.9420105 ], [ 108.4530467, 11.9419876 ], [ 108.4528658, 11.9419445 ], [ 108.4527013, 11.9418704 ], [ 108.4526102, 11.9418001 ], [ 108.4525385, 11.9417131 ], [ 108.4523537, 11.9413916 ] ], [ [ 108.4523537, 11.9413916 ], [ 108.4520504, 11.9409735 ], [ 108.451811, 11.9407489 ] ], [ [ 108.451811, 11.9407489 ], [ 108.4515777, 11.9405694 ], [ 108.4514747, 11.94051 ], [ 108.4512402, 11.9403918 ], [ 108.4510829, 11.940332 ] ], [ [ 108.4510829, 11.940332 ], [ 108.4510625, 11.9402543 ] ], [ [ 108.4510625, 11.9402543 ], [ 108.450977, 11.9399288 ] ], [ [ 108.450977, 11.9399288 ], [ 108.4510311, 11.9397295 ] ], [ [ 108.4510311, 11.9397295 ], [ 108.4511249, 11.9395212 ], [ 108.4511921, 11.9394599 ], [ 108.451417, 11.9393784 ], [ 108.4515686, 11.9393782 ], [ 108.4517701, 11.9394383 ], [ 108.4521113, 11.9395814 ], [ 108.4525393, 11.9396899 ], [ 108.4535446, 11.9398921 ], [ 108.4540005, 11.9399093 ], [ 108.4549334, 11.939789 ] ], [ [ 108.4549334, 11.939789 ], [ 108.4551803, 11.9397639 ], [ 108.455342, 11.9397656 ], [ 108.4554951, 11.9397904 ], [ 108.4556533, 11.9398412 ], [ 108.455837, 11.9399274 ] ], [ [ 108.455837, 11.9399274 ], [ 108.4573067, 11.940758 ], [ 108.4574236, 11.9407764 ], [ 108.4575406, 11.9407653 ], [ 108.457677, 11.9407185 ] ], [ [ 108.457677, 11.9407185 ], [ 108.4580174, 11.9402524 ] ], [ [ 108.4580174, 11.9402524 ], [ 108.4579591, 11.9401921 ] ], [ [ 108.4579591, 11.9401921 ], [ 108.4579482, 11.9401098 ], [ 108.4579889, 11.9400369 ], [ 108.4580243, 11.9400132 ] ], [ [ 108.4580243, 11.9400132 ], [ 108.4581084, 11.9400026 ] ], [ [ 108.4581084, 11.9400026 ], [ 108.4581829, 11.9400424 ], [ 108.4582071, 11.940077 ], [ 108.4582193, 11.9401582 ] ], [ [ 108.4582193, 11.9401582 ], [ 108.4582036, 11.9401989 ] ], [ [ 108.4582036, 11.9401989 ], [ 108.4583348, 11.9403364 ], [ 108.4584778, 11.9405356 ] ], [ [ 108.4584778, 11.9405356 ], [ 108.4586954, 11.9406974 ], [ 108.4589209, 11.9408363 ], [ 108.4592046, 11.9409822 ], [ 108.4595468, 11.9410745 ], [ 108.4602785, 11.9411621 ] ], [ [ 108.4602785, 11.9411621 ], [ 108.4599038, 11.9405756 ] ] ] } },
{ "type": "Feature", "properties": { "edge_id": "E008", "from_node": "DL05", "to_node": "DL02", "from_name": "Bảo tàng Lâm Đồng", "to_name": "Ga Đà Lạt", "distance_km": 1.72, "connector_distance_m": 179.1, "base_time_min": 3.73, "average_speed_kph": 27.7, "road_type": "secondary|tertiary|trunk", "one_way_share": 0.308, "direction": "directed", "congestion_level": 1, "risk_score": 0, "closed": false, "backbone_edge": true, "data_source": "OpenStreetMap + modeled speeds + connector" }, "geometry": { "type": "MultiLineString", "coordinates": [ [ [ 108.4599038, 11.9405756 ], [ 108.4602785, 11.9411621 ] ], [ [ 108.4602785, 11.9411621 ], [ 108.4595468, 11.9410745 ], [ 108.4592046, 11.9409822 ], [ 108.4589209, 11.9408363 ], [ 108.4586954, 11.9406974 ], [ 108.4584778, 11.9405356 ] ], [ [ 108.4584778, 11.9405356 ], [ 108.4581037, 11.9402692 ] ], [ [ 108.4581037, 11.9402692 ], [ 108.4580174, 11.9402524 ] ], [ [ 108.4580174, 11.9402524 ], [ 108.457677, 11.9407185 ] ], [ [ 108.457677, 11.9407185 ], [ 108.4575406, 11.9407653 ], [ 108.4574236, 11.9407764 ], [ 108.4573067, 11.940758 ], [ 108.455837, 11.9399274 ] ], [ [ 108.455837, 11.9399274 ], [ 108.4556533, 11.9398412 ], [ 108.4554951, 11.9397904 ], [ 108.455342, 11.9397656 ], [ 108.4551803, 11.9397639 ], [ 108.4549334, 11.939789 ] ], [ [ 108.4549334, 11.939789 ], [ 108.4540005, 11.9399093 ], [ 108.4535446, 11.9398921 ], [ 108.4525393, 11.9396899 ], [ 108.4521113, 11.9395814 ], [ 108.4517701, 11.9394383 ], [ 108.4515686, 11.9393782 ], [ 108.451417, 11.9393784 ], [ 108.4511921, 11.9394599 ], [ 108.4511249, 11.9395212 ], [ 108.4510311, 11.9397295 ] ], [ [ 108.4510311, 11.9397295 ], [ 108.450977, 11.9399288 ] ], [ [ 108.450977, 11.9399288 ], [ 108.4510625, 11.9402543 ] ], [ [ 108.4510625, 11.9402543 ], [ 108.4513678, 11.9403784 ], [ 108.4516434, 11.9405352 ], [ 108.4517262, 11.9405993 ] ], [ [ 108.4517262, 11.9405993 ], [ 108.4520376, 11.9408632 ], [ 108.4521201, 11.9409583 ], [ 108.4522978, 11.9412306 ], [ 108.4523537, 11.9413916 ] ], [ [ 108.4523537, 11.9413916 ], [ 108.4525385, 11.9417131 ], [ 108.4526102, 11.9418001 ], [ 108.4527013, 11.9418704 ], [ 108.4528658, 11.9419445 ], [ 108.4530467, 11.9419876 ], [ 108.4532345, 11.9420105 ], [ 108.453395, 11.9419997 ] ], [ [ 108.453395, 11.9419997 ], [ 108.4536045, 11.9419424 ] ], [ [ 108.4536045, 11.9419424 ], [ 108.4544798, 11.9416078 ] ] ] } },
{ "type": "Feature", "properties": { "edge_id": "E009", "from_node": "DL02", "to_node": "DL22", "from_name": "Ga Đà Lạt", "to_name": "Hồ Xuân Hương", "distance_km": 0.98, "connector_distance_m": 276.9, "base_time_min": 2.16, "average_speed_kph": 27.2, "road_type": "secondary", "one_way_share": 0.5, "direction": "directed", "congestion_level": 1, "risk_score": 0, "closed": false, "backbone_edge": true, "data_source": "OpenStreetMap + modeled speeds + connector" }, "geometry": { "type": "MultiLineString", "coordinates": [ [ [ 108.4544798, 11.9416078 ], [ 108.4536045, 11.9419424 ] ], [ [ 108.4536045, 11.9419424 ], [ 108.453395, 11.9419997 ] ], [ [ 108.453395, 11.9419997 ], [ 108.4532345, 11.9420105 ], [ 108.4530467, 11.9419876 ], [ 108.4528658, 11.9419445 ], [ 108.4527013, 11.9418704 ], [ 108.4526102, 11.9418001 ], [ 108.4525385, 11.9417131 ], [ 108.4523537, 11.9413916 ] ], [ [ 108.4523537, 11.9413916 ], [ 108.4520504, 11.9409735 ], [ 108.451811, 11.9407489 ] ], [ [ 108.451811, 11.9407489 ], [ 108.4515777, 11.9405694 ], [ 108.4514747, 11.94051 ], [ 108.4512402, 11.9403918 ], [ 108.4510829, 11.940332 ] ], [ [ 108.4510829, 11.940332 ], [ 108.4508608, 11.9402728 ], [ 108.450679, 11.9402434 ] ], [ [ 108.450679, 11.9402434 ], [ 108.4504605, 11.9402229 ], [ 108.4503165, 11.9401921 ] ], [ [ 108.4503165, 11.9401921 ], [ 108.4495738, 11.9401785 ], [ 108.449347, 11.9402019 ], [ 108.44899, 11.9403089 ], [ 108.4484232, 11.9405151 ] ], [ [ 108.4484232, 11.9405151 ], [ 108.4480834, 11.9408573 ] ], [ [ 108.4480834, 11.9408573 ], [ 108.4468389, 11.94185 ] ] ] } },
{ "type": "Feature", "properties": { "edge_id": "E010", "from_node": "DL22", "to_node": "DL02", "from_name": "Hồ Xuân Hương", "to_name": "Ga Đà Lạt", "distance_km": 0.988, "connector_distance_m": 276.9, "base_time_min": 2.17, "average_speed_kph": 27.3, "road_type": "secondary", "one_way_share": 0.5, "direction": "directed", "congestion_level": 1, "risk_score": 0, "closed": false, "backbone_edge": true, "data_source": "OpenStreetMap + modeled speeds + connector" }, "geometry": { "type": "MultiLineString", "coordinates": [ [ [ 108.4468389, 11.94185 ], [ 108.4480834, 11.9408573 ] ], [ [ 108.4480834, 11.9408573 ], [ 108.4484232, 11.9405151 ] ], [ [ 108.4484232, 11.9405151 ], [ 108.44899, 11.9403089 ], [ 108.449347, 11.9402019 ], [ 108.4495738, 11.9401785 ], [ 108.4503165, 11.9401921 ] ], [ [ 108.4503165, 11.9401921 ], [ 108.4504364, 11.9401652 ], [ 108.4507442, 11.9401745 ] ], [ [ 108.4507442, 11.9401745 ], [ 108.4510625, 11.9402543 ] ], [ [ 108.4510625, 11.9402543 ], [ 108.4513678, 11.9403784 ], [ 108.4516434, 11.9405352 ], [ 108.4517262, 11.9405993 ] ], [ [ 108.4517262, 11.9405993 ], [ 108.4520376, 11.9408632 ], [ 108.4521201, 11.9409583 ], [ 108.4522978, 11.9412306 ], [ 108.4523537, 11.9413916 ] ], [ [ 108.4523537, 11.9413916 ], [ 108.4525385, 11.9417131 ], [ 108.4526102, 11.9418001 ], [ 108.4527013, 11.9418704 ], [ 108.4528658, 11.9419445 ], [ 108.4530467, 11.9419876 ], [ 108.4532345, 11.9420105 ], [ 108.453395, 11.9419997 ] ], [ [ 108.453395, 11.9419997 ], [ 108.4536045, 11.9419424 ] ], [ [ 108.4536045, 11.9419424 ], [ 108.4544798, 11.9416078 ] ] ] } },
{ "type": "Feature", "properties": { "edge_id": "E011", "from_node": "DL02", "to_node": "DL23", "from_name": "Ga Đà Lạt", "to_name": "Quảng trường Lâm Viên", "distance_km": 1.527, "connector_distance_m": 233.4, "base_time_min": 3.25, "average_speed_kph": 28.2, "road_type": "residential|secondary|tertiary", "one_way_share": 0.333, "direction": "directed", "congestion_level": 1, "risk_score": 0, "closed": false, "backbone_edge": false, "data_source": "OpenStreetMap + modeled speeds + connector" }, "geometry": { "type": "MultiLineString", "coordinates": [ [ [ 108.4544798, 11.9416078 ], [ 108.4536045, 11.9419424 ] ], [ [ 108.4536045, 11.9419424 ], [ 108.453395, 11.9419997 ] ], [ [ 108.453395, 11.9419997 ], [ 108.4532345, 11.9420105 ], [ 108.4530467, 11.9419876 ], [ 108.4528658, 11.9419445 ], [ 108.4527013, 11.9418704 ], [ 108.4526102, 11.9418001 ], [ 108.4525385, 11.9417131 ], [ 108.4523537, 11.9413916 ] ], [ [ 108.4523537, 11.9413916 ], [ 108.4520504, 11.9409735 ], [ 108.451811, 11.9407489 ] ], [ [ 108.451811, 11.9407489 ], [ 108.4515777, 11.9405694 ], [ 108.4514747, 11.94051 ], [ 108.4512402, 11.9403918 ], [ 108.4510829, 11.940332 ] ], [ [ 108.4510829, 11.940332 ], [ 108.4508608, 11.9402728 ], [ 108.450679, 11.9402434 ] ], [ [ 108.450679, 11.9402434 ], [ 108.4504605, 11.9402229 ], [ 108.4503165, 11.9401921 ] ], [ [ 108.4503165, 11.9401921 ], [ 108.4495738, 11.9401785 ], [ 108.449347, 11.9402019 ], [ 108.44899, 11.9403089 ], [ 108.4484232, 11.9405151 ] ], [ [ 108.4484232, 11.9405151 ], [ 108.4479507, 11.9404825 ] ], [ [ 108.4479507, 11.9404825 ], [ 108.4477173, 11.940427 ], [ 108.4470305, 11.9402065 ] ], [ [ 108.4470305, 11.9402065 ], [ 108.4461427, 11.9399138 ] ], [ [ 108.4461427, 11.9399138 ], [ 108.4466152, 11.9381911 ] ], [ [ 108.4466152, 11.9381911 ], [ 108.4464175, 11.9381701 ], [ 108.4459766, 11.9381948 ], [ 108.4459014, 11.9381898 ], [ 108.4457445, 11.9381449 ], [ 108.445479, 11.9380075 ], [ 108.4453328, 11.9379012 ], [ 108.4450793, 11.9376623 ] ], [ [ 108.4450793, 11.9376623 ], [ 108.44501, 11.93884 ] ] ] } },
{ "type": "Feature", "properties": { "edge_id": "E012", "from_node": "DL23", "to_node": "DL02", "from_name": "Quảng trường Lâm Viên", "to_name": "Ga Đà Lạt", "distance_km": 1.535, "connector_distance_m": 233.4, "base_time_min": 3.26, "average_speed_kph": 28.2, "road_type": "residential|secondary|tertiary", "one_way_share": 0.333, "direction": "directed", "congestion_level": 1, "risk_score": 0, "closed": false, "backbone_edge": false, "data_source": "OpenStreetMap + modeled speeds + connector" }, "geometry": { "type": "MultiLineString", "coordinates": [ [ [ 108.44501, 11.93884 ], [ 108.4450793, 11.9376623 ] ], [ [ 108.4450793, 11.9376623 ], [ 108.4453328, 11.9379012 ], [ 108.445479, 11.9380075 ], [ 108.4457445, 11.9381449 ], [ 108.4459014, 11.9381898 ], [ 108.4459766, 11.9381948 ], [ 108.4464175, 11.9381701 ], [ 108.4466152, 11.9381911 ] ], [ [ 108.4466152, 11.9381911 ], [ 108.4461427, 11.9399138 ] ], [ [ 108.4461427, 11.9399138 ], [ 108.4470305, 11.9402065 ] ], [ [ 108.4470305, 11.9402065 ], [ 108.4477173, 11.940427 ], [ 108.4479507, 11.9404825 ] ], [ [ 108.4479507, 11.9404825 ], [ 108.4484232, 11.9405151 ] ], [ [ 108.4484232, 11.9405151 ], [ 108.44899, 11.9403089 ], [ 108.449347, 11.9402019 ], [ 108.4495738, 11.9401785 ], [ 108.4503165, 11.9401921 ] ], [ [ 108.4503165, 11.9401921 ], [ 108.4504364, 11.9401652 ], [ 108.4507442, 11.9401745 ] ], [ [ 108.4507442, 11.9401745 ], [ 108.4510625, 11.9402543 ] ], [ [ 108.4510625, 11.9402543 ], [ 108.4513678, 11.9403784 ], [ 108.4516434, 11.9405352 ], [ 108.4517262, 11.9405993 ] ], [ [ 108.4517262, 11.9405993 ], [ 108.4520376, 11.9408632 ], [ 108.4521201, 11.9409583 ], [ 108.4522978, 11.9412306 ], [ 108.4523537, 11.9413916 ] ], [ [ 108.4523537, 11.9413916 ], [ 108.4525385, 11.9417131 ], [ 108.4526102, 11.9418001 ], [ 108.4527013, 11.9418704 ], [ 108.4528658, 11.9419445 ], [ 108.4530467, 11.9419876 ], [ 108.4532345, 11.9420105 ], [ 108.453395, 11.9419997 ] ], [ [ 108.453395, 11.9419997 ], [ 108.4536045, 11.9419424 ] ], [ [ 108.4536045, 11.9419424 ], [ 108.4544798, 11.9416078 ] ] ] } },
{ "type": "Feature", "properties": { "edge_id": "E013", "from_node": "DL03", "to_node": "DL04", "from_name": "Crazy House", "to_name": "Museum Madam De Dalat", "distance_km": 2.331, "connector_distance_m": 149.2, "base_time_min": 4.75, "average_speed_kph": 29.4, "road_type": "primary|residential|secondary|tertiary", "one_way_share": 0.214, "direction": "directed", "congestion_level": 1, "risk_score": 0, "closed": false, "backbone_edge": false, "data_source": "OpenStreetMap + modeled speeds + connector" }, "geometry": { "type": "MultiLineString", "coordinates": [ [ [ 108.4306807, 11.9345615 ], [ 108.4315438, 11.9345103 ] ], [ [ 108.4315438, 11.9345103 ], [ 108.4317783, 11.9347928 ], [ 108.4322429, 11.9354619 ] ], [ [ 108.4322429, 11.9354619 ], [ 108.4324547, 11.9358054 ] ], [ [ 108.4324547, 11.9358054 ], [ 108.4324692, 11.9358391 ] ], [ [ 108.4324692, 11.9358391 ], [ 108.4324634, 11.9359111 ], [ 108.4324151, 11.9359656 ], [ 108.4323803, 11.9359792 ] ], [ [ 108.4323803, 11.9359792 ], [ 108.432344, 11.9359815 ], [ 108.4322778, 11.9359542 ] ], [ [ 108.4322778, 11.9359542 ], [ 108.4319535, 11.9358748 ], [ 108.431631, 11.9358215 ] ], [ [ 108.431631, 11.9358215 ], [ 108.4313075, 11.9359173 ], [ 108.4311238, 11.9360537 ], [ 108.4309805, 11.9362176 ] ], [ [ 108.4309805, 11.9362176 ], [ 108.4307456, 11.9365851 ], [ 108.4304778, 11.9369494 ] ], [ [ 108.4304778, 11.9369494 ], [ 108.4300316, 11.9376111 ] ], [ [ 108.4300316, 11.9376111 ], [ 108.4297167, 11.9380476 ], [ 108.4294181, 11.938559 ] ], [ [ 108.4294181, 11.938559 ], [ 108.4298739, 11.939027 ], [ 108.4300884, 11.9392211 ], [ 108.4308, 11.9400129 ] ], [ [ 108.4308, 11.9400129 ], [ 108.4312355, 11.9404859 ] ], [ [ 108.4312355, 11.9404859 ], [ 108.4315773, 11.9408501 ] ], [ [ 108.4315773, 11.9408501 ], [ 108.431774, 11.9410476 ], [ 108.4320073, 11.9412491 ] ], [ [ 108.4320073, 11.9412491 ], [ 108.4315064, 11.9420207 ] ], [ [ 108.4315064, 11.9420207 ], [ 108.4314559, 11.9421087 ] ], [ [ 108.4314559, 11.9421087 ], [ 108.4312884, 11.9424017 ] ], [ [ 108.4312884, 11.9424017 ], [ 108.4311339, 11.9425348 ] ], [ [ 108.4311339, 11.9425348 ], [ 108.4310011, 11.9429116 ], [ 108.4309378, 11.9431866 ] ], [ [ 108.4309378, 11.9431866 ], [ 108.4309276, 11.9433496 ], [ 108.4309378, 11.9436862 ], [ 108.4308484, 11.9439451 ], [ 108.4307148, 11.9441414 ], [ 108.4303532, 11.9445836 ] ], [ [ 108.4303532, 11.9445836 ], [ 108.4301354, 11.944745 ] ], [ [ 108.4301354, 11.944745 ], [ 108.4300338, 11.944832 ], [ 108.4299815, 11.9449108 ], [ 108.4299483, 11.9449987 ], [ 108.42993, 11.9451095 ], [ 108.4299212, 11.9459416 ], [ 108.4298759, 11.94604 ], [ 108.4298285, 11.9460822 ], [ 108.4296707, 11.9461492 ] ], [ [ 108.4296707, 11.9461492 ], [ 108.4293498, 11.9462444 ] ], [ [ 108.4293498, 11.9462444 ], [ 108.4292707, 11.9462943 ], [ 108.4292139, 11.9463551 ] ], [ [ 108.4292139, 11.9463551 ], [ 108.4290802, 11.9462683 ], [ 108.4289597, 11.946233 ], [ 108.4287132, 11.946199 ], [ 108.4283675, 11.9461886 ] ], [ [ 108.4283675, 11.9461886 ], [ 108.4281399, 11.9463218 ], [ 108.4273322, 11.946892 ], [ 108.4272071, 11.9469616 ] ], [ [ 108.4272071, 11.9469616 ], [ 108.4269792, 11.9470128 ], [ 108.4268251, 11.9470132 ], [ 108.4266398, 11.9469873 ], [ 108.426481, 11.9469436 ], [ 108.4261639, 11.9468219 ], [ 108.4259568, 11.9467134 ] ], [ [ 108.4259568, 11.9467134 ], [ 108.4258823, 11.9466443 ] ], [ [ 108.4258823, 11.9466443 ], [ 108.4262529, 11.9463059 ] ] ] } },
{ "type": "Feature", "properties": { "edge_id": "E014", "from_node": "DL04", "to_node": "DL03", "from_name": "Museum Madam De Dalat", "to_name": "Crazy House", "distance_km": 2.366, "connector_distance_m": 149.2, "base_time_min": 4.79, "average_speed_kph": 29.6, "road_type": "primary|residential|secondary|tertiary", "one_way_share": 0.241, "direction": "directed", "congestion_level": 1, "risk_score": 0, "closed": false, "backbone_edge": false, "data_source": "OpenStreetMap + modeled speeds + connector" }, "geometry": { "type": "MultiLineString", "coordinates": [ [ [ 108.4262529, 11.9463059 ], [ 108.4258823, 11.9466443 ] ], [ [ 108.4258823, 11.9466443 ], [ 108.4259568, 11.9467134 ] ], [ [ 108.4259568, 11.9467134 ], [ 108.4261639, 11.9468219 ], [ 108.426481, 11.9469436 ], [ 108.4266398, 11.9469873 ], [ 108.4268251, 11.9470132 ], [ 108.4269792, 11.9470128 ], [ 108.4272071, 11.9469616 ] ], [ [ 108.4272071, 11.9469616 ], [ 108.4273322, 11.946892 ], [ 108.4281399, 11.9463218 ], [ 108.4283675, 11.9461886 ] ], [ [ 108.4283675, 11.9461886 ], [ 108.4287132, 11.946199 ], [ 108.4289597, 11.946233 ], [ 108.4290802, 11.9462683 ], [ 108.4292139, 11.9463551 ] ], [ [ 108.4292139, 11.9463551 ], [ 108.4292707, 11.9462943 ], [ 108.4293498, 11.9462444 ] ], [ [ 108.4293498, 11.9462444 ], [ 108.4296707, 11.9461492 ] ], [ [ 108.4296707, 11.9461492 ], [ 108.4298285, 11.9460822 ], [ 108.4298759, 11.94604 ], [ 108.4299212, 11.9459416 ], [ 108.42993, 11.9451095 ], [ 108.4299483, 11.9449987 ], [ 108.4299815, 11.9449108 ], [ 108.4300338, 11.944832 ], [ 108.4301354, 11.944745 ] ], [ [ 108.4301354, 11.944745 ], [ 108.4303532, 11.9445836 ] ], [ [ 108.4303532, 11.9445836 ], [ 108.4307148, 11.9441414 ], [ 108.4308484, 11.9439451 ], [ 108.4309378, 11.9436862 ], [ 108.4309276, 11.9433496 ], [ 108.4309378, 11.9431866 ] ], [ [ 108.4309378, 11.9431866 ], [ 108.4310011, 11.9429116 ], [ 108.4311339, 11.9425348 ] ], [ [ 108.4311339, 11.9425348 ], [ 108.4312884, 11.9424017 ] ], [ [ 108.4312884, 11.9424017 ], [ 108.4314559, 11.9421087 ] ], [ [ 108.4314559, 11.9421087 ], [ 108.4315064, 11.9420207 ] ], [ [ 108.4315064, 11.9420207 ], [ 108.4320073, 11.9412491 ] ], [ [ 108.4320073, 11.9412491 ], [ 108.431774, 11.9410476 ], [ 108.4315773, 11.9408501 ] ], [ [ 108.4315773, 11.9408501 ], [ 108.4312355, 11.9404859 ] ], [ [ 108.4312355, 11.9404859 ], [ 108.4308, 11.9400129 ] ], [ [ 108.4308, 11.9400129 ], [ 108.4300884, 11.9392211 ], [ 108.4298739, 11.939027 ], [ 108.4294181, 11.938559 ] ], [ [ 108.4294181, 11.938559 ], [ 108.429324, 11.9384589 ] ], [ [ 108.429324, 11.9384589 ], [ 108.4289704, 11.9380781 ] ], [ [ 108.4289704, 11.9380781 ], [ 108.4292309, 11.9378769 ] ], [ [ 108.4292309, 11.9378769 ], [ 108.4293232, 11.9378029 ], [ 108.4296154, 11.9376602 ], [ 108.429835, 11.9376026 ], [ 108.4299683, 11.9375953 ], [ 108.4300316, 11.9376111 ] ], [ [ 108.4300316, 11.9376111 ], [ 108.4304778, 11.9369494 ] ], [ [ 108.4304778, 11.9369494 ], [ 108.4307456, 11.9365851 ], [ 108.4309805, 11.9362176 ] ], [ [ 108.4309805, 11.9362176 ], [ 108.4311238, 11.9360537 ], [ 108.4313075, 11.9359173 ], [ 108.431631, 11.9358215 ] ], [ [ 108.431631, 11.9358215 ], [ 108.4318534, 11.9357847 ], [ 108.4319681, 11.935785 ], [ 108.4322448, 11.9358242 ] ], [ [ 108.4322448, 11.9358242 ], [ 108.4322631, 11.9357935 ] ], [ [ 108.4322631, 11.9357935 ], [ 108.4322858, 11.9356362 ], [ 108.4322429, 11.9354619 ] ], [ [ 108.4322429, 11.9354619 ], [ 108.4317783, 11.9347928 ], [ 108.4315438, 11.9345103 ] ], [ [ 108.4315438, 11.9345103 ], [ 108.4306807, 11.9345615 ] ] ] } },
{ "type": "Feature", "properties": { "edge_id": "E015", "from_node": "DL03", "to_node": "DL13", "from_name": "Crazy House", "to_name": "Dinh III Bảo Đại", "distance_km": 1.273, "connector_distance_m": 236.3, "base_time_min": 3.02, "average_speed_kph": 25.3, "road_type": "tertiary", "one_way_share": 0.0, "direction": "directed", "congestion_level": 1, "risk_score": 0, "closed": false, "backbone_edge": true, "data_source": "OpenStreetMap + modeled speeds + connector" }, "geometry": { "type": "MultiLineString", "coordinates": [ [ [ 108.4306807, 11.9345615 ], [ 108.4315438, 11.9345103 ] ], [ [ 108.4315438, 11.9345103 ], [ 108.4313097, 11.9341351 ], [ 108.4309213, 11.9336093 ], [ 108.4308542, 11.933541 ], [ 108.4307291, 11.9334469 ], [ 108.4304997, 11.9333145 ], [ 108.4304073, 11.9332731 ], [ 108.4301183, 11.9332028 ] ], [ [ 108.4301183, 11.9332028 ], [ 108.4298149, 11.9332078 ], [ 108.4291233, 11.9333111 ] ], [ [ 108.4291233, 11.9333111 ], [ 108.428914, 11.9333144 ], [ 108.4287545, 11.9332898 ], [ 108.4285738, 11.9332343 ], [ 108.4284375, 11.9331789 ], [ 108.4278572, 11.9328508 ], [ 108.4277523, 11.9328076 ], [ 108.4276249, 11.9327853 ], [ 108.4274064, 11.9327911 ], [ 108.4272477, 11.9328194 ] ], [ [ 108.4272477, 11.9328194 ], [ 108.4270348, 11.9321036 ], [ 108.4270028, 11.9318918 ], [ 108.4270027, 11.9317375 ], [ 108.4270413, 11.9314848 ], [ 108.4270817, 11.9313353 ], [ 108.4271528, 11.9312107 ], [ 108.4272568, 11.9310983 ], [ 108.4274758, 11.9310001 ], [ 108.4280206, 11.9308139 ], [ 108.4284826, 11.930634 ], [ 108.4286466, 11.9306042 ], [ 108.4287205, 11.9306058 ], [ 108.4288122, 11.9306397 ], [ 108.4293156, 11.9311753 ], [ 108.4295015, 11.9313144 ] ], [ [ 108.4295015, 11.9313144 ], [ 108.4296735, 11.9300468 ] ] ] } },
{ "type": "Feature", "properties": { "edge_id": "E016", "from_node": "DL13", "to_node": "DL03", "from_name": "Dinh III Bảo Đại", "to_name": "Crazy House", "distance_km": 1.273, "connector_distance_m": 236.3, "base_time_min": 3.02, "average_speed_kph": 25.3, "road_type": "tertiary", "one_way_share": 0.0, "direction": "directed", "congestion_level": 1, "risk_score": 0, "closed": false, "backbone_edge": true, "data_source": "OpenStreetMap + modeled speeds + connector" }, "geometry": { "type": "MultiLineString", "coordinates": [ [ [ 108.4296735, 11.9300468 ], [ 108.4295015, 11.9313144 ] ], [ [ 108.4295015, 11.9313144 ], [ 108.4293156, 11.9311753 ], [ 108.4288122, 11.9306397 ], [ 108.4287205, 11.9306058 ], [ 108.4286466, 11.9306042 ], [ 108.4284826, 11.930634 ], [ 108.4280206, 11.9308139 ], [ 108.4274758, 11.9310001 ], [ 108.4272568, 11.9310983 ], [ 108.4271528, 11.9312107 ], [ 108.4270817, 11.9313353 ], [ 108.4270413, 11.9314848 ], [ 108.4270027, 11.9317375 ], [ 108.4270028, 11.9318918 ], [ 108.4270348, 11.9321036 ], [ 108.4272477, 11.9328194 ] ], [ [ 108.4272477, 11.9328194 ], [ 108.4274064, 11.9327911 ], [ 108.4276249, 11.9327853 ], [ 108.4277523, 11.9328076 ], [ 108.4278572, 11.9328508 ], [ 108.4284375, 11.9331789 ], [ 108.4285738, 11.9332343 ], [ 108.4287545, 11.9332898 ], [ 108.428914, 11.9333144 ], [ 108.4291233, 11.9333111 ] ], [ [ 108.4291233, 11.9333111 ], [ 108.4298149, 11.9332078 ], [ 108.4301183, 11.9332028 ] ], [ [ 108.4301183, 11.9332028 ], [ 108.4304073, 11.9332731 ], [ 108.4304997, 11.9333145 ], [ 108.4307291, 11.9334469 ], [ 108.4308542, 11.933541 ], [ 108.4309213, 11.9336093 ], [ 108.4313097, 11.9341351 ], [ 108.4315438, 11.9345103 ] ], [ [ 108.4315438, 11.9345103 ], [ 108.4306807, 11.9345615 ] ] ] } },
{ "type": "Feature", "properties": { "edge_id": "E017", "from_node": "DL03", "to_node": "DL15", "from_name": "Crazy House", "to_name": "Nhà thờ Cam Ly", "distance_km": 3.002, "connector_distance_m": 231.6, "base_time_min": 6.87, "average_speed_kph": 26.2, "road_type": "primary|residential|secondary|tertiary", "one_way_share": 0.207, "direction": "directed", "congestion_level": 1, "risk_score": 0, "closed": false, "backbone_edge": false, "data_source": "OpenStreetMap + modeled speeds + connector" }, "geometry": { "type": "MultiLineString", "coordinates": [ [ [ 108.4306807, 11.9345615 ], [ 108.4315438, 11.9345103 ] ], [ [ 108.4315438, 11.9345103 ], [ 108.4317783, 11.9347928 ], [ 108.4322429, 11.9354619 ] ], [ [ 108.4322429, 11.9354619 ], [ 108.4324547, 11.9358054 ] ], [ [ 108.4324547, 11.9358054 ], [ 108.4324692, 11.9358391 ] ], [ [ 108.4324692, 11.9358391 ], [ 108.4324634, 11.9359111 ], [ 108.4324151, 11.9359656 ], [ 108.4323803, 11.9359792 ] ], [ [ 108.4323803, 11.9359792 ], [ 108.432344, 11.9359815 ], [ 108.4322778, 11.9359542 ] ], [ [ 108.4322778, 11.9359542 ], [ 108.4319535, 11.9358748 ], [ 108.431631, 11.9358215 ] ], [ [ 108.431631, 11.9358215 ], [ 108.4313075, 11.9359173 ], [ 108.4311238, 11.9360537 ], [ 108.4309805, 11.9362176 ] ], [ [ 108.4309805, 11.9362176 ], [ 108.4307456, 11.9365851 ], [ 108.4304778, 11.9369494 ] ], [ [ 108.4304778, 11.9369494 ], [ 108.4300316, 11.9376111 ] ], [ [ 108.4300316, 11.9376111 ], [ 108.4297167, 11.9380476 ], [ 108.4294181, 11.938559 ] ], [ [ 108.4294181, 11.938559 ], [ 108.4298739, 11.939027 ], [ 108.4300884, 11.9392211 ], [ 108.4308, 11.9400129 ] ], [ [ 108.4308, 11.9400129 ], [ 108.4312355, 11.9404859 ] ], [ [ 108.4312355, 11.9404859 ], [ 108.4315773, 11.9408501 ] ], [ [ 108.4315773, 11.9408501 ], [ 108.431774, 11.9410476 ], [ 108.4320073, 11.9412491 ] ], [ [ 108.4320073, 11.9412491 ], [ 108.4315064, 11.9420207 ] ], [ [ 108.4315064, 11.9420207 ], [ 108.4314559, 11.9421087 ] ], [ [ 108.4314559, 11.9421087 ], [ 108.4312884, 11.9424017 ] ], [ [ 108.4312884, 11.9424017 ], [ 108.4311339, 11.9425348 ] ], [ [ 108.4311339, 11.9425348 ], [ 108.4310011, 11.9429116 ], [ 108.4309378, 11.9431866 ] ], [ [ 108.4309378, 11.9431866 ], [ 108.4309276, 11.9433496 ], [ 108.4309378, 11.9436862 ], [ 108.4308484, 11.9439451 ], [ 108.4307148, 11.9441414 ], [ 108.4303532, 11.9445836 ] ], [ [ 108.4303532, 11.9445836 ], [ 108.4301354, 11.944745 ] ], [ [ 108.4301354, 11.944745 ], [ 108.4300338, 11.944832 ], [ 108.4299815, 11.9449108 ], [ 108.4299483, 11.9449987 ], [ 108.42993, 11.9451095 ], [ 108.4299212, 11.9459416 ], [ 108.4298759, 11.94604 ], [ 108.4298285, 11.9460822 ], [ 108.4296707, 11.9461492 ] ], [ [ 108.4296707, 11.9461492 ], [ 108.4293498, 11.9462444 ] ], [ [ 108.4293498, 11.9462444 ], [ 108.4286631, 11.9455187 ] ], [ [ 108.4286631, 11.9455187 ], [ 108.4279782, 11.9450033 ] ], [ [ 108.4279782, 11.9450033 ], [ 108.4263493, 11.9439035 ] ], [ [ 108.4263493, 11.9439035 ], [ 108.425663, 11.9434007 ] ], [ [ 108.425663, 11.9434007 ], [ 108.4255905, 11.9433459 ] ], [ [ 108.4255905, 11.9433459 ], [ 108.4255132, 11.9433058 ], [ 108.4253769, 11.9432826 ], [ 108.4251879, 11.9433017 ], [ 108.4229689, 11.9440054 ], [ 108.4228428, 11.9437783 ], [ 108.4227727, 11.9437246 ], [ 108.4226096, 11.9436857 ], [ 108.4225195, 11.9436493 ], [ 108.422413023887373, 11.943581296059184 ] ], [ [ 108.422413023887373, 11.943581296059184 ], [ 108.4220262, 11.9431847 ], [ 108.4223631, 11.9429244 ] ], [ [ 108.4223631, 11.9429244 ], [ 108.422413023887373, 11.943581296059184 ] ], [ [ 108.422413023887373, 11.943581296059184 ], [ 108.4224568, 11.9441573 ] ] ] } },
{ "type": "Feature", "properties": { "edge_id": "E018", "from_node": "DL15", "to_node": "DL03", "from_name": "Nhà thờ Cam Ly", "to_name": "Crazy House", "distance_km": 3.036, "connector_distance_m": 231.6, "base_time_min": 6.9, "average_speed_kph": 26.4, "road_type": "primary|residential|secondary|tertiary", "one_way_share": 0.233, "direction": "directed", "congestion_level": 1, "risk_score": 0, "closed": false, "backbone_edge": false, "data_source": "OpenStreetMap + modeled speeds + connector" }, "geometry": { "type": "MultiLineString", "coordinates": [ [ [ 108.4224568, 11.9441573 ], [ 108.422413023887373, 11.943581296059184 ] ], [ [ 108.422413023887373, 11.943581296059184 ], [ 108.4223631, 11.9429244 ] ], [ [ 108.4223631, 11.9429244 ], [ 108.4220262, 11.9431847 ], [ 108.422413023887373, 11.943581296059184 ] ], [ [ 108.422413023887373, 11.943581296059184 ], [ 108.4225195, 11.9436493 ], [ 108.4226096, 11.9436857 ], [ 108.4227727, 11.9437246 ], [ 108.4228428, 11.9437783 ], [ 108.4229689, 11.9440054 ], [ 108.4251879, 11.9433017 ], [ 108.4253769, 11.9432826 ], [ 108.4255132, 11.9433058 ], [ 108.4255905, 11.9433459 ] ], [ [ 108.4255905, 11.9433459 ], [ 108.425663, 11.9434007 ] ], [ [ 108.425663, 11.9434007 ], [ 108.4263493, 11.9439035 ] ], [ [ 108.4263493, 11.9439035 ], [ 108.4279782, 11.9450033 ] ], [ [ 108.4279782, 11.9450033 ], [ 108.4286631, 11.9455187 ] ], [ [ 108.4286631, 11.9455187 ], [ 108.4293498, 11.9462444 ] ], [ [ 108.4293498, 11.9462444 ], [ 108.4296707, 11.9461492 ] ], [ [ 108.4296707, 11.9461492 ], [ 108.4298285, 11.9460822 ], [ 108.4298759, 11.94604 ], [ 108.4299212, 11.9459416 ], [ 108.42993, 11.9451095 ], [ 108.4299483, 11.9449987 ], [ 108.4299815, 11.9449108 ], [ 108.4300338, 11.944832 ], [ 108.4301354, 11.944745 ] ], [ [ 108.4301354, 11.944745 ], [ 108.4303532, 11.9445836 ] ], [ [ 108.4303532, 11.9445836 ], [ 108.4307148, 11.9441414 ], [ 108.4308484, 11.9439451 ], [ 108.4309378, 11.9436862 ], [ 108.4309276, 11.9433496 ], [ 108.4309378, 11.9431866 ] ], [ [ 108.4309378, 11.9431866 ], [ 108.4310011, 11.9429116 ], [ 108.4311339, 11.9425348 ] ], [ [ 108.4311339, 11.9425348 ], [ 108.4312884, 11.9424017 ] ], [ [ 108.4312884, 11.9424017 ], [ 108.4314559, 11.9421087 ] ], [ [ 108.4314559, 11.9421087 ], [ 108.4315064, 11.9420207 ] ], [ [ 108.4315064, 11.9420207 ], [ 108.4320073, 11.9412491 ] ], [ [ 108.4320073, 11.9412491 ], [ 108.431774, 11.9410476 ], [ 108.4315773, 11.9408501 ] ], [ [ 108.4315773, 11.9408501 ], [ 108.4312355, 11.9404859 ] ], [ [ 108.4312355, 11.9404859 ], [ 108.4308, 11.9400129 ] ], [ [ 108.4308, 11.9400129 ], [ 108.4300884, 11.9392211 ], [ 108.4298739, 11.939027 ], [ 108.4294181, 11.938559 ] ], [ [ 108.4294181, 11.938559 ], [ 108.429324, 11.9384589 ] ], [ [ 108.429324, 11.9384589 ], [ 108.4289704, 11.9380781 ] ], [ [ 108.4289704, 11.9380781 ], [ 108.4292309, 11.9378769 ] ], [ [ 108.4292309, 11.9378769 ], [ 108.4293232, 11.9378029 ], [ 108.4296154, 11.9376602 ], [ 108.429835, 11.9376026 ], [ 108.4299683, 11.9375953 ], [ 108.4300316, 11.9376111 ] ], [ [ 108.4300316, 11.9376111 ], [ 108.4304778, 11.9369494 ] ], [ [ 108.4304778, 11.9369494 ], [ 108.4307456, 11.9365851 ], [ 108.4309805, 11.9362176 ] ], [ [ 108.4309805, 11.9362176 ], [ 108.4311238, 11.9360537 ], [ 108.4313075, 11.9359173 ], [ 108.431631, 11.9358215 ] ], [ [ 108.431631, 11.9358215 ], [ 108.4318534, 11.9357847 ], [ 108.4319681, 11.935785 ], [ 108.4322448, 11.9358242 ] ], [ [ 108.4322448, 11.9358242 ], [ 108.4322631, 11.9357935 ] ], [ [ 108.4322631, 11.9357935 ], [ 108.4322858, 11.9356362 ], [ 108.4322429, 11.9354619 ] ], [ [ 108.4322429, 11.9354619 ], [ 108.4317783, 11.9347928 ], [ 108.4315438, 11.9345103 ] ], [ [ 108.4315438, 11.9345103 ], [ 108.4306807, 11.9345615 ] ] ] } },
{ "type": "Feature", "properties": { "edge_id": "E019", "from_node": "DL03", "to_node": "DL21", "from_name": "Crazy House", "to_name": "Chợ Đà Lạt", "distance_km": 1.585, "connector_distance_m": 170.9, "base_time_min": 3.45, "average_speed_kph": 27.6, "road_type": "primary|primary_link|residential|secondary|tertiary", "one_way_share": 0.391, "direction": "directed", "congestion_level": 1, "risk_score": 0, "closed": false, "backbone_edge": true, "data_source": "OpenStreetMap + modeled speeds + connector" }, "geometry": { "type": "MultiLineString", "coordinates": [ [ [ 108.4306807, 11.9345615 ], [ 108.4315438, 11.9345103 ] ], [ [ 108.4315438, 11.9345103 ], [ 108.4317783, 11.9347928 ], [ 108.4322429, 11.9354619 ] ], [ [ 108.4322429, 11.9354619 ], [ 108.4324547, 11.9358054 ] ], [ [ 108.4324547, 11.9358054 ], [ 108.4324692, 11.9358391 ] ], [ [ 108.4324692, 11.9358391 ], [ 108.4326448, 11.9359361 ], [ 108.4329554, 11.9360239 ] ], [ [ 108.4329554, 11.9360239 ], [ 108.4335586, 11.9361932 ] ], [ [ 108.4335586, 11.9361932 ], [ 108.4338096, 11.9362637 ] ], [ [ 108.4338096, 11.9362637 ], [ 108.4337493, 11.9363591 ] ], [ [ 108.4337493, 11.9363591 ], [ 108.4336558, 11.9366356 ] ], [ [ 108.4336558, 11.9366356 ], [ 108.4336398, 11.9368482 ] ], [ [ 108.4336398, 11.9368482 ], [ 108.4336336, 11.9372438 ], [ 108.4336819, 11.9374582 ] ], [ [ 108.4336819, 11.9374582 ], [ 108.4337688, 11.937604 ] ], [ [ 108.4337688, 11.937604 ], [ 108.4339855, 11.938022 ] ], [ [ 108.4339855, 11.938022 ], [ 108.4342147, 11.9384931 ] ], [ [ 108.4342147, 11.9384931 ], [ 108.4343359, 11.9387655 ] ], [ [ 108.4343359, 11.9387655 ], [ 108.4345322, 11.9391934 ] ], [ [ 108.4345322, 11.9391934 ], [ 108.4346446, 11.9391532 ] ], [ [ 108.4346446, 11.9391532 ], [ 108.4349607, 11.9390807 ], [ 108.435245, 11.9390624 ], [ 108.4356058, 11.9390886 ], [ 108.4359638, 11.9391687 ], [ 108.4363085, 11.9392986 ], [ 108.4369603, 11.9396108 ], [ 108.4370689, 11.9396725 ], [ 108.4373175, 11.9399051 ] ], [ [ 108.4373175, 11.9399051 ], [ 108.4374903, 11.9401147 ] ], [ [ 108.4374903, 11.9401147 ], [ 108.4375928, 11.9400699 ], [ 108.4377022, 11.9400945 ] ], [ [ 108.4377022, 11.9400945 ], [ 108.4377447, 11.9401301 ], [ 108.4377863, 11.9402304 ], [ 108.4377588, 11.9403351 ] ], [ [ 108.4377588, 11.9403351 ], [ 108.437677, 11.9404019 ], [ 108.4375707, 11.9404105 ] ], [ [ 108.4375707, 11.9404105 ], [ 108.4373504, 11.9411767 ], [ 108.4370107, 11.942457 ] ], [ [ 108.4370107, 11.942457 ], [ 108.4370723, 11.9424859 ], [ 108.4371216, 11.9425321 ], [ 108.4371538, 11.942591 ], [ 108.4371657, 11.9426567 ], [ 108.4371561, 11.9427228 ], [ 108.437126, 11.9427828 ], [ 108.4370388, 11.9428504 ] ], [ [ 108.4370388, 11.9428504 ], [ 108.43721, 11.94352 ] ] ] } },
{ "type": "Feature", "properties": { "edge_id": "E020", "from_node": "DL21", "to_node": "DL03", "from_name": "Chợ Đà Lạt", "to_name": "Crazy House", "distance_km": 1.572, "connector_distance_m": 170.9, "base_time_min": 3.5, "average_speed_kph": 27.0, "road_type": "primary|residential|secondary|tertiary", "one_way_share": 0.455, "direction": "directed", "congestion_level": 1, "risk_score": 0, "closed": false, "backbone_edge": true, "data_source": "OpenStreetMap + modeled speeds + connector" }, "geometry": { "type": "MultiLineString", "coordinates": [ [ [ 108.43721, 11.94352 ], [ 108.4370388, 11.9428504 ] ], [ [ 108.4370388, 11.9428504 ], [ 108.4369426, 11.9428725 ], [ 108.4368717, 11.9428587 ], [ 108.4368095, 11.942823 ], [ 108.4367626, 11.9427693 ] ], [ [ 108.4367626, 11.9427693 ], [ 108.4367324, 11.9426455 ], [ 108.436779, 11.9425283 ], [ 108.4368837, 11.9424579 ], [ 108.4370107, 11.942457 ] ], [ [ 108.4370107, 11.942457 ], [ 108.4373504, 11.9411767 ], [ 108.4375707, 11.9404105 ] ], [ [ 108.4375707, 11.9404105 ], [ 108.4374915, 11.9403703 ], [ 108.4374425, 11.9402973 ] ], [ [ 108.4374425, 11.9402973 ], [ 108.4374388, 11.9401991 ], [ 108.4374903, 11.9401147 ] ], [ [ 108.4374903, 11.9401147 ], [ 108.4373175, 11.9399051 ] ], [ [ 108.4373175, 11.9399051 ], [ 108.4370689, 11.9396725 ], [ 108.4369603, 11.9396108 ], [ 108.4363085, 11.9392986 ], [ 108.4359638, 11.9391687 ], [ 108.4356058, 11.9390886 ], [ 108.435245, 11.9390624 ], [ 108.4349607, 11.9390807 ], [ 108.4346446, 11.9391532 ] ], [ [ 108.4346446, 11.9391532 ], [ 108.4345322, 11.9391934 ] ], [ [ 108.4345322, 11.9391934 ], [ 108.4343359, 11.9387655 ] ], [ [ 108.4343359, 11.9387655 ], [ 108.4342147, 11.9384931 ] ], [ [ 108.4342147, 11.9384931 ], [ 108.4339855, 11.938022 ] ], [ [ 108.4339855, 11.938022 ], [ 108.4337688, 11.937604 ] ], [ [ 108.4337688, 11.937604 ], [ 108.4336819, 11.9374582 ] ], [ [ 108.4336819, 11.9374582 ], [ 108.4336336, 11.9372438 ], [ 108.4336398, 11.9368482 ] ], [ [ 108.4336398, 11.9368482 ], [ 108.4336558, 11.9366356 ] ], [ [ 108.4336558, 11.9366356 ], [ 108.4336382, 11.9365209 ], [ 108.4335783, 11.9363956 ], [ 108.433481, 11.9363086 ], [ 108.4333764, 11.9362525 ] ], [ [ 108.4333764, 11.9362525 ], [ 108.4323803, 11.9359792 ] ], [ [ 108.4323803, 11.9359792 ], [ 108.432344, 11.9359815 ], [ 108.4322778, 11.9359542 ] ], [ [ 108.4322778, 11.9359542 ], [ 108.4322401, 11.9358944 ], [ 108.4322448, 11.9358242 ] ], [ [ 108.4322448, 11.9358242 ], [ 108.4322631, 11.9357935 ] ], [ [ 108.4322631, 11.9357935 ], [ 108.4322858, 11.9356362 ], [ 108.4322429, 11.9354619 ] ], [ [ 108.4322429, 11.9354619 ], [ 108.4317783, 11.9347928 ], [ 108.4315438, 11.9345103 ] ], [ [ 108.4315438, 11.9345103 ], [ 108.4306807, 11.9345615 ] ] ] } },
{ "type": "Feature", "properties": { "edge_id": "E021", "from_node": "DL04", "to_node": "DL10", "from_name": "Museum Madam De Dalat", "to_name": "Vườn dâu Công nghệ cao Bình Yên", "distance_km": 0.496, "connector_distance_m": 130.2, "base_time_min": 1.62, "average_speed_kph": 18.4, "road_type": "residential", "one_way_share": 0.0, "direction": "directed", "congestion_level": 1, "risk_score": 0, "closed": false, "backbone_edge": true, "data_source": "OpenStreetMap + modeled speeds + connector" }, "geometry": { "type": "MultiLineString", "coordinates": [ [ [ 108.4262529, 11.9463059 ], [ 108.4258823, 11.9466443 ] ], [ [ 108.4258823, 11.9466443 ], [ 108.4259568, 11.9467134 ] ], [ [ 108.4259568, 11.9467134 ], [ 108.4259483, 11.9469804 ], [ 108.425923, 11.9471814 ] ], [ [ 108.425923, 11.9471814 ], [ 108.4260242, 11.9472724 ], [ 108.4261114, 11.9474019 ], [ 108.4261385, 11.9475249 ], [ 108.4259315, 11.948643 ], [ 108.425926, 11.9487484 ], [ 108.4259635, 11.9488247 ], [ 108.426044, 11.94888 ] ], [ [ 108.426044, 11.94888 ], [ 108.4263029, 11.948936 ], [ 108.4264336, 11.9489984 ], [ 108.4266032, 11.9491589 ], [ 108.4267553, 11.9493561 ] ], [ [ 108.4267553, 11.9493561 ], [ 108.4271423, 11.9487973 ] ] ] } },
{ "type": "Feature", "properties": { "edge_id": "E022", "from_node": "DL10", "to_node": "DL04", "from_name": "Vườn dâu Công nghệ cao Bình Yên", "to_name": "Museum Madam De Dalat", "distance_km": 0.496, "connector_distance_m": 130.2, "base_time_min": 1.62, "average_speed_kph": 18.4, "road_type": "residential", "one_way_share": 0.0, "direction": "directed", "congestion_level": 1, "risk_score": 0, "closed": false, "backbone_edge": true, "data_source": "OpenStreetMap + modeled speeds + connector" }, "geometry": { "type": "MultiLineString", "coordinates": [ [ [ 108.4271423, 11.9487973 ], [ 108.4267553, 11.9493561 ] ], [ [ 108.4267553, 11.9493561 ], [ 108.4266032, 11.9491589 ], [ 108.4264336, 11.9489984 ], [ 108.4263029, 11.948936 ], [ 108.426044, 11.94888 ] ], [ [ 108.426044, 11.94888 ], [ 108.4259635, 11.9488247 ], [ 108.425926, 11.9487484 ], [ 108.4259315, 11.948643 ], [ 108.4261385, 11.9475249 ], [ 108.4261114, 11.9474019 ], [ 108.4260242, 11.9472724 ], [ 108.425923, 11.9471814 ] ], [ [ 108.425923, 11.9471814 ], [ 108.4259483, 11.9469804 ], [ 108.4259568, 11.9467134 ] ], [ [ 108.4259568, 11.9467134 ], [ 108.4258823, 11.9466443 ] ], [ [ 108.4258823, 11.9466443 ], [ 108.4262529, 11.9463059 ] ] ] } },
{ "type": "Feature", "properties": { "edge_id": "E023", "from_node": "DL04", "to_node": "DL15", "from_name": "Museum Madam De Dalat", "to_name": "Nhà thờ Cam Ly", "distance_km": 1.112, "connector_distance_m": 192.6, "base_time_min": 3.53, "average_speed_kph": 18.9, "road_type": "residential", "one_way_share": 0.0, "direction": "directed", "congestion_level": 1, "risk_score": 0, "closed": false, "backbone_edge": true, "data_source": "OpenStreetMap + modeled speeds + connector" }, "geometry": { "type": "MultiLineString", "coordinates": [ [ [ 108.4262529, 11.9463059 ], [ 108.4258823, 11.9466443 ] ], [ [ 108.4258823, 11.9466443 ], [ 108.4257815, 11.9464464 ], [ 108.4257625, 11.946305 ], [ 108.4257635, 11.9461454 ], [ 108.4257999, 11.9459793 ] ], [ [ 108.4257999, 11.9459793 ], [ 108.4258758, 11.9458418 ], [ 108.4261805, 11.9455112 ], [ 108.426277, 11.945359 ], [ 108.4263179, 11.9452397 ], [ 108.426353, 11.9449582 ], [ 108.4263451, 11.9446505 ] ], [ [ 108.4263451, 11.9446505 ], [ 108.4263012, 11.9440734 ], [ 108.4263186, 11.9439582 ], [ 108.4263493, 11.9439035 ] ], [ [ 108.4263493, 11.9439035 ], [ 108.425663, 11.9434007 ] ], [ [ 108.425663, 11.9434007 ], [ 108.4255905, 11.9433459 ] ], [ [ 108.4255905, 11.9433459 ], [ 108.4255132, 11.9433058 ], [ 108.4253769, 11.9432826 ], [ 108.4251879, 11.9433017 ], [ 108.4229689, 11.9440054 ], [ 108.4228428, 11.9437783 ], [ 108.4227727, 11.9437246 ], [ 108.4226096, 11.9436857 ], [ 108.4225195, 11.9436493 ], [ 108.422413023887373, 11.943581296059184 ] ], [ [ 108.422413023887373, 11.943581296059184 ], [ 108.4220262, 11.9431847 ], [ 108.4223631, 11.9429244 ] ], [ [ 108.4223631, 11.9429244 ], [ 108.422413023887373, 11.943581296059184 ] ], [ [ 108.422413023887373, 11.943581296059184 ], [ 108.4224568, 11.9441573 ] ] ] } },
{ "type": "Feature", "properties": { "edge_id": "E024", "from_node": "DL15", "to_node": "DL04", "from_name": "Nhà thờ Cam Ly", "to_name": "Museum Madam De Dalat", "distance_km": 1.112, "connector_distance_m": 192.6, "base_time_min": 3.53, "average_speed_kph": 18.9, "road_type": "residential", "one_way_share": 0.0, "direction": "directed", "congestion_level": 1, "risk_score": 0, "closed": false, "backbone_edge": true, "data_source": "OpenStreetMap + modeled speeds + connector" }, "geometry": { "type": "MultiLineString", "coordinates": [ [ [ 108.4224568, 11.9441573 ], [ 108.422413023887373, 11.943581296059184 ] ], [ [ 108.422413023887373, 11.943581296059184 ], [ 108.4223631, 11.9429244 ] ], [ [ 108.4223631, 11.9429244 ], [ 108.4220262, 11.9431847 ], [ 108.422413023887373, 11.943581296059184 ] ], [ [ 108.422413023887373, 11.943581296059184 ], [ 108.4225195, 11.9436493 ], [ 108.4226096, 11.9436857 ], [ 108.4227727, 11.9437246 ], [ 108.4228428, 11.9437783 ], [ 108.4229689, 11.9440054 ], [ 108.4251879, 11.9433017 ], [ 108.4253769, 11.9432826 ], [ 108.4255132, 11.9433058 ], [ 108.4255905, 11.9433459 ] ], [ [ 108.4255905, 11.9433459 ], [ 108.425663, 11.9434007 ] ], [ [ 108.425663, 11.9434007 ], [ 108.4263493, 11.9439035 ] ], [ [ 108.4263493, 11.9439035 ], [ 108.4263186, 11.9439582 ], [ 108.4263012, 11.9440734 ], [ 108.4263451, 11.9446505 ] ], [ [ 108.4263451, 11.9446505 ], [ 108.426353, 11.9449582 ], [ 108.4263179, 11.9452397 ], [ 108.426277, 11.945359 ], [ 108.4261805, 11.9455112 ], [ 108.4258758, 11.9458418 ], [ 108.4257999, 11.9459793 ] ], [ [ 108.4257999, 11.9459793 ], [ 108.4257635, 11.9461454 ], [ 108.4257625, 11.946305 ], [ 108.4257815, 11.9464464 ], [ 108.4258823, 11.9466443 ] ], [ [ 108.4258823, 11.9466443 ], [ 108.4262529, 11.9463059 ] ] ] } },
{ "type": "Feature", "properties": { "edge_id": "E025", "from_node": "DL04", "to_node": "DL21", "from_name": "Museum Madam De Dalat", "to_name": "Chợ Đà Lạt", "distance_km": 2.405, "connector_distance_m": 131.9, "base_time_min": 5.32, "average_speed_kph": 27.1, "road_type": "residential|secondary|tertiary", "one_way_share": 0.185, "direction": "directed", "congestion_level": 1, "risk_score": 0, "closed": false, "backbone_edge": true, "data_source": "OpenStreetMap + modeled speeds + connector" }, "geometry": { "type": "MultiLineString", "coordinates": [ [ [ 108.4262529, 11.9463059 ], [ 108.4258823, 11.9466443 ] ], [ [ 108.4258823, 11.9466443 ], [ 108.4259568, 11.9467134 ] ], [ [ 108.4259568, 11.9467134 ], [ 108.4261639, 11.9468219 ], [ 108.426481, 11.9469436 ], [ 108.4266398, 11.9469873 ], [ 108.4268251, 11.9470132 ], [ 108.4269792, 11.9470128 ], [ 108.4272071, 11.9469616 ] ], [ [ 108.4272071, 11.9469616 ], [ 108.4273322, 11.946892 ], [ 108.4281399, 11.9463218 ], [ 108.4283675, 11.9461886 ] ], [ [ 108.4283675, 11.9461886 ], [ 108.4287132, 11.946199 ], [ 108.4289597, 11.946233 ], [ 108.4290802, 11.9462683 ], [ 108.4292139, 11.9463551 ] ], [ [ 108.4292139, 11.9463551 ], [ 108.4292707, 11.9462943 ], [ 108.4293498, 11.9462444 ] ], [ [ 108.4293498, 11.9462444 ], [ 108.4296707, 11.9461492 ] ], [ [ 108.4296707, 11.9461492 ], [ 108.4298285, 11.9460822 ], [ 108.4298759, 11.94604 ], [ 108.4299212, 11.9459416 ], [ 108.42993, 11.9451095 ], [ 108.4299483, 11.9449987 ], [ 108.4299815, 11.9449108 ], [ 108.4300338, 11.944832 ], [ 108.4301354, 11.944745 ] ], [ [ 108.4301354, 11.944745 ], [ 108.4303532, 11.9445836 ] ], [ [ 108.4303532, 11.9445836 ], [ 108.4307148, 11.9441414 ], [ 108.4308484, 11.9439451 ], [ 108.4309378, 11.9436862 ], [ 108.4309276, 11.9433496 ], [ 108.4309378, 11.9431866 ] ], [ [ 108.4309378, 11.9431866 ], [ 108.4310011, 11.9429116 ], [ 108.4311339, 11.9425348 ] ], [ [ 108.4311339, 11.9425348 ], [ 108.4312884, 11.9424017 ] ], [ [ 108.4312884, 11.9424017 ], [ 108.4314559, 11.9421087 ] ], [ [ 108.4314559, 11.9421087 ], [ 108.4315064, 11.9420207 ] ], [ [ 108.4315064, 11.9420207 ], [ 108.4320073, 11.9412491 ] ], [ [ 108.4320073, 11.9412491 ], [ 108.431774, 11.9410476 ], [ 108.4315773, 11.9408501 ] ], [ [ 108.4315773, 11.9408501 ], [ 108.431672, 11.9407806 ] ], [ [ 108.431672, 11.9407806 ], [ 108.4316809, 11.940727 ], [ 108.4318072, 11.9406101 ], [ 108.431877, 11.9406015 ] ], [ [ 108.431877, 11.9406015 ], [ 108.4326873, 11.9398433 ], [ 108.4330849, 11.939515 ], [ 108.4332163, 11.939446 ], [ 108.4333662, 11.9393981 ], [ 108.4335356, 11.9393723 ], [ 108.4338806, 11.9393636 ] ], [ [ 108.4338806, 11.9393636 ], [ 108.4341456, 11.9393342 ], [ 108.4343075, 11.9392936 ], [ 108.4345322, 11.9391934 ] ], [ [ 108.4345322, 11.9391934 ], [ 108.4346446, 11.9391532 ] ], [ [ 108.4346446, 11.9391532 ], [ 108.4349607, 11.9390807 ], [ 108.435245, 11.9390624 ], [ 108.4356058, 11.9390886 ], [ 108.4359638, 11.9391687 ], [ 108.4363085, 11.9392986 ], [ 108.4369603, 11.9396108 ], [ 108.4370689, 11.9396725 ], [ 108.4373175, 11.9399051 ] ], [ [ 108.4373175, 11.9399051 ], [ 108.4374903, 11.9401147 ] ], [ [ 108.4374903, 11.9401147 ], [ 108.4375928, 11.9400699 ], [ 108.4377022, 11.9400945 ] ], [ [ 108.4377022, 11.9400945 ], [ 108.4377447, 11.9401301 ], [ 108.4377863, 11.9402304 ], [ 108.4377588, 11.9403351 ] ], [ [ 108.4377588, 11.9403351 ], [ 108.437677, 11.9404019 ], [ 108.4375707, 11.9404105 ] ], [ [ 108.4375707, 11.9404105 ], [ 108.4373504, 11.9411767 ], [ 108.4370107, 11.942457 ] ], [ [ 108.4370107, 11.942457 ], [ 108.4370723, 11.9424859 ], [ 108.4371216, 11.9425321 ], [ 108.4371538, 11.942591 ], [ 108.4371657, 11.9426567 ], [ 108.4371561, 11.9427228 ], [ 108.437126, 11.9427828 ], [ 108.4370388, 11.9428504 ] ], [ [ 108.4370388, 11.9428504 ], [ 108.43721, 11.94352 ] ] ] } },
{ "type": "Feature", "properties": { "edge_id": "E026", "from_node": "DL21", "to_node": "DL04", "from_name": "Chợ Đà Lạt", "to_name": "Museum Madam De Dalat", "distance_km": 2.402, "connector_distance_m": 131.9, "base_time_min": 5.37, "average_speed_kph": 26.8, "road_type": "residential|secondary|tertiary", "one_way_share": 0.185, "direction": "directed", "congestion_level": 1, "risk_score": 0, "closed": false, "backbone_edge": true, "data_source": "OpenStreetMap + modeled speeds + connector" }, "geometry": { "type": "MultiLineString", "coordinates": [ [ [ 108.43721, 11.94352 ], [ 108.4370388, 11.9428504 ] ], [ [ 108.4370388, 11.9428504 ], [ 108.4369426, 11.9428725 ], [ 108.4368717, 11.9428587 ], [ 108.4368095, 11.942823 ], [ 108.4367626, 11.9427693 ] ], [ [ 108.4367626, 11.9427693 ], [ 108.4367324, 11.9426455 ], [ 108.436779, 11.9425283 ], [ 108.4368837, 11.9424579 ], [ 108.4370107, 11.942457 ] ], [ [ 108.4370107, 11.942457 ], [ 108.4373504, 11.9411767 ], [ 108.4375707, 11.9404105 ] ], [ [ 108.4375707, 11.9404105 ], [ 108.4374915, 11.9403703 ], [ 108.4374425, 11.9402973 ] ], [ [ 108.4374425, 11.9402973 ], [ 108.4374388, 11.9401991 ], [ 108.4374903, 11.9401147 ] ], [ [ 108.4374903, 11.9401147 ], [ 108.4373175, 11.9399051 ] ], [ [ 108.4373175, 11.9399051 ], [ 108.4370689, 11.9396725 ], [ 108.4369603, 11.9396108 ], [ 108.4363085, 11.9392986 ], [ 108.4359638, 11.9391687 ], [ 108.4356058, 11.9390886 ], [ 108.435245, 11.9390624 ], [ 108.4349607, 11.9390807 ], [ 108.4346446, 11.9391532 ] ], [ [ 108.4346446, 11.9391532 ], [ 108.4345322, 11.9391934 ] ], [ [ 108.4345322, 11.9391934 ], [ 108.4343075, 11.9392936 ], [ 108.4341456, 11.9393342 ], [ 108.4338806, 11.9393636 ] ], [ [ 108.4338806, 11.9393636 ], [ 108.4335356, 11.9393723 ], [ 108.4333662, 11.9393981 ], [ 108.4332163, 11.939446 ], [ 108.4330849, 11.939515 ], [ 108.4326873, 11.9398433 ], [ 108.431877, 11.9406015 ] ], [ [ 108.431877, 11.9406015 ], [ 108.4318654, 11.9406627 ], [ 108.4317392, 11.9407796 ], [ 108.431672, 11.9407806 ] ], [ [ 108.431672, 11.9407806 ], [ 108.4315773, 11.9408501 ] ], [ [ 108.4315773, 11.9408501 ], [ 108.431774, 11.9410476 ], [ 108.4320073, 11.9412491 ] ], [ [ 108.4320073, 11.9412491 ], [ 108.4315064, 11.9420207 ] ], [ [ 108.4315064, 11.9420207 ], [ 108.4314559, 11.9421087 ] ], [ [ 108.4314559, 11.9421087 ], [ 108.4312884, 11.9424017 ] ], [ [ 108.4312884, 11.9424017 ], [ 108.4311339, 11.9425348 ] ], [ [ 108.4311339, 11.9425348 ], [ 108.4310011, 11.9429116 ], [ 108.4309378, 11.9431866 ] ], [ [ 108.4309378, 11.9431866 ], [ 108.4309276, 11.9433496 ], [ 108.4309378, 11.9436862 ], [ 108.4308484, 11.9439451 ], [ 108.4307148, 11.9441414 ], [ 108.4303532, 11.9445836 ] ], [ [ 108.4303532, 11.9445836 ], [ 108.4301354, 11.944745 ] ], [ [ 108.4301354, 11.944745 ], [ 108.4300338, 11.944832 ], [ 108.4299815, 11.9449108 ], [ 108.4299483, 11.9449987 ], [ 108.42993, 11.9451095 ], [ 108.4299212, 11.9459416 ], [ 108.4298759, 11.94604 ], [ 108.4298285, 11.9460822 ], [ 108.4296707, 11.9461492 ] ], [ [ 108.4296707, 11.9461492 ], [ 108.4293498, 11.9462444 ] ], [ [ 108.4293498, 11.9462444 ], [ 108.4292707, 11.9462943 ], [ 108.4292139, 11.9463551 ] ], [ [ 108.4292139, 11.9463551 ], [ 108.4290802, 11.9462683 ], [ 108.4289597, 11.946233 ], [ 108.4287132, 11.946199 ], [ 108.4283675, 11.9461886 ] ], [ [ 108.4283675, 11.9461886 ], [ 108.4281399, 11.9463218 ], [ 108.4273322, 11.946892 ], [ 108.4272071, 11.9469616 ] ], [ [ 108.4272071, 11.9469616 ], [ 108.4269792, 11.9470128 ], [ 108.4268251, 11.9470132 ], [ 108.4266398, 11.9469873 ], [ 108.426481, 11.9469436 ], [ 108.4261639, 11.9468219 ], [ 108.4259568, 11.9467134 ] ], [ [ 108.4259568, 11.9467134 ], [ 108.4258823, 11.9466443 ] ], [ [ 108.4258823, 11.9466443 ], [ 108.4262529, 11.9463059 ] ] ] } },
{ "type": "Feature", "properties": { "edge_id": "E027", "from_node": "DL06", "to_node": "DL19", "from_name": "Thung Lũng Tình Yêu", "to_name": "Làng Đồng trụ LangBiang", "distance_km": 11.372, "connector_distance_m": 246.7, "base_time_min": 19.58, "average_speed_kph": 34.8, "road_type": "living_street|residential|secondary|tertiary", "one_way_share": 0.14, "direction": "directed", "congestion_level": 1, "risk_score": 0, "closed": false, "backbone_edge": true, "data_source": "OpenStreetMap + modeled speeds + connector" }, "geometry": { "type": "MultiLineString", "coordinates": [ [ [ 108.4499229, 11.9781853 ], [ 108.44945, 11.9777694 ] ], [ [ 108.44945, 11.9777694 ], [ 108.4492404, 11.9777967 ], [ 108.4488684, 11.9778098 ], [ 108.448215, 11.9778146 ], [ 108.4480512, 11.9777941 ], [ 108.4478552, 11.9777535 ], [ 108.4472772, 11.9775099 ], [ 108.446809, 11.9772585 ] ], [ [ 108.446809, 11.9772585 ], [ 108.4448232, 11.9767285 ] ], [ [ 108.4448232, 11.9767285 ], [ 108.4444383, 11.9766158 ], [ 108.4436354, 11.9762965 ], [ 108.4429577, 11.9759572 ] ], [ [ 108.4429577, 11.9759572 ], [ 108.4427753, 11.9758643 ] ], [ [ 108.4427753, 11.9758643 ], [ 108.4415417, 11.9752415 ], [ 108.4411003, 11.9749523 ], [ 108.4408401, 11.9747159 ], [ 108.4406839, 11.9744827 ] ], [ [ 108.4406839, 11.9744827 ], [ 108.4403799, 11.9747291 ], [ 108.4402648, 11.9747936 ], [ 108.4400985, 11.9748552 ], [ 108.4398067, 11.974862 ], [ 108.4394275, 11.9748138 ] ], [ [ 108.4394275, 11.9748138 ], [ 108.4389532, 11.9747293 ], [ 108.4383738, 11.9747634 ], [ 108.4364532, 11.9747249 ], [ 108.4358509, 11.9746914 ], [ 108.4355751, 11.9746908 ], [ 108.4353977, 11.9747104 ], [ 108.4352502, 11.9747736 ] ], [ [ 108.4352502, 11.9747736 ], [ 108.4349953, 11.9750234 ] ], [ [ 108.4349953, 11.9750234 ], [ 108.4345248, 11.9748526 ], [ 108.4337408, 11.9744386 ], [ 108.4335497, 11.9743493 ], [ 108.4333504, 11.9742848 ] ], [ [ 108.4333504, 11.9742848 ], [ 108.4331421, 11.974257 ], [ 108.4328805, 11.9742483 ], [ 108.4327855, 11.9742548 ], [ 108.432426, 11.9743436 ], [ 108.4323464, 11.9743434 ], [ 108.4322169, 11.9743101 ], [ 108.4317447, 11.9739973 ], [ 108.4316216, 11.9738687 ], [ 108.4315484, 11.9737292 ], [ 108.4315041, 11.9735348 ] ], [ [ 108.4315041, 11.9735348 ], [ 108.4313974, 11.9731104 ], [ 108.4312887, 11.9727622 ], [ 108.430979, 11.9718431 ], [ 108.4308355, 11.9715203 ], [ 108.4306074, 11.9711871 ], [ 108.4302144, 11.9707766 ], [ 108.4299264, 11.970645 ] ], [ [ 108.4299264, 11.970645 ], [ 108.4292325, 11.9703301 ], [ 108.428858, 11.9702003 ], [ 108.4285849, 11.9701774 ], [ 108.4281559, 11.9701774 ], [ 108.4280351, 11.9701582 ], [ 108.4277959, 11.9700414 ] ], [ [ 108.4277959, 11.9700414 ], [ 108.4277637, 11.9700232 ] ], [ [ 108.4277637, 11.9700232 ], [ 108.427706, 11.970053 ], [ 108.427661, 11.9700487 ] ], [ [ 108.427661, 11.9700487 ], [ 108.4271864, 11.9707462 ], [ 108.4269334, 11.9710541 ], [ 108.4266956, 11.9712572 ], [ 108.4263137, 11.9714326 ] ], [ [ 108.4263137, 11.9714326 ], [ 108.4262105, 11.9714964 ] ], [ [ 108.4262105, 11.9714964 ], [ 108.4258269, 11.9716794 ], [ 108.4254907, 11.9719258 ], [ 108.4241149, 11.9731134 ] ], [ [ 108.4241149, 11.9731134 ], [ 108.4239193, 11.973277 ], [ 108.423653, 11.9735998 ], [ 108.4225862, 11.975219 ], [ 108.4224649, 11.9753641 ], [ 108.4223588, 11.9754614 ], [ 108.4220242, 11.975694 ] ], [ [ 108.4220242, 11.975694 ], [ 108.4217167, 11.9758874 ] ], [ [ 108.4217167, 11.9758874 ], [ 108.4207156, 11.9765809 ] ], [ [ 108.4207156, 11.9765809 ], [ 108.4203977, 11.9768861 ], [ 108.4201455, 11.977187 ], [ 108.4200214, 11.9773927 ] ], [ [ 108.4200214, 11.9773927 ], [ 108.4198733, 11.9777039 ] ], [ [ 108.4198733, 11.9777039 ], [ 108.4197107, 11.9778875 ], [ 108.4189494, 11.9783088 ], [ 108.4187315, 11.9784106 ], [ 108.4185305, 11.9784597 ], [ 108.4182469, 11.9785848 ], [ 108.4181317, 11.9786719 ], [ 108.4179893, 11.9788954 ] ], [ [ 108.4179893, 11.9788954 ], [ 108.4179558, 11.9791229 ], [ 108.4180057, 11.9795576 ], [ 108.4180093, 11.9798545 ], [ 108.4178885, 11.9803438 ], [ 108.4178172, 11.9807777 ], [ 108.4179172, 11.9822002 ] ], [ [ 108.4179172, 11.9822002 ], [ 108.4178805, 11.9824977 ], [ 108.4177633, 11.9827775 ] ], [ [ 108.4177633, 11.9827775 ], [ 108.4174821, 11.9830238 ], [ 108.4171353, 11.9832664 ], [ 108.4169348, 11.9834728 ], [ 108.4168054, 11.9836792 ], [ 108.4167184, 11.9839284 ], [ 108.4166842, 11.9842709 ], [ 108.4166956, 11.9844814 ], [ 108.4168413, 11.9852169 ], [ 108.4168401, 11.985461 ], [ 108.4167671, 11.9861455 ] ], [ [ 108.4167671, 11.9861455 ], [ 108.4167611, 11.9862642 ], [ 108.4167758, 11.9863421 ], [ 108.4167623, 11.9865132 ], [ 108.4173889, 11.9881473 ], [ 108.4175814, 11.9887827 ], [ 108.4177925, 11.9896869 ], [ 108.4178147, 11.989978 ], [ 108.4178086, 11.9902345 ] ], [ [ 108.4178086, 11.9902345 ], [ 108.4178264, 11.9905033 ], [ 108.4178861, 11.990707 ], [ 108.4179409, 11.9908033 ], [ 108.4181976, 11.9910435 ], [ 108.4184277, 11.9913038 ], [ 108.4185676, 11.9915515 ], [ 108.4188542, 11.9925774 ] ], [ [ 108.4188542, 11.9925774 ], [ 108.419022, 11.9931551 ], [ 108.4194373, 11.9941769 ] ], [ [ 108.4194373, 11.9941769 ], [ 108.419531, 11.9945003 ] ], [ [ 108.419531, 11.9945003 ], [ 108.4195574, 11.994732 ], [ 108.4195183, 11.9950852 ], [ 108.4193766, 11.9957278 ] ], [ [ 108.4193766, 11.9957278 ], [ 108.4193671, 11.9958342 ], [ 108.4193899, 11.9968422 ], [ 108.4193623, 11.9970341 ], [ 108.4192648, 11.997354 ], [ 108.4191268, 11.9976341 ], [ 108.4189119, 11.9979038 ] ], [ [ 108.4189119, 11.9979038 ], [ 108.4185535, 11.9983172 ], [ 108.4183413, 11.9985097 ], [ 108.4178303, 11.9988438 ] ], [ [ 108.4178303, 11.9988438 ], [ 108.4173156, 11.9992645 ], [ 108.4167642, 11.999846 ], [ 108.4158083, 12.0004807 ], [ 108.4154728, 12.0008188 ], [ 108.4151026, 12.0014454 ], [ 108.4149867, 12.0017294 ], [ 108.4149369, 12.0019493 ], [ 108.4149376, 12.0021665 ] ], [ [ 108.4149376, 12.0021665 ], [ 108.4152094, 12.0028199 ] ], [ [ 108.4152094, 12.0028199 ], [ 108.4152849, 12.0029195 ], [ 108.4156711, 12.0037416 ] ], [ [ 108.4156711, 12.0037416 ], [ 108.4157416, 12.0038234 ], [ 108.4159321, 12.0039087 ], [ 108.4175313, 12.0042734 ], [ 108.417882, 12.0043756 ], [ 108.4179806, 12.0044481 ] ], [ [ 108.4179806, 12.0044481 ], [ 108.4181095, 12.0045132 ] ], [ [ 108.4181095, 12.0045132 ], [ 108.4183873, 12.0046817 ], [ 108.4185817, 12.0048278 ], [ 108.4187525, 12.0049976 ], [ 108.4188807, 12.0051672 ] ], [ [ 108.4188807, 12.0051672 ], [ 108.4188863, 12.0051746 ] ], [ [ 108.4188863, 12.0051746 ], [ 108.4189811, 12.0052453 ], [ 108.4191314, 12.0055258 ], [ 108.4192225, 12.0057471 ], [ 108.4193191, 12.0060615 ] ], [ [ 108.4193191, 12.0060615 ], [ 108.419332, 12.0062489 ], [ 108.4192167, 12.0069007 ], [ 108.4191447, 12.0078285 ] ], [ [ 108.4191447, 12.0078285 ], [ 108.4191371, 12.0081083 ] ], [ [ 108.4191371, 12.0081083 ], [ 108.419127, 12.0086174 ] ], [ [ 108.419127, 12.0086174 ], [ 108.4191571, 12.0086656 ], [ 108.4191576, 12.0086938 ] ], [ [ 108.4191576, 12.0086938 ], [ 108.4193155, 12.0087034 ], [ 108.419612, 12.0086906 ], [ 108.419695, 12.0087088 ], [ 108.4198068, 12.0087714 ] ], [ [ 108.4198068, 12.0087714 ], [ 108.4200835, 12.0088938 ], [ 108.4203571, 12.0089673 ], [ 108.4205341, 12.0089961 ], [ 108.4207527, 12.0089604 ], [ 108.4210062, 12.0088492 ], [ 108.4211725, 12.0088256 ], [ 108.4213693, 12.008835 ] ], [ [ 108.4213693, 12.008835 ], [ 108.4214944, 12.0088466 ], [ 108.421952, 12.0089662 ] ], [ [ 108.421952, 12.0089662 ], [ 108.4220442, 12.0090254 ] ], [ [ 108.4220442, 12.0090254 ], [ 108.4227202, 12.009343 ], [ 108.4234497, 12.0097202 ], [ 108.42397, 12.0100902 ], [ 108.4241336, 12.0101636 ], [ 108.4242731, 12.0101846 ], [ 108.4245092, 12.0101453 ], [ 108.4246624, 12.0100518 ], [ 108.4252631, 12.0095638 ], [ 108.4253665, 12.0095108 ] ], [ [ 108.4253665, 12.0095108 ], [ 108.4266312, 12.0098784 ], [ 108.4267193, 12.0099539 ], [ 108.4269212, 12.0104644 ] ], [ [ 108.4269212, 12.0104644 ], [ 108.4270851, 12.0110441 ], [ 108.4272441, 12.0113901 ], [ 108.4276123, 12.011964 ] ], [ [ 108.4276123, 12.011964 ], [ 108.4289401, 12.0135232 ], [ 108.4293281, 12.0138495 ], [ 108.4296482, 12.0141529 ], [ 108.430264, 12.0149435 ], [ 108.430964, 12.0156872 ] ], [ [ 108.430964, 12.0156872 ], [ 108.4314618, 12.0164906 ], [ 108.4315482, 12.0166076 ], [ 108.4318439, 12.0168973 ], [ 108.4324354, 12.0176284 ], [ 108.4327499, 12.0178648 ], [ 108.4340632, 12.0184675 ], [ 108.4347391, 12.0187305 ], [ 108.4349563, 12.0188527 ], [ 108.435084, 12.018992 ], [ 108.4351675, 12.0191205 ], [ 108.4352051, 12.0192945 ], [ 108.435215658826394, 12.01962174092275 ] ], [ [ 108.435215658826394, 12.01962174092275 ], [ 108.4352064, 12.0199057 ], [ 108.4352348, 12.0201081 ], [ 108.4354052, 12.0204438 ], [ 108.4355821, 12.020636 ], [ 108.4358252, 12.0207847 ], [ 108.4370304, 12.0212902 ], [ 108.4371433, 12.0212935 ] ], [ [ 108.4371433, 12.0212935 ], [ 108.4371477, 12.0211777 ], [ 108.4372391, 12.0208884 ] ], [ [ 108.4372391, 12.0208884 ], [ 108.4374875, 12.0198632 ] ], [ [ 108.4374875, 12.0198632 ], [ 108.4363235, 12.0197778 ] ], [ [ 108.4363235, 12.0197778 ], [ 108.435215658826394, 12.01962174092275 ] ], [ [ 108.435215658826394, 12.01962174092275 ], [ 108.4347078, 12.0195502 ] ] ] } },
{ "type": "Feature", "properties": { "edge_id": "E028", "from_node": "DL19", "to_node": "DL06", "from_name": "Làng Đồng trụ LangBiang", "to_name": "Thung Lũng Tình Yêu", "distance_km": 11.44, "connector_distance_m": 246.7, "base_time_min": 19.68, "average_speed_kph": 34.9, "road_type": "living_street|residential|secondary|tertiary", "one_way_share": 0.213, "direction": "directed", "congestion_level": 1, "risk_score": 0, "closed": false, "backbone_edge": true, "data_source": "OpenStreetMap + modeled speeds + connector" }, "geometry": { "type": "MultiLineString", "coordinates": [ [ [ 108.4347078, 12.0195502 ], [ 108.435215658826394, 12.01962174092275 ] ], [ [ 108.435215658826394, 12.01962174092275 ], [ 108.4363235, 12.0197778 ] ], [ [ 108.4363235, 12.0197778 ], [ 108.4374875, 12.0198632 ] ], [ [ 108.4374875, 12.0198632 ], [ 108.4372391, 12.0208884 ] ], [ [ 108.4372391, 12.0208884 ], [ 108.4371477, 12.0211777 ], [ 108.4371433, 12.0212935 ] ], [ [ 108.4371433, 12.0212935 ], [ 108.4370304, 12.0212902 ], [ 108.4358252, 12.0207847 ], [ 108.4355821, 12.020636 ], [ 108.4354052, 12.0204438 ], [ 108.4352348, 12.0201081 ], [ 108.4352064, 12.0199057 ], [ 108.435215658826394, 12.01962174092275 ] ], [ [ 108.435215658826394, 12.01962174092275 ], [ 108.4352051, 12.0192945 ], [ 108.4351675, 12.0191205 ], [ 108.435084, 12.018992 ], [ 108.4349563, 12.0188527 ], [ 108.4347391, 12.0187305 ], [ 108.4340632, 12.0184675 ], [ 108.4327499, 12.0178648 ], [ 108.4324354, 12.0176284 ], [ 108.4318439, 12.0168973 ], [ 108.4315482, 12.0166076 ], [ 108.4314618, 12.0164906 ], [ 108.430964, 12.0156872 ] ], [ [ 108.430964, 12.0156872 ], [ 108.430264, 12.0149435 ], [ 108.4296482, 12.0141529 ], [ 108.4293281, 12.0138495 ], [ 108.4289401, 12.0135232 ], [ 108.4276123, 12.011964 ] ], [ [ 108.4276123, 12.011964 ], [ 108.4272441, 12.0113901 ], [ 108.4270851, 12.0110441 ], [ 108.4269212, 12.0104644 ] ], [ [ 108.4269212, 12.0104644 ], [ 108.4267193, 12.0099539 ], [ 108.4266312, 12.0098784 ], [ 108.4253665, 12.0095108 ] ], [ [ 108.4253665, 12.0095108 ], [ 108.4252631, 12.0095638 ], [ 108.4246624, 12.0100518 ], [ 108.4245092, 12.0101453 ], [ 108.4242731, 12.0101846 ], [ 108.4241336, 12.0101636 ], [ 108.42397, 12.0100902 ], [ 108.4234497, 12.0097202 ], [ 108.4227202, 12.009343 ], [ 108.4220442, 12.0090254 ] ], [ [ 108.4220442, 12.0090254 ], [ 108.421952, 12.0089662 ] ], [ [ 108.421952, 12.0089662 ], [ 108.4214944, 12.0088466 ], [ 108.4213693, 12.008835 ] ], [ [ 108.4213693, 12.008835 ], [ 108.4211725, 12.0088256 ], [ 108.4210062, 12.0088492 ], [ 108.4207527, 12.0089604 ], [ 108.4205341, 12.0089961 ], [ 108.4203571, 12.0089673 ], [ 108.4200835, 12.0088938 ], [ 108.4198068, 12.0087714 ] ], [ [ 108.4198068, 12.0087714 ], [ 108.419695, 12.0087088 ], [ 108.419612, 12.0086906 ], [ 108.4193155, 12.0087034 ], [ 108.4191576, 12.0086938 ] ], [ [ 108.4191576, 12.0086938 ], [ 108.41913, 12.0087423 ], [ 108.4191037, 12.0087576 ] ], [ [ 108.4191037, 12.0087576 ], [ 108.4190473, 12.0087573 ] ], [ [ 108.4190473, 12.0087573 ], [ 108.4190038, 12.0087216 ], [ 108.4189968, 12.0086561 ] ], [ [ 108.4189968, 12.0086561 ], [ 108.4190316, 12.0086124 ] ], [ [ 108.4190316, 12.0086124 ], [ 108.4190593, 12.0081085 ] ], [ [ 108.4190593, 12.0081085 ], [ 108.4190699, 12.0078241 ] ], [ [ 108.4190699, 12.0078241 ], [ 108.4191357, 12.006896 ], [ 108.4192376, 12.0063915 ], [ 108.4192524, 12.0061994 ], [ 108.4192439, 12.0060707 ] ], [ [ 108.4192439, 12.0060707 ], [ 108.4191972, 12.0058879 ], [ 108.4190614, 12.0055744 ], [ 108.4189096, 12.0052848 ], [ 108.4188807, 12.0051672 ] ], [ [ 108.4188807, 12.0051672 ], [ 108.4187525, 12.0049976 ], [ 108.4185817, 12.0048278 ], [ 108.4183873, 12.0046817 ], [ 108.4181095, 12.0045132 ] ], [ [ 108.4181095, 12.0045132 ], [ 108.4179806, 12.0044481 ] ], [ [ 108.4179806, 12.0044481 ], [ 108.4167629, 12.0041876 ], [ 108.4161704, 12.0040421 ], [ 108.4159034, 12.003967 ], [ 108.4157315, 12.0039002 ], [ 108.4156009, 12.003784 ] ], [ [ 108.4156009, 12.003784 ], [ 108.4152767, 12.0030821 ], [ 108.4152094, 12.0028199 ] ], [ [ 108.4152094, 12.0028199 ], [ 108.4149376, 12.0021665 ] ], [ [ 108.4149376, 12.0021665 ], [ 108.4149369, 12.0019493 ], [ 108.4149867, 12.0017294 ], [ 108.4151026, 12.0014454 ], [ 108.4154728, 12.0008188 ], [ 108.4158083, 12.0004807 ], [ 108.4167642, 11.999846 ], [ 108.4173156, 11.9992645 ], [ 108.4178303, 11.9988438 ] ], [ [ 108.4178303, 11.9988438 ], [ 108.4183413, 11.9985097 ], [ 108.4185535, 11.9983172 ], [ 108.4189119, 11.9979038 ] ], [ [ 108.4189119, 11.9979038 ], [ 108.4191268, 11.9976341 ], [ 108.4192648, 11.997354 ], [ 108.4193623, 11.9970341 ], [ 108.4193899, 11.9968422 ], [ 108.4193671, 11.9958342 ], [ 108.4193766, 11.9957278 ] ], [ [ 108.4193766, 11.9957278 ], [ 108.4195183, 11.9950852 ], [ 108.4195574, 11.994732 ], [ 108.419531, 11.9945003 ] ], [ [ 108.419531, 11.9945003 ], [ 108.4194373, 11.9941769 ] ], [ [ 108.4194373, 11.9941769 ], [ 108.419022, 11.9931551 ], [ 108.4188542, 11.9925774 ] ], [ [ 108.4188542, 11.9925774 ], [ 108.4185676, 11.9915515 ], [ 108.4184277, 11.9913038 ], [ 108.4181976, 11.9910435 ], [ 108.4179409, 11.9908033 ], [ 108.4178861, 11.990707 ], [ 108.4178264, 11.9905033 ], [ 108.4178086, 11.9902345 ] ], [ [ 108.4178086, 11.9902345 ], [ 108.4178147, 11.989978 ], [ 108.4177925, 11.9896869 ], [ 108.4175814, 11.9887827 ], [ 108.4173889, 11.9881473 ], [ 108.4167623, 11.9865132 ], [ 108.4167758, 11.9863421 ], [ 108.4167611, 11.9862642 ], [ 108.4167671, 11.9861455 ] ], [ [ 108.4167671, 11.9861455 ], [ 108.4168401, 11.985461 ], [ 108.4168413, 11.9852169 ], [ 108.4166956, 11.9844814 ], [ 108.4166842, 11.9842709 ], [ 108.4167184, 11.9839284 ], [ 108.4168054, 11.9836792 ], [ 108.4169348, 11.9834728 ], [ 108.4171353, 11.9832664 ], [ 108.4174821, 11.9830238 ], [ 108.4177633, 11.9827775 ] ], [ [ 108.4177633, 11.9827775 ], [ 108.4178805, 11.9824977 ], [ 108.4179172, 11.9822002 ] ], [ [ 108.4179172, 11.9822002 ], [ 108.4178172, 11.9807777 ], [ 108.4178885, 11.9803438 ], [ 108.4180093, 11.9798545 ], [ 108.4180057, 11.9795576 ], [ 108.4179558, 11.9791229 ], [ 108.4179893, 11.9788954 ] ], [ [ 108.4179893, 11.9788954 ], [ 108.4181317, 11.9786719 ], [ 108.4182469, 11.9785848 ], [ 108.4185305, 11.9784597 ], [ 108.4187315, 11.9784106 ], [ 108.4189494, 11.9783088 ], [ 108.4197107, 11.9778875 ], [ 108.4198733, 11.9777039 ] ], [ [ 108.4198733, 11.9777039 ], [ 108.4200214, 11.9773927 ] ], [ [ 108.4200214, 11.9773927 ], [ 108.4201455, 11.977187 ], [ 108.4203977, 11.9768861 ], [ 108.4207156, 11.9765809 ] ], [ [ 108.4207156, 11.9765809 ], [ 108.4217167, 11.9758874 ] ], [ [ 108.4217167, 11.9758874 ], [ 108.4220242, 11.975694 ] ], [ [ 108.4220242, 11.975694 ], [ 108.4223588, 11.9754614 ], [ 108.4224649, 11.9753641 ], [ 108.4225862, 11.975219 ], [ 108.423653, 11.9735998 ], [ 108.4239193, 11.973277 ], [ 108.4241149, 11.9731134 ] ], [ [ 108.4241149, 11.9731134 ], [ 108.4254907, 11.9719258 ], [ 108.4258269, 11.9716794 ], [ 108.4262105, 11.9714964 ] ], [ [ 108.4262105, 11.9714964 ], [ 108.4263137, 11.9714326 ] ], [ [ 108.4263137, 11.9714326 ], [ 108.4266956, 11.9712572 ], [ 108.4269334, 11.9710541 ], [ 108.4271864, 11.9707462 ], [ 108.427661, 11.9700487 ] ], [ [ 108.427661, 11.9700487 ], [ 108.4276062, 11.970001 ], [ 108.4275971, 11.9699692 ], [ 108.4276088, 11.9699192 ] ], [ [ 108.4276088, 11.9699192 ], [ 108.4276454, 11.9698784 ], [ 108.4277042, 11.9698635 ] ], [ [ 108.4277042, 11.9698635 ], [ 108.4277736, 11.9699095 ], [ 108.4277861, 11.9699819 ], [ 108.4277637, 11.9700232 ] ], [ [ 108.4277637, 11.9700232 ], [ 108.4277959, 11.9700414 ] ], [ [ 108.4277959, 11.9700414 ], [ 108.4280351, 11.9701582 ], [ 108.4281559, 11.9701774 ], [ 108.4285849, 11.9701774 ], [ 108.428858, 11.9702003 ], [ 108.4292325, 11.9703301 ], [ 108.4299264, 11.970645 ] ], [ [ 108.4299264, 11.970645 ], [ 108.4302144, 11.9707766 ], [ 108.4306074, 11.9711871 ], [ 108.4308355, 11.9715203 ], [ 108.430979, 11.9718431 ], [ 108.4312887, 11.9727622 ], [ 108.4313974, 11.9731104 ], [ 108.4315041, 11.9735348 ] ], [ [ 108.4315041, 11.9735348 ], [ 108.4315484, 11.9737292 ], [ 108.4316216, 11.9738687 ], [ 108.4317447, 11.9739973 ], [ 108.4322169, 11.9743101 ], [ 108.4323464, 11.9743434 ], [ 108.432426, 11.9743436 ], [ 108.4327855, 11.9742548 ], [ 108.4328805, 11.9742483 ], [ 108.4331421, 11.974257 ], [ 108.4333504, 11.9742848 ] ], [ [ 108.4333504, 11.9742848 ], [ 108.4335497, 11.9743493 ], [ 108.4337408, 11.9744386 ], [ 108.4345248, 11.9748526 ], [ 108.4349953, 11.9750234 ] ], [ [ 108.4349953, 11.9750234 ], [ 108.4352502, 11.9747736 ] ], [ [ 108.4352502, 11.9747736 ], [ 108.4353977, 11.9747104 ], [ 108.4355751, 11.9746908 ], [ 108.4358509, 11.9746914 ], [ 108.4364532, 11.9747249 ], [ 108.4383738, 11.9747634 ], [ 108.4389532, 11.9747293 ], [ 108.4394275, 11.9748138 ] ], [ [ 108.4394275, 11.9748138 ], [ 108.4398067, 11.974862 ], [ 108.4400985, 11.9748552 ], [ 108.4402648, 11.9747936 ], [ 108.4403799, 11.9747291 ], [ 108.4406839, 11.9744827 ] ], [ [ 108.4406839, 11.9744827 ], [ 108.4408401, 11.9747159 ], [ 108.4411003, 11.9749523 ], [ 108.4415417, 11.9752415 ], [ 108.4427753, 11.9758643 ] ], [ [ 108.4427753, 11.9758643 ], [ 108.4429577, 11.9759572 ] ], [ [ 108.4429577, 11.9759572 ], [ 108.4436354, 11.9762965 ], [ 108.4444383, 11.9766158 ], [ 108.4448232, 11.9767285 ] ], [ [ 108.4448232, 11.9767285 ], [ 108.446809, 11.9772585 ] ], [ [ 108.446809, 11.9772585 ], [ 108.4472772, 11.9775099 ], [ 108.4478552, 11.9777535 ], [ 108.4480512, 11.9777941 ], [ 108.448215, 11.9778146 ], [ 108.4488684, 11.9778098 ], [ 108.4492404, 11.9777967 ], [ 108.44945, 11.9777694 ] ], [ [ 108.44945, 11.9777694 ], [ 108.4499229, 11.9781853 ] ] ] } },
{ "type": "Feature", "properties": { "edge_id": "E029", "from_node": "DL07", "to_node": "DL11", "from_name": "Thác Datanla", "to_name": "Thác Prenn", "distance_km": 5.369, "connector_distance_m": 486.0, "base_time_min": 6.83, "average_speed_kph": 47.2, "road_type": "primary", "one_way_share": 0.25, "direction": "directed", "congestion_level": 1, "risk_score": 0, "closed": false, "backbone_edge": true, "data_source": "OpenStreetMap + modeled speeds + connector" }, "geometry": { "type": "MultiLineString", "coordinates": [ [ [ 108.4489764, 11.9012375 ], [ 108.4483478, 11.9050292 ] ], [ [ 108.4483478, 11.9050292 ], [ 108.4487809, 11.9043526 ], [ 108.4489634, 11.9041997 ], [ 108.4491068, 11.9041293 ], [ 108.4493546, 11.9040768 ], [ 108.4495282, 11.9040847 ], [ 108.4496981, 11.9041269 ], [ 108.4501031, 11.9042923 ], [ 108.4502026, 11.9043196 ], [ 108.4505081, 11.9043487 ], [ 108.4510311, 11.9042779 ], [ 108.45115, 11.9042373 ], [ 108.4512557, 11.9041704 ], [ 108.4513423, 11.904081 ], [ 108.4514306, 11.9038996 ], [ 108.4516307, 11.9026209 ], [ 108.4516226, 11.9024981 ], [ 108.4515864, 11.9023803 ], [ 108.4515203, 11.9022691 ], [ 108.4513758, 11.9021386 ], [ 108.4506301, 11.9018697 ], [ 108.4504676, 11.90178 ], [ 108.4502675, 11.9015963 ], [ 108.4501704, 11.9014522 ], [ 108.4501018, 11.9012932 ], [ 108.4499153, 11.9003647 ], [ 108.4499103, 11.9002244 ], [ 108.4499594, 11.9000256 ], [ 108.4500228, 11.8999121 ], [ 108.4503123, 11.8995615 ], [ 108.4504518, 11.8992571 ], [ 108.450473, 11.8991282 ], [ 108.4504732, 11.8989905 ], [ 108.4504209, 11.8986114 ], [ 108.4504456, 11.8983798 ], [ 108.4506127, 11.8977642 ], [ 108.450682, 11.8976036 ], [ 108.4508258, 11.8973886 ], [ 108.4509453, 11.897265 ], [ 108.4513458, 11.8969213 ], [ 108.4515273, 11.8968029 ], [ 108.4517184, 11.8967124 ], [ 108.4519146, 11.8966492 ], [ 108.4537839, 11.8962462 ], [ 108.4539467, 11.8961638 ], [ 108.4540674, 11.8960288 ], [ 108.4541327, 11.8958352 ], [ 108.4541276, 11.8956988 ], [ 108.454054, 11.8951995 ], [ 108.454055, 11.8950048 ], [ 108.4541192, 11.894737 ], [ 108.4542331, 11.8945219 ], [ 108.4544349, 11.8942441 ], [ 108.4545502, 11.8941247 ], [ 108.454982, 11.8937901 ], [ 108.4550813, 11.893734 ], [ 108.4551885, 11.8936998 ], [ 108.4555026, 11.8936546 ], [ 108.4556323, 11.8935766 ], [ 108.4557015, 11.8934889 ], [ 108.4557737, 11.8933559 ], [ 108.4558927, 11.8932055 ], [ 108.456118, 11.893025 ], [ 108.4562994, 11.8929376 ], [ 108.4564944, 11.892885 ], [ 108.456696, 11.8928688 ], [ 108.4569789, 11.8928754 ], [ 108.4571533, 11.8929134 ], [ 108.4577302, 11.8931833 ], [ 108.4578761, 11.893189 ], [ 108.4579822, 11.8931573 ], [ 108.4580746, 11.8930971 ], [ 108.4582517, 11.8929108 ], [ 108.4583886, 11.8927206 ], [ 108.4585601, 11.8924174 ], [ 108.4586869, 11.8922843 ], [ 108.4588412, 11.8922127 ], [ 108.4592907, 11.8921357 ], [ 108.4595533, 11.8920226 ], [ 108.4596973, 11.8919172 ], [ 108.4613255, 11.8905381 ], [ 108.4614599, 11.8903922 ], [ 108.4616141, 11.8901475 ], [ 108.4620845, 11.8889502 ], [ 108.4621459, 11.8887433 ], [ 108.4621784, 11.8885303 ], [ 108.4621815, 11.8883169 ], [ 108.4620584, 11.8874709 ], [ 108.4620639, 11.8873196 ], [ 108.4621033, 11.8871733 ], [ 108.462168, 11.8870488 ], [ 108.4622572, 11.8869397 ], [ 108.4626336, 11.8866332 ], [ 108.4627283, 11.8865197 ], [ 108.4627998, 11.8863864 ], [ 108.4629267, 11.8860709 ], [ 108.4629961, 11.8859799 ], [ 108.463136, 11.8858793 ], [ 108.4632577, 11.8858392 ], [ 108.463386, 11.8858315 ], [ 108.4638324, 11.8858751 ], [ 108.464056, 11.8858163 ], [ 108.4642386, 11.8856852 ], [ 108.4646501, 11.8851405 ], [ 108.4648941, 11.8849213 ], [ 108.4650981, 11.8847963 ], [ 108.4662627, 11.8842471 ], [ 108.4665081, 11.8840942 ], [ 108.4667073, 11.8839187 ], [ 108.4668159, 11.8837625 ], [ 108.4668685, 11.883623 ], [ 108.4669822, 11.8831496 ], [ 108.4670407, 11.8830191 ], [ 108.4671284, 11.8829055 ], [ 108.4673017, 11.8827811 ], [ 108.4677219, 11.8826503 ], [ 108.4678824, 11.8825805 ], [ 108.46854, 11.8821686 ], [ 108.4686677, 11.8820575 ], [ 108.4687855, 11.881923 ], [ 108.4690556, 11.8815118 ], [ 108.4692862, 11.8812865 ] ], [ [ 108.4692862, 11.8812865 ], [ 108.4694666, 11.8811594 ], [ 108.4702898, 11.8807277 ], [ 108.4705459, 11.8805626 ], [ 108.4707086, 11.8803736 ], [ 108.4708183, 11.8801767 ], [ 108.4708631, 11.8799758 ], [ 108.4708285, 11.8796277 ], [ 108.4702709, 11.8781757 ] ], [ [ 108.4702709, 11.8781757 ], [ 108.4701318, 11.877821 ] ], [ [ 108.4701318, 11.877821 ], [ 108.4696427, 11.8767958 ] ], [ [ 108.4696427, 11.8767958 ], [ 108.4701041, 11.8765192 ] ] ] } },
{ "type": "Feature", "properties": { "edge_id": "E030", "from_node": "DL11", "to_node": "DL07", "from_name": "Thác Prenn", "to_name": "Thác Datanla", "distance_km": 6.735, "connector_distance_m": 486.0, "base_time_min": 8.83, "average_speed_kph": 45.8, "road_type": "motorway|motorway_link|primary|residential|trunk_link", "one_way_share": 0.636, "direction": "directed", "congestion_level": 1, "risk_score": 0, "closed": false, "backbone_edge": true, "data_source": "OpenStreetMap + modeled speeds + connector" }, "geometry": { "type": "MultiLineString", "coordinates": [ [ [ 108.4701041, 11.8765192 ], [ 108.46975388352412, 11.876729147718304 ] ], [ [ 108.46975388352412, 11.876729147718304 ], [ 108.4696427, 11.8767958 ] ], [ [ 108.4696427, 11.8767958 ], [ 108.4692094, 11.8758165 ], [ 108.4688927, 11.8752846 ], [ 108.468574, 11.8748447 ], [ 108.4676812, 11.8738449 ] ], [ [ 108.4676812, 11.8738449 ], [ 108.4671864, 11.8734632 ] ], [ [ 108.4671864, 11.8734632 ], [ 108.4667897, 11.8733861 ] ], [ [ 108.4667897, 11.8733861 ], [ 108.4661747, 11.8728916 ], [ 108.4661016, 11.8727902 ], [ 108.4660548, 11.8726947 ], [ 108.4660507, 11.8725933 ], [ 108.4660955, 11.8724938 ], [ 108.4661535, 11.8724333 ], [ 108.4665904, 11.8721176 ], [ 108.4666971, 11.8720701 ], [ 108.4668171, 11.8720482 ], [ 108.4669126, 11.8720741 ], [ 108.4670122, 11.8721397 ], [ 108.4673639, 11.8727444 ], [ 108.4673984, 11.8728479 ] ], [ [ 108.4673984, 11.8728479 ], [ 108.4673816, 11.8730435 ], [ 108.4673937, 11.873203 ] ], [ [ 108.4673937, 11.873203 ], [ 108.467503, 11.8734666 ] ], [ [ 108.467503, 11.8734666 ], [ 108.4683568, 11.8744345 ], [ 108.4688629, 11.8750338 ], [ 108.4691184, 11.8754141 ], [ 108.4693794, 11.8759151 ], [ 108.46975388352412, 11.876729147718304 ] ], [ [ 108.46975388352412, 11.876729147718304 ], [ 108.4700425, 11.8773725 ] ], [ [ 108.4700425, 11.8773725 ], [ 108.4701318, 11.877821 ] ], [ [ 108.4701318, 11.877821 ], [ 108.4702709, 11.8781757 ] ], [ [ 108.4702709, 11.8781757 ], [ 108.4708285, 11.8796277 ], [ 108.4708631, 11.8799758 ], [ 108.4708183, 11.8801767 ], [ 108.4707086, 11.8803736 ], [ 108.4705459, 11.8805626 ], [ 108.4702898, 11.8807277 ], [ 108.4694666, 11.8811594 ], [ 108.4692862, 11.8812865 ] ], [ [ 108.4692862, 11.8812865 ], [ 108.4690556, 11.8815118 ], [ 108.4687855, 11.881923 ], [ 108.4686677, 11.8820575 ], [ 108.46854, 11.8821686 ], [ 108.4678824, 11.8825805 ], [ 108.4677219, 11.8826503 ], [ 108.4673017, 11.8827811 ], [ 108.4671284, 11.8829055 ], [ 108.4670407, 11.8830191 ], [ 108.4669822, 11.8831496 ], [ 108.4668685, 11.883623 ], [ 108.4668159, 11.8837625 ], [ 108.4667073, 11.8839187 ], [ 108.4665081, 11.8840942 ], [ 108.4662627, 11.8842471 ], [ 108.4650981, 11.8847963 ], [ 108.4648941, 11.8849213 ], [ 108.4646501, 11.8851405 ], [ 108.4642386, 11.8856852 ], [ 108.464056, 11.8858163 ], [ 108.4638324, 11.8858751 ], [ 108.463386, 11.8858315 ], [ 108.4632577, 11.8858392 ], [ 108.463136, 11.8858793 ], [ 108.4629961, 11.8859799 ], [ 108.4629267, 11.8860709 ], [ 108.4627998, 11.8863864 ], [ 108.4627283, 11.8865197 ], [ 108.4626336, 11.8866332 ], [ 108.4622572, 11.8869397 ], [ 108.462168, 11.8870488 ], [ 108.4621033, 11.8871733 ], [ 108.4620639, 11.8873196 ], [ 108.4620584, 11.8874709 ], [ 108.4621815, 11.8883169 ], [ 108.4621784, 11.8885303 ], [ 108.4621459, 11.8887433 ], [ 108.4620845, 11.8889502 ], [ 108.4616141, 11.8901475 ], [ 108.4614599, 11.8903922 ], [ 108.4613255, 11.8905381 ], [ 108.4596973, 11.8919172 ], [ 108.4595533, 11.8920226 ], [ 108.4592907, 11.8921357 ], [ 108.4588412, 11.8922127 ], [ 108.4586869, 11.8922843 ], [ 108.4585601, 11.8924174 ], [ 108.4583886, 11.8927206 ], [ 108.4582517, 11.8929108 ], [ 108.4580746, 11.8930971 ], [ 108.4579822, 11.8931573 ], [ 108.4578761, 11.893189 ], [ 108.4577302, 11.8931833 ], [ 108.4571533, 11.8929134 ], [ 108.4569789, 11.8928754 ], [ 108.456696, 11.8928688 ], [ 108.4564944, 11.892885 ], [ 108.4562994, 11.8929376 ], [ 108.456118, 11.893025 ], [ 108.4558927, 11.8932055 ], [ 108.4557737, 11.8933559 ], [ 108.4557015, 11.8934889 ], [ 108.4556323, 11.8935766 ], [ 108.4555026, 11.8936546 ], [ 108.4551885, 11.8936998 ], [ 108.4550813, 11.893734 ], [ 108.454982, 11.8937901 ], [ 108.4545502, 11.8941247 ], [ 108.4544349, 11.8942441 ], [ 108.4542331, 11.8945219 ], [ 108.4541192, 11.894737 ], [ 108.454055, 11.8950048 ], [ 108.454054, 11.8951995 ], [ 108.4541276, 11.8956988 ], [ 108.4541327, 11.8958352 ], [ 108.4540674, 11.8960288 ], [ 108.4539467, 11.8961638 ], [ 108.4537839, 11.8962462 ], [ 108.4519146, 11.8966492 ], [ 108.4517184, 11.8967124 ], [ 108.4515273, 11.8968029 ], [ 108.4513458, 11.8969213 ], [ 108.4509453, 11.897265 ], [ 108.4508258, 11.8973886 ], [ 108.450682, 11.8976036 ], [ 108.4506127, 11.8977642 ], [ 108.4504456, 11.8983798 ], [ 108.4504209, 11.8986114 ], [ 108.4504732, 11.8989905 ], [ 108.450473, 11.8991282 ], [ 108.4504518, 11.8992571 ], [ 108.4503123, 11.8995615 ], [ 108.4500228, 11.8999121 ], [ 108.4499594, 11.9000256 ], [ 108.4499103, 11.9002244 ], [ 108.4499153, 11.9003647 ], [ 108.4501018, 11.9012932 ], [ 108.4501704, 11.9014522 ], [ 108.4502675, 11.9015963 ], [ 108.4504676, 11.90178 ], [ 108.4506301, 11.9018697 ], [ 108.4513758, 11.9021386 ], [ 108.4515203, 11.9022691 ], [ 108.4515864, 11.9023803 ], [ 108.4516226, 11.9024981 ], [ 108.4516307, 11.9026209 ], [ 108.4514306, 11.9038996 ], [ 108.4513423, 11.904081 ], [ 108.4512557, 11.9041704 ], [ 108.45115, 11.9042373 ], [ 108.4510311, 11.9042779 ], [ 108.4505081, 11.9043487 ], [ 108.4502026, 11.9043196 ], [ 108.4501031, 11.9042923 ], [ 108.4496981, 11.9041269 ], [ 108.4495282, 11.9040847 ], [ 108.4493546, 11.9040768 ], [ 108.4491068, 11.9041293 ], [ 108.4489634, 11.9041997 ], [ 108.4487809, 11.9043526 ], [ 108.4483478, 11.9050292 ] ], [ [ 108.4483478, 11.9050292 ], [ 108.4489764, 11.9012375 ] ] ] } },
{ "type": "Feature", "properties": { "edge_id": "E031", "from_node": "DL07", "to_node": "DL16", "from_name": "Thác Datanla", "to_name": "Hồ Tuyền Lâm", "distance_km": 1.947, "connector_distance_m": 504.9, "base_time_min": 4.38, "average_speed_kph": 26.7, "road_type": "primary|secondary|tertiary", "one_way_share": 0.6, "direction": "directed", "congestion_level": 1, "risk_score": 0, "closed": false, "backbone_edge": true, "data_source": "OpenStreetMap + modeled speeds + connector" }, "geometry": { "type": "MultiLineString", "coordinates": [ [ [ 108.4489764, 11.9012375 ], [ 108.4483478, 11.9050292 ] ], [ [ 108.4483478, 11.9050292 ], [ 108.4481277, 11.9053821 ] ], [ [ 108.4481277, 11.9053821 ], [ 108.4480772, 11.9054032 ], [ 108.4479972, 11.905398 ], [ 108.4478959, 11.9053114 ] ], [ [ 108.4478959, 11.9053114 ], [ 108.4478118, 11.9052086 ], [ 108.447646, 11.905115 ], [ 108.4473518, 11.9050281 ], [ 108.4472561, 11.905019 ], [ 108.447116, 11.9050281 ], [ 108.4469782, 11.9050578 ], [ 108.4463775, 11.9053172 ], [ 108.4461184, 11.905397 ], [ 108.445943, 11.9054091 ], [ 108.4457901, 11.9053985 ], [ 108.4455776, 11.9053101 ], [ 108.4454198, 11.9052083 ], [ 108.4448741, 11.9047309 ], [ 108.4446851, 11.9046243 ], [ 108.4444732, 11.9045561 ], [ 108.4439769, 11.9044957 ], [ 108.4437956, 11.9044916 ], [ 108.44266, 11.9043514 ], [ 108.4425084, 11.9042797 ], [ 108.4421531, 11.9040098 ] ], [ [ 108.4421531, 11.9040098 ], [ 108.4416998, 11.9036034 ], [ 108.4414745, 11.903501 ], [ 108.4412518, 11.9034511 ], [ 108.4409177, 11.9034143 ], [ 108.4406778, 11.9033514 ], [ 108.4404261, 11.9032197 ], [ 108.4403213, 11.9031295 ], [ 108.4402155, 11.9029849 ] ], [ [ 108.4402155, 11.9029849 ], [ 108.439973, 11.9023493 ], [ 108.4398491, 11.9021677 ], [ 108.4396843, 11.902036 ], [ 108.4390799, 11.9014358 ], [ 108.4381271, 11.9000219 ], [ 108.4379432, 11.8998559 ] ], [ [ 108.4379432, 11.8998559 ], [ 108.4372983, 11.8995542 ] ] ] } },
{ "type": "Feature", "properties": { "edge_id": "E032", "from_node": "DL16", "to_node": "DL07", "from_name": "Hồ Tuyền Lâm", "to_name": "Thác Datanla", "distance_km": 1.913, "connector_distance_m": 504.9, "base_time_min": 4.32, "average_speed_kph": 26.6, "road_type": "primary_link|secondary|tertiary", "one_way_share": 0.75, "direction": "directed", "congestion_level": 1, "risk_score": 0, "closed": false, "backbone_edge": true, "data_source": "OpenStreetMap + modeled speeds + connector" }, "geometry": { "type": "MultiLineString", "coordinates": [ [ [ 108.4372983, 11.8995542 ], [ 108.4379432, 11.8998559 ] ], [ [ 108.4379432, 11.8998559 ], [ 108.4381271, 11.9000219 ], [ 108.4390799, 11.9014358 ], [ 108.4396843, 11.902036 ], [ 108.4398491, 11.9021677 ], [ 108.439973, 11.9023493 ], [ 108.4402155, 11.9029849 ] ], [ [ 108.4402155, 11.9029849 ], [ 108.440372, 11.9030897 ], [ 108.4407341, 11.9032787 ], [ 108.440974, 11.9033416 ], [ 108.4413081, 11.9033784 ], [ 108.4415308, 11.9034283 ], [ 108.4417561, 11.9035307 ], [ 108.4422114, 11.9039452 ] ], [ [ 108.4422114, 11.9039452 ], [ 108.4425647, 11.904207 ], [ 108.4427162, 11.9042787 ], [ 108.4438519, 11.9044189 ], [ 108.4440332, 11.904423 ], [ 108.4445295, 11.9044834 ], [ 108.4447414, 11.9045516 ], [ 108.4449304, 11.9046582 ], [ 108.4454761, 11.9051356 ], [ 108.4456339, 11.9052374 ], [ 108.4458317, 11.9052982 ], [ 108.4459845, 11.9053088 ], [ 108.4461599, 11.9052967 ], [ 108.446411, 11.9052051 ], [ 108.4469549, 11.9049664 ], [ 108.447109, 11.9049299 ], [ 108.4474335, 11.9049482 ], [ 108.4476811, 11.9050327 ], [ 108.4479278, 11.9051664 ] ], [ [ 108.4479278, 11.9051664 ], [ 108.4480582, 11.9051656 ], [ 108.4481842, 11.9051329 ], [ 108.4483478, 11.9050292 ] ], [ [ 108.4483478, 11.9050292 ], [ 108.4489764, 11.9012375 ] ] ] } },
{ "type": "Feature", "properties": { "edge_id": "E033", "from_node": "DL08", "to_node": "DL09", "from_name": "Devil Mountain Tourist Area", "to_name": "Làng Cu Lần", "distance_km": 14.153, "connector_distance_m": 1701.9, "base_time_min": 23.12, "average_speed_kph": 36.7, "road_type": "primary|secondary", "one_way_share": 0.0, "direction": "directed", "congestion_level": 1, "risk_score": 0, "closed": false, "backbone_edge": true, "data_source": "OpenStreetMap + modeled speeds + connector" }, "geometry": { "type": "MultiLineString", "coordinates": [ [ [ 108.3498182, 12.0020825 ], [ 108.3435418, 11.9963307 ] ], [ [ 108.3435418, 11.9963307 ], [ 108.3436394, 11.9963596 ], [ 108.3442487, 11.9966388 ], [ 108.3444343, 11.9967069 ], [ 108.3446526, 11.9967214 ], [ 108.3448194, 11.9967097 ], [ 108.345301, 11.9963971 ], [ 108.3454587, 11.9963346 ], [ 108.3456035, 11.9963346 ], [ 108.3459422, 11.9964145 ], [ 108.3460361, 11.9964119 ], [ 108.3461702, 11.9963489 ], [ 108.3462426, 11.9962888 ], [ 108.3463281, 11.9960188 ], [ 108.3463153, 11.995798 ], [ 108.3462173, 11.9953437 ], [ 108.3462173, 11.9951395 ], [ 108.3462685, 11.9949936 ], [ 108.3463494, 11.9948978 ], [ 108.3465113, 11.9948478 ], [ 108.3466903, 11.9948603 ], [ 108.3472606, 11.9950784 ], [ 108.3474139, 11.9951576 ], [ 108.347529, 11.995266 ], [ 108.3476866, 11.9954775 ], [ 108.34791, 11.9958301 ], [ 108.348032, 11.9960554 ], [ 108.3481769, 11.9962012 ], [ 108.3484794, 11.9963804 ], [ 108.3488501, 11.9965513 ], [ 108.3492165, 11.996693 ], [ 108.3493571, 11.996718 ], [ 108.349549, 11.9967091 ], [ 108.3497027, 11.9966795 ], [ 108.3499048, 11.9965805 ], [ 108.3502464, 11.9963662 ], [ 108.3506052, 11.9960473 ], [ 108.3507884, 11.9959472 ], [ 108.3509716, 11.9958847 ], [ 108.3513714, 11.9958181 ], [ 108.3515205, 11.9957598 ], [ 108.3516355, 11.9956889 ], [ 108.3517676, 11.9955764 ], [ 108.3518946, 11.9953506 ], [ 108.3520565, 11.9952297 ], [ 108.352923, 11.9948189 ], [ 108.3534215, 11.9945521 ], [ 108.3537836, 11.9944313 ], [ 108.3539157, 11.9943688 ], [ 108.3544224, 11.9940125 ], [ 108.3545885, 11.9938417 ], [ 108.3553568, 11.9928306 ], [ 108.3553858, 11.9927255 ], [ 108.3553134, 11.9919898 ], [ 108.3553347, 11.9918773 ], [ 108.3553943, 11.9917731 ], [ 108.3555447, 11.9915867 ], [ 108.3556086, 11.9914492 ], [ 108.355684, 11.9908584 ], [ 108.3556411, 11.9904621 ], [ 108.3554284, 11.9898415 ], [ 108.3554156, 11.9895831 ], [ 108.3554497, 11.9893748 ], [ 108.3555307, 11.9891414 ], [ 108.355827, 11.9884827 ], [ 108.3558526, 11.9882993 ], [ 108.355827, 11.987595 ], [ 108.3558654, 11.9873805 ], [ 108.3559488, 11.9872468 ], [ 108.3560851, 11.9871592 ], [ 108.35623, 11.9870926 ], [ 108.3564318, 11.9870582 ], [ 108.3570272, 11.9871594 ], [ 108.3577215, 11.9873307 ], [ 108.3580709, 11.9873891 ], [ 108.3582882, 11.9873974 ], [ 108.3591366, 11.9874988 ], [ 108.3594093, 11.9874947 ], [ 108.3598141, 11.9874363 ], [ 108.3600612, 11.9873363 ], [ 108.3603509, 11.9871654 ], [ 108.3606236, 11.9869779 ], [ 108.3607642, 11.9868528 ], [ 108.3608962, 11.9866945 ], [ 108.3614656, 11.9856614 ], [ 108.3616787, 11.985328 ], [ 108.3618491, 11.9851654 ], [ 108.3620749, 11.9850279 ], [ 108.3622155, 11.9849779 ], [ 108.36242, 11.9849529 ], [ 108.3626988, 11.9849652 ], [ 108.3629629, 11.9850402 ], [ 108.3636404, 11.9853403 ], [ 108.3638577, 11.9853986 ], [ 108.3640025, 11.985407 ], [ 108.3641985, 11.985382 ], [ 108.3647183, 11.9852069 ], [ 108.3648546, 11.9851861 ], [ 108.3650934, 11.9852344 ], [ 108.3653022, 11.9854386 ], [ 108.3654598, 11.9856261 ], [ 108.3656711, 11.9857908 ], [ 108.3658372, 11.9858992 ], [ 108.3660703, 11.9859807 ], [ 108.3661754, 11.9859994 ], [ 108.3662855, 11.9859979 ], [ 108.3668031, 11.9858389 ], [ 108.3668795, 11.9858303 ], [ 108.3671139, 11.9858303 ], [ 108.3673354, 11.9858511 ], [ 108.3675612, 11.9859053 ], [ 108.3677657, 11.9859345 ], [ 108.3679489, 11.9859303 ], [ 108.3682301, 11.9858761 ], [ 108.3684389, 11.9858011 ], [ 108.3686404, 11.9857197 ], [ 108.3691432, 11.9854488 ], [ 108.3693647, 11.9853905 ], [ 108.3696161, 11.9853655 ], [ 108.3697439, 11.9853863 ], [ 108.3699271, 11.9854697 ], [ 108.3704043, 11.9858031 ], [ 108.3708559, 11.9860448 ], [ 108.370971, 11.9861281 ], [ 108.3710775, 11.9861615 ], [ 108.3712351, 11.9861823 ], [ 108.3714226, 11.9861615 ], [ 108.3715973, 11.9861031 ], [ 108.3725346, 11.9856697 ], [ 108.3727221, 11.985628 ], [ 108.3732793, 11.9856207 ], [ 108.3735329, 11.9856987 ], [ 108.3736478, 11.9857758 ], [ 108.373914, 11.986053 ] ], [ [ 108.373914, 11.986053 ], [ 108.373578, 11.9858409 ], [ 108.3730835, 11.9857518 ], [ 108.3726355, 11.9859224 ], [ 108.3723513, 11.9861627 ], [ 108.3722235, 11.9863487 ], [ 108.3720964, 11.9866098 ], [ 108.3719784, 11.9867706 ], [ 108.3714457, 11.987355 ], [ 108.370899, 11.9878791 ], [ 108.3701884, 11.9884503 ], [ 108.3697094, 11.9887943 ], [ 108.3694947, 11.9888714 ], [ 108.3692452, 11.988866 ], [ 108.3689475, 11.9888872 ], [ 108.3687624, 11.988958 ], [ 108.368569, 11.9891068 ], [ 108.3682902, 11.989248 ], [ 108.3679283, 11.9893254 ], [ 108.3676861, 11.9893282 ], [ 108.3675367, 11.9892912 ], [ 108.367383, 11.9891028 ], [ 108.3673709, 11.9889182 ], [ 108.3675291, 11.9882771 ], [ 108.3675233, 11.9881808 ], [ 108.367473, 11.9880633 ], [ 108.3674186, 11.9880253 ], [ 108.3673489, 11.9880082 ], [ 108.3672443, 11.9880164 ], [ 108.3670509, 11.9881384 ], [ 108.3668791, 11.9882832 ], [ 108.3666784, 11.9884044 ], [ 108.3663943, 11.988517 ], [ 108.3657557, 11.9886878 ], [ 108.3654445, 11.9888321 ], [ 108.3652917, 11.9889134 ], [ 108.3652179, 11.9890026 ], [ 108.3652062, 11.9890459 ], [ 108.3652013, 11.9890937 ], [ 108.3652595, 11.9891843 ], [ 108.365364, 11.9892099 ], [ 108.3655384, 11.9891391 ], [ 108.365804, 11.9889607 ], [ 108.3661178, 11.9888741 ], [ 108.3664373, 11.9888171 ], [ 108.366563, 11.9888242 ], [ 108.3666495, 11.9888867 ], [ 108.3667052, 11.9889607 ], [ 108.3667105, 11.9890907 ], [ 108.3666354, 11.9895221 ], [ 108.36663, 11.9897137 ], [ 108.3666837, 11.9898658 ], [ 108.3667741, 11.9899436 ], [ 108.3669332, 11.9899682 ], [ 108.3676118, 11.9899734 ], [ 108.3679465, 11.9900336 ], [ 108.368175, 11.9900967 ], [ 108.3684181, 11.9902244 ], [ 108.3687458, 11.9906756 ], [ 108.3690865, 11.9910267 ], [ 108.3693874, 11.991259 ], [ 108.3696534, 11.9913439 ], [ 108.3701894, 11.9914059 ], [ 108.3709216, 11.9915975 ], [ 108.3716527, 11.9915762 ], [ 108.372764, 11.991828 ], [ 108.3732024, 11.9922236 ], [ 108.3733061, 11.9922927 ], [ 108.3735884, 11.9923439 ], [ 108.3739042, 11.9923479 ], [ 108.3740895, 11.9922955 ], [ 108.3742797, 11.992117 ], [ 108.3744601, 11.99191 ], [ 108.3746821, 11.9917654 ], [ 108.3749479, 11.9917034 ], [ 108.3755711, 11.9917457 ], [ 108.3759331, 11.9918143 ], [ 108.3760393, 11.9918782 ], [ 108.3760866, 11.9919857 ], [ 108.3760889, 11.9920789 ], [ 108.3760688, 11.9921825 ], [ 108.3760098, 11.9923006 ], [ 108.3759293, 11.9923675 ], [ 108.3758101, 11.9924144 ], [ 108.3756861, 11.9924358 ], [ 108.3753446, 11.9924134 ], [ 108.3748893, 11.9925042 ], [ 108.3743092, 11.9929854 ], [ 108.3740865, 11.9930737 ], [ 108.3737513, 11.9931717 ], [ 108.3732029, 11.9932522 ], [ 108.3729333, 11.9933684 ], [ 108.3728356, 11.9934827 ], [ 108.3724815, 11.9947027 ], [ 108.3720248, 11.995754 ], [ 108.3718286, 11.9963062 ], [ 108.3712763, 11.9972479 ], [ 108.3710611, 11.9976817 ], [ 108.370986, 11.9978785 ], [ 108.3709703, 11.9980036 ], [ 108.3709887, 11.998133 ], [ 108.3710916, 11.9982581 ], [ 108.3712209, 11.9984866 ], [ 108.3712461, 11.998599 ], [ 108.3711925, 11.9986918 ], [ 108.3711182, 11.9987211 ], [ 108.3709672, 11.9987049 ], [ 108.3707258, 11.9985632 ], [ 108.3705994, 11.9985731 ], [ 108.3704871, 11.9986419 ], [ 108.3702792, 11.9989514 ], [ 108.3700553, 11.9994605 ], [ 108.3696985, 11.9998803 ], [ 108.3696449, 11.9999983 ], [ 108.3696536, 12.0001202 ], [ 108.3697119, 12.0002738 ], [ 108.3700606, 12.0006595 ], [ 108.3700849, 12.0008015 ], [ 108.3700632, 12.0010157 ], [ 108.3698916, 12.0012865 ], [ 108.3698729, 12.0014466 ], [ 108.3698947, 12.0016032 ], [ 108.3701901, 12.0019685 ], [ 108.3703845, 12.0021757 ], [ 108.3706325, 12.0025397 ], [ 108.3713675, 12.0034287 ], [ 108.3715183, 12.0035628 ], [ 108.3716807, 12.0036294 ], [ 108.371815, 12.0036413 ], [ 108.372024, 12.0035585 ], [ 108.3724102, 12.0032805 ], [ 108.3726062, 12.0031982 ], [ 108.3727421, 12.0031939 ], [ 108.3728796, 12.0032595 ], [ 108.3732304, 12.0037773 ], [ 108.3734067, 12.0039439 ], [ 108.3735448, 12.0039862 ], [ 108.3737028, 12.0039859 ], [ 108.3743132, 12.0038648 ], [ 108.3746942, 12.0038853 ], [ 108.3748859, 12.0039337 ], [ 108.3750871, 12.0040622 ], [ 108.375507, 12.0044871 ], [ 108.3760053, 12.0047771 ], [ 108.3761385, 12.0049595 ], [ 108.3762398, 12.0051743 ], [ 108.3762753, 12.0053531 ], [ 108.3762565, 12.0055734 ], [ 108.3761165, 12.0057807 ], [ 108.3757652, 12.0060869 ], [ 108.3756284, 12.0062366 ], [ 108.3755793, 12.0063198 ], [ 108.3755591, 12.0064444 ], [ 108.3755887, 12.0065533 ], [ 108.3757187, 12.0067803 ], [ 108.3757421, 12.0068775 ], [ 108.3757322, 12.0070715 ], [ 108.3756624, 12.0073246 ], [ 108.3756597, 12.0074624 ], [ 108.3756798, 12.0075175 ], [ 108.3757306, 12.0075785 ], [ 108.3759883, 12.0077982 ], [ 108.3760152, 12.0078524 ], [ 108.3760151, 12.0079963 ], [ 108.37598, 12.0080742 ], [ 108.3759186, 12.0081563 ], [ 108.3755819, 12.0084213 ], [ 108.3755296, 12.0084842 ], [ 108.3755028, 12.0085406 ], [ 108.3754921, 12.0086495 ], [ 108.3755256, 12.0089472 ], [ 108.3755873, 12.0091598 ], [ 108.3760044, 12.0097579 ], [ 108.3760403, 12.009831 ], [ 108.3760567, 12.0100373 ], [ 108.375995, 12.0102184 ], [ 108.37594, 12.0102905 ], [ 108.3758743, 12.0103417 ], [ 108.3756973, 12.0104493 ], [ 108.3752789, 12.0106342 ], [ 108.3752061, 12.0106961 ], [ 108.3751421, 12.0107641 ], [ 108.3751059, 12.0108349 ], [ 108.3750871, 12.01097 ], [ 108.3751363, 12.0111854 ], [ 108.3752239, 12.0114199 ], [ 108.3752963, 12.0115564 ], [ 108.3754157, 12.0116665 ], [ 108.3760282, 12.0120905 ], [ 108.3761331, 12.0122135 ], [ 108.376172, 12.0122883 ], [ 108.3761948, 12.0123631 ], [ 108.3761981, 12.0124993 ], [ 108.3761492, 12.0130557 ], [ 108.3760903, 12.0132191 ], [ 108.3760393, 12.0132826 ], [ 108.3759787, 12.0133175 ], [ 108.3758891, 12.0133416 ], [ 108.3757093, 12.0133272 ], [ 108.3753845, 12.0132431 ], [ 108.3750807, 12.0132019 ], [ 108.3749361, 12.013206 ], [ 108.3748288, 12.0132438 ], [ 108.374725, 12.0133055 ], [ 108.3745989, 12.0135528 ], [ 108.3745466, 12.0136118 ], [ 108.3744849, 12.013646 ], [ 108.3744142, 12.0136665 ], [ 108.3741161, 12.0136814 ], [ 108.3739105, 12.0137136 ], [ 108.3737876, 12.0137706 ], [ 108.3737283, 12.0138351 ], [ 108.3736856, 12.0138978 ], [ 108.3735904, 12.0142533 ], [ 108.3734684, 12.0144343 ], [ 108.3734281, 12.0145209 ], [ 108.3734107, 12.0146691 ], [ 108.3734429, 12.0148265 ], [ 108.3736651, 12.0152131 ], [ 108.3736937, 12.0152909 ], [ 108.3737027, 12.0154421 ], [ 108.3736843, 12.0155427 ], [ 108.3735812, 12.0158386 ], [ 108.3732471, 12.0166511 ], [ 108.3729672, 12.0175152 ], [ 108.37294, 12.017749 ], [ 108.3729172, 12.0190463 ], [ 108.3728836, 12.0193218 ], [ 108.3728332, 12.0194748 ], [ 108.3727254, 12.0196169 ], [ 108.3725363, 12.0197861 ], [ 108.3714607, 12.0206046 ], [ 108.3708706, 12.0211096 ], [ 108.3707031, 12.0212855 ], [ 108.3705702, 12.0214651 ], [ 108.3700714, 12.0222495 ], [ 108.3696775, 12.0228237 ], [ 108.3695872, 12.0229984 ], [ 108.3694987, 12.0232293 ], [ 108.3694129, 12.0233539 ], [ 108.3692788, 12.023447 ], [ 108.3691286, 12.0235087 ], [ 108.3682691, 12.0236503 ] ], [ [ 108.3682691, 12.0236503 ], [ 108.3618731, 12.0265442 ] ] ] } },
{ "type": "Feature", "properties": { "edge_id": "E034", "from_node": "DL09", "to_node": "DL08", "from_name": "Làng Cu Lần", "to_name": "Devil Mountain Tourist Area", "distance_km": 14.153, "connector_distance_m": 1701.9, "base_time_min": 23.12, "average_speed_kph": 36.7, "road_type": "primary|secondary", "one_way_share": 0.0, "direction": "directed", "congestion_level": 1, "risk_score": 0, "closed": false, "backbone_edge": true, "data_source": "OpenStreetMap + modeled speeds + connector" }, "geometry": { "type": "MultiLineString", "coordinates": [ [ [ 108.3618731, 12.0265442 ], [ 108.3682691, 12.0236503 ] ], [ [ 108.3682691, 12.0236503 ], [ 108.3691286, 12.0235087 ], [ 108.3692788, 12.023447 ], [ 108.3694129, 12.0233539 ], [ 108.3694987, 12.0232293 ], [ 108.3695872, 12.0229984 ], [ 108.3696775, 12.0228237 ], [ 108.3700714, 12.0222495 ], [ 108.3705702, 12.0214651 ], [ 108.3707031, 12.0212855 ], [ 108.3708706, 12.0211096 ], [ 108.3714607, 12.0206046 ], [ 108.3725363, 12.0197861 ], [ 108.3727254, 12.0196169 ], [ 108.3728332, 12.0194748 ], [ 108.3728836, 12.0193218 ], [ 108.3729172, 12.0190463 ], [ 108.37294, 12.017749 ], [ 108.3729672, 12.0175152 ], [ 108.3732471, 12.0166511 ], [ 108.3735812, 12.0158386 ], [ 108.3736843, 12.0155427 ], [ 108.3737027, 12.0154421 ], [ 108.3736937, 12.0152909 ], [ 108.3736651, 12.0152131 ], [ 108.3734429, 12.0148265 ], [ 108.3734107, 12.0146691 ], [ 108.3734281, 12.0145209 ], [ 108.3734684, 12.0144343 ], [ 108.3735904, 12.0142533 ], [ 108.3736856, 12.0138978 ], [ 108.3737283, 12.0138351 ], [ 108.3737876, 12.0137706 ], [ 108.3739105, 12.0137136 ], [ 108.3741161, 12.0136814 ], [ 108.3744142, 12.0136665 ], [ 108.3744849, 12.013646 ], [ 108.3745466, 12.0136118 ], [ 108.3745989, 12.0135528 ], [ 108.374725, 12.0133055 ], [ 108.3748288, 12.0132438 ], [ 108.3749361, 12.013206 ], [ 108.3750807, 12.0132019 ], [ 108.3753845, 12.0132431 ], [ 108.3757093, 12.0133272 ], [ 108.3758891, 12.0133416 ], [ 108.3759787, 12.0133175 ], [ 108.3760393, 12.0132826 ], [ 108.3760903, 12.0132191 ], [ 108.3761492, 12.0130557 ], [ 108.3761981, 12.0124993 ], [ 108.3761948, 12.0123631 ], [ 108.376172, 12.0122883 ], [ 108.3761331, 12.0122135 ], [ 108.3760282, 12.0120905 ], [ 108.3754157, 12.0116665 ], [ 108.3752963, 12.0115564 ], [ 108.3752239, 12.0114199 ], [ 108.3751363, 12.0111854 ], [ 108.3750871, 12.01097 ], [ 108.3751059, 12.0108349 ], [ 108.3751421, 12.0107641 ], [ 108.3752061, 12.0106961 ], [ 108.3752789, 12.0106342 ], [ 108.3756973, 12.0104493 ], [ 108.3758743, 12.0103417 ], [ 108.37594, 12.0102905 ], [ 108.375995, 12.0102184 ], [ 108.3760567, 12.0100373 ], [ 108.3760403, 12.009831 ], [ 108.3760044, 12.0097579 ], [ 108.3755873, 12.0091598 ], [ 108.3755256, 12.0089472 ], [ 108.3754921, 12.0086495 ], [ 108.3755028, 12.0085406 ], [ 108.3755296, 12.0084842 ], [ 108.3755819, 12.0084213 ], [ 108.3759186, 12.0081563 ], [ 108.37598, 12.0080742 ], [ 108.3760151, 12.0079963 ], [ 108.3760152, 12.0078524 ], [ 108.3759883, 12.0077982 ], [ 108.3757306, 12.0075785 ], [ 108.3756798, 12.0075175 ], [ 108.3756597, 12.0074624 ], [ 108.3756624, 12.0073246 ], [ 108.3757322, 12.0070715 ], [ 108.3757421, 12.0068775 ], [ 108.3757187, 12.0067803 ], [ 108.3755887, 12.0065533 ], [ 108.3755591, 12.0064444 ], [ 108.3755793, 12.0063198 ], [ 108.3756284, 12.0062366 ], [ 108.3757652, 12.0060869 ], [ 108.3761165, 12.0057807 ], [ 108.3762565, 12.0055734 ], [ 108.3762753, 12.0053531 ], [ 108.3762398, 12.0051743 ], [ 108.3761385, 12.0049595 ], [ 108.3760053, 12.0047771 ], [ 108.375507, 12.0044871 ], [ 108.3750871, 12.0040622 ], [ 108.3748859, 12.0039337 ], [ 108.3746942, 12.0038853 ], [ 108.3743132, 12.0038648 ], [ 108.3737028, 12.0039859 ], [ 108.3735448, 12.0039862 ], [ 108.3734067, 12.0039439 ], [ 108.3732304, 12.0037773 ], [ 108.3728796, 12.0032595 ], [ 108.3727421, 12.0031939 ], [ 108.3726062, 12.0031982 ], [ 108.3724102, 12.0032805 ], [ 108.372024, 12.0035585 ], [ 108.371815, 12.0036413 ], [ 108.3716807, 12.0036294 ], [ 108.3715183, 12.0035628 ], [ 108.3713675, 12.0034287 ], [ 108.3706325, 12.0025397 ], [ 108.3703845, 12.0021757 ], [ 108.3701901, 12.0019685 ], [ 108.3698947, 12.0016032 ], [ 108.3698729, 12.0014466 ], [ 108.3698916, 12.0012865 ], [ 108.3700632, 12.0010157 ], [ 108.3700849, 12.0008015 ], [ 108.3700606, 12.0006595 ], [ 108.3697119, 12.0002738 ], [ 108.3696536, 12.0001202 ], [ 108.3696449, 11.9999983 ], [ 108.3696985, 11.9998803 ], [ 108.3700553, 11.9994605 ], [ 108.3702792, 11.9989514 ], [ 108.3704871, 11.9986419 ], [ 108.3705994, 11.9985731 ], [ 108.3707258, 11.9985632 ], [ 108.3709672, 11.9987049 ], [ 108.3711182, 11.9987211 ], [ 108.3711925, 11.9986918 ], [ 108.3712461, 11.998599 ], [ 108.3712209, 11.9984866 ], [ 108.3710916, 11.9982581 ], [ 108.3709887, 11.998133 ], [ 108.3709703, 11.9980036 ], [ 108.370986, 11.9978785 ], [ 108.3710611, 11.9976817 ], [ 108.3712763, 11.9972479 ], [ 108.3718286, 11.9963062 ], [ 108.3720248, 11.995754 ], [ 108.3724815, 11.9947027 ], [ 108.3728356, 11.9934827 ], [ 108.3729333, 11.9933684 ], [ 108.3732029, 11.9932522 ], [ 108.3737513, 11.9931717 ], [ 108.3740865, 11.9930737 ], [ 108.3743092, 11.9929854 ], [ 108.3748893, 11.9925042 ], [ 108.3753446, 11.9924134 ], [ 108.3756861, 11.9924358 ], [ 108.3758101, 11.9924144 ], [ 108.3759293, 11.9923675 ], [ 108.3760098, 11.9923006 ], [ 108.3760688, 11.9921825 ], [ 108.3760889, 11.9920789 ], [ 108.3760866, 11.9919857 ], [ 108.3760393, 11.9918782 ], [ 108.3759331, 11.9918143 ], [ 108.3755711, 11.9917457 ], [ 108.3749479, 11.9917034 ], [ 108.3746821, 11.9917654 ], [ 108.3744601, 11.99191 ], [ 108.3742797, 11.992117 ], [ 108.3740895, 11.9922955 ], [ 108.3739042, 11.9923479 ], [ 108.3735884, 11.9923439 ], [ 108.3733061, 11.9922927 ], [ 108.3732024, 11.9922236 ], [ 108.372764, 11.991828 ], [ 108.3716527, 11.9915762 ], [ 108.3709216, 11.9915975 ], [ 108.3701894, 11.9914059 ], [ 108.3696534, 11.9913439 ], [ 108.3693874, 11.991259 ], [ 108.3690865, 11.9910267 ], [ 108.3687458, 11.9906756 ], [ 108.3684181, 11.9902244 ], [ 108.368175, 11.9900967 ], [ 108.3679465, 11.9900336 ], [ 108.3676118, 11.9899734 ], [ 108.3669332, 11.9899682 ], [ 108.3667741, 11.9899436 ], [ 108.3666837, 11.9898658 ], [ 108.36663, 11.9897137 ], [ 108.3666354, 11.9895221 ], [ 108.3667105, 11.9890907 ], [ 108.3667052, 11.9889607 ], [ 108.3666495, 11.9888867 ], [ 108.366563, 11.9888242 ], [ 108.3664373, 11.9888171 ], [ 108.3661178, 11.9888741 ], [ 108.365804, 11.9889607 ], [ 108.3655384, 11.9891391 ], [ 108.365364, 11.9892099 ], [ 108.3652595, 11.9891843 ], [ 108.3652013, 11.9890937 ], [ 108.3652062, 11.9890459 ], [ 108.3652179, 11.9890026 ], [ 108.3652917, 11.9889134 ], [ 108.3654445, 11.9888321 ], [ 108.3657557, 11.9886878 ], [ 108.3663943, 11.988517 ], [ 108.3666784, 11.9884044 ], [ 108.3668791, 11.9882832 ], [ 108.3670509, 11.9881384 ], [ 108.3672443, 11.9880164 ], [ 108.3673489, 11.9880082 ], [ 108.3674186, 11.9880253 ], [ 108.367473, 11.9880633 ], [ 108.3675233, 11.9881808 ], [ 108.3675291, 11.9882771 ], [ 108.3673709, 11.9889182 ], [ 108.367383, 11.9891028 ], [ 108.3675367, 11.9892912 ], [ 108.3676861, 11.9893282 ], [ 108.3679283, 11.9893254 ], [ 108.3682902, 11.989248 ], [ 108.368569, 11.9891068 ], [ 108.3687624, 11.988958 ], [ 108.3689475, 11.9888872 ], [ 108.3692452, 11.988866 ], [ 108.3694947, 11.9888714 ], [ 108.3697094, 11.9887943 ], [ 108.3701884, 11.9884503 ], [ 108.370899, 11.9878791 ], [ 108.3714457, 11.987355 ], [ 108.3719784, 11.9867706 ], [ 108.3720964, 11.9866098 ], [ 108.3722235, 11.9863487 ], [ 108.3723513, 11.9861627 ], [ 108.3726355, 11.9859224 ], [ 108.3730835, 11.9857518 ], [ 108.373578, 11.9858409 ], [ 108.373914, 11.986053 ] ], [ [ 108.373914, 11.986053 ], [ 108.3736478, 11.9857758 ], [ 108.3735329, 11.9856987 ], [ 108.3732793, 11.9856207 ], [ 108.3727221, 11.985628 ], [ 108.3725346, 11.9856697 ], [ 108.3715973, 11.9861031 ], [ 108.3714226, 11.9861615 ], [ 108.3712351, 11.9861823 ], [ 108.3710775, 11.9861615 ], [ 108.370971, 11.9861281 ], [ 108.3708559, 11.9860448 ], [ 108.3704043, 11.9858031 ], [ 108.3699271, 11.9854697 ], [ 108.3697439, 11.9853863 ], [ 108.3696161, 11.9853655 ], [ 108.3693647, 11.9853905 ], [ 108.3691432, 11.9854488 ], [ 108.3686404, 11.9857197 ], [ 108.3684389, 11.9858011 ], [ 108.3682301, 11.9858761 ], [ 108.3679489, 11.9859303 ], [ 108.3677657, 11.9859345 ], [ 108.3675612, 11.9859053 ], [ 108.3673354, 11.9858511 ], [ 108.3671139, 11.9858303 ], [ 108.3668795, 11.9858303 ], [ 108.3668031, 11.9858389 ], [ 108.3662855, 11.9859979 ], [ 108.3661754, 11.9859994 ], [ 108.3660703, 11.9859807 ], [ 108.3658372, 11.9858992 ], [ 108.3656711, 11.9857908 ], [ 108.3654598, 11.9856261 ], [ 108.3653022, 11.9854386 ], [ 108.3650934, 11.9852344 ], [ 108.3648546, 11.9851861 ], [ 108.3647183, 11.9852069 ], [ 108.3641985, 11.985382 ], [ 108.3640025, 11.985407 ], [ 108.3638577, 11.9853986 ], [ 108.3636404, 11.9853403 ], [ 108.3629629, 11.9850402 ], [ 108.3626988, 11.9849652 ], [ 108.36242, 11.9849529 ], [ 108.3622155, 11.9849779 ], [ 108.3620749, 11.9850279 ], [ 108.3618491, 11.9851654 ], [ 108.3616787, 11.985328 ], [ 108.3614656, 11.9856614 ], [ 108.3608962, 11.9866945 ], [ 108.3607642, 11.9868528 ], [ 108.3606236, 11.9869779 ], [ 108.3603509, 11.9871654 ], [ 108.3600612, 11.9873363 ], [ 108.3598141, 11.9874363 ], [ 108.3594093, 11.9874947 ], [ 108.3591366, 11.9874988 ], [ 108.3582882, 11.9873974 ], [ 108.3580709, 11.9873891 ], [ 108.3577215, 11.9873307 ], [ 108.3570272, 11.9871594 ], [ 108.3564318, 11.9870582 ], [ 108.35623, 11.9870926 ], [ 108.3560851, 11.9871592 ], [ 108.3559488, 11.9872468 ], [ 108.3558654, 11.9873805 ], [ 108.355827, 11.987595 ], [ 108.3558526, 11.9882993 ], [ 108.355827, 11.9884827 ], [ 108.3555307, 11.9891414 ], [ 108.3554497, 11.9893748 ], [ 108.3554156, 11.9895831 ], [ 108.3554284, 11.9898415 ], [ 108.3556411, 11.9904621 ], [ 108.355684, 11.9908584 ], [ 108.3556086, 11.9914492 ], [ 108.3555447, 11.9915867 ], [ 108.3553943, 11.9917731 ], [ 108.3553347, 11.9918773 ], [ 108.3553134, 11.9919898 ], [ 108.3553858, 11.9927255 ], [ 108.3553568, 11.9928306 ], [ 108.3545885, 11.9938417 ], [ 108.3544224, 11.9940125 ], [ 108.3539157, 11.9943688 ], [ 108.3537836, 11.9944313 ], [ 108.3534215, 11.9945521 ], [ 108.352923, 11.9948189 ], [ 108.3520565, 11.9952297 ], [ 108.3518946, 11.9953506 ], [ 108.3517676, 11.9955764 ], [ 108.3516355, 11.9956889 ], [ 108.3515205, 11.9957598 ], [ 108.3513714, 11.9958181 ], [ 108.3509716, 11.9958847 ], [ 108.3507884, 11.9959472 ], [ 108.3506052, 11.9960473 ], [ 108.3502464, 11.9963662 ], [ 108.3499048, 11.9965805 ], [ 108.3497027, 11.9966795 ], [ 108.349549, 11.9967091 ], [ 108.3493571, 11.996718 ], [ 108.3492165, 11.996693 ], [ 108.3488501, 11.9965513 ], [ 108.3484794, 11.9963804 ], [ 108.3481769, 11.9962012 ], [ 108.348032, 11.9960554 ], [ 108.34791, 11.9958301 ], [ 108.3476866, 11.9954775 ], [ 108.347529, 11.995266 ], [ 108.3474139, 11.9951576 ], [ 108.3472606, 11.9950784 ], [ 108.3466903, 11.9948603 ], [ 108.3465113, 11.9948478 ], [ 108.3463494, 11.9948978 ], [ 108.3462685, 11.9949936 ], [ 108.3462173, 11.9951395 ], [ 108.3462173, 11.9953437 ], [ 108.3463153, 11.995798 ], [ 108.3463281, 11.9960188 ], [ 108.3462426, 11.9962888 ], [ 108.3461702, 11.9963489 ], [ 108.3460361, 11.9964119 ], [ 108.3459422, 11.9964145 ], [ 108.3456035, 11.9963346 ], [ 108.3454587, 11.9963346 ], [ 108.345301, 11.9963971 ], [ 108.3448194, 11.9967097 ], [ 108.3446526, 11.9967214 ], [ 108.3444343, 11.9967069 ], [ 108.3442487, 11.9966388 ], [ 108.3436394, 11.9963596 ], [ 108.3435418, 11.9963307 ] ], [ [ 108.3435418, 11.9963307 ], [ 108.3498182, 12.0020825 ] ] ] } },
{ "type": "Feature", "properties": { "edge_id": "E035", "from_node": "DL08", "to_node": "DL20", "from_name": "Devil Mountain Tourist Area", "to_name": "Thác Ankroet", "distance_km": 6.392, "connector_distance_m": 1838.0, "base_time_min": 14.18, "average_speed_kph": 27.0, "road_type": "secondary", "one_way_share": 0.0, "direction": "directed", "congestion_level": 1, "risk_score": 0, "closed": false, "backbone_edge": true, "data_source": "OpenStreetMap + modeled speeds + connector" }, "geometry": { "type": "MultiLineString", "coordinates": [ [ [ 108.3498182, 12.0020825 ], [ 108.3435418, 11.9963307 ] ], [ [ 108.3435418, 11.9963307 ], [ 108.3436394, 11.9963596 ], [ 108.3442487, 11.9966388 ], [ 108.3444343, 11.9967069 ], [ 108.3446526, 11.9967214 ], [ 108.3448194, 11.9967097 ], [ 108.345301, 11.9963971 ], [ 108.3454587, 11.9963346 ], [ 108.3456035, 11.9963346 ], [ 108.3459422, 11.9964145 ], [ 108.3460361, 11.9964119 ], [ 108.3461702, 11.9963489 ], [ 108.3462426, 11.9962888 ], [ 108.3463281, 11.9960188 ], [ 108.3463153, 11.995798 ], [ 108.3462173, 11.9953437 ], [ 108.3462173, 11.9951395 ], [ 108.3462685, 11.9949936 ], [ 108.3463494, 11.9948978 ], [ 108.3465113, 11.9948478 ], [ 108.3466903, 11.9948603 ], [ 108.3472606, 11.9950784 ], [ 108.3474139, 11.9951576 ], [ 108.347529, 11.995266 ], [ 108.3476866, 11.9954775 ], [ 108.34791, 11.9958301 ], [ 108.348032, 11.9960554 ], [ 108.3481769, 11.9962012 ], [ 108.3484794, 11.9963804 ], [ 108.3488501, 11.9965513 ], [ 108.3492165, 11.996693 ], [ 108.3493571, 11.996718 ], [ 108.349549, 11.9967091 ], [ 108.3497027, 11.9966795 ], [ 108.3499048, 11.9965805 ], [ 108.3502464, 11.9963662 ], [ 108.3506052, 11.9960473 ], [ 108.3507884, 11.9959472 ], [ 108.3509716, 11.9958847 ], [ 108.3513714, 11.9958181 ], [ 108.3515205, 11.9957598 ], [ 108.3516355, 11.9956889 ], [ 108.3517676, 11.9955764 ], [ 108.3518946, 11.9953506 ], [ 108.3520565, 11.9952297 ], [ 108.352923, 11.9948189 ], [ 108.3534215, 11.9945521 ], [ 108.3537836, 11.9944313 ], [ 108.3539157, 11.9943688 ], [ 108.3544224, 11.9940125 ], [ 108.3545885, 11.9938417 ], [ 108.3553568, 11.9928306 ], [ 108.3553858, 11.9927255 ], [ 108.3553134, 11.9919898 ], [ 108.3553347, 11.9918773 ], [ 108.3553943, 11.9917731 ], [ 108.3555447, 11.9915867 ], [ 108.3556086, 11.9914492 ], [ 108.355684, 11.9908584 ], [ 108.3556411, 11.9904621 ], [ 108.3554284, 11.9898415 ], [ 108.3554156, 11.9895831 ], [ 108.3554497, 11.9893748 ], [ 108.3555307, 11.9891414 ], [ 108.355827, 11.9884827 ], [ 108.3558526, 11.9882993 ], [ 108.355827, 11.987595 ], [ 108.3558654, 11.9873805 ], [ 108.3559488, 11.9872468 ], [ 108.3560851, 11.9871592 ], [ 108.35623, 11.9870926 ], [ 108.3564318, 11.9870582 ], [ 108.3570272, 11.9871594 ], [ 108.3577215, 11.9873307 ], [ 108.3580709, 11.9873891 ], [ 108.3582882, 11.9873974 ], [ 108.3591366, 11.9874988 ], [ 108.3594093, 11.9874947 ], [ 108.3598141, 11.9874363 ], [ 108.3600612, 11.9873363 ], [ 108.3603509, 11.9871654 ], [ 108.3606236, 11.9869779 ], [ 108.3607642, 11.9868528 ], [ 108.3608962, 11.9866945 ], [ 108.3614656, 11.9856614 ], [ 108.3616787, 11.985328 ], [ 108.3618491, 11.9851654 ], [ 108.3620749, 11.9850279 ], [ 108.3622155, 11.9849779 ], [ 108.36242, 11.9849529 ], [ 108.3626988, 11.9849652 ], [ 108.3629629, 11.9850402 ], [ 108.3636404, 11.9853403 ], [ 108.3638577, 11.9853986 ], [ 108.3640025, 11.985407 ], [ 108.3641985, 11.985382 ], [ 108.3647183, 11.9852069 ], [ 108.3648546, 11.9851861 ], [ 108.3650934, 11.9852344 ], [ 108.3653022, 11.9854386 ], [ 108.3654598, 11.9856261 ], [ 108.3656711, 11.9857908 ], [ 108.3658372, 11.9858992 ], [ 108.3660703, 11.9859807 ], [ 108.3661754, 11.9859994 ], [ 108.3662855, 11.9859979 ], [ 108.3668031, 11.9858389 ], [ 108.3668795, 11.9858303 ], [ 108.3671139, 11.9858303 ], [ 108.3673354, 11.9858511 ], [ 108.3675612, 11.9859053 ], [ 108.3677657, 11.9859345 ], [ 108.3679489, 11.9859303 ], [ 108.3682301, 11.9858761 ], [ 108.3684389, 11.9858011 ], [ 108.3686404, 11.9857197 ], [ 108.3691432, 11.9854488 ], [ 108.3693647, 11.9853905 ], [ 108.3696161, 11.9853655 ], [ 108.3697439, 11.9853863 ], [ 108.3699271, 11.9854697 ], [ 108.3704043, 11.9858031 ], [ 108.3708559, 11.9860448 ], [ 108.370971, 11.9861281 ], [ 108.3710775, 11.9861615 ], [ 108.3712351, 11.9861823 ], [ 108.3714226, 11.9861615 ], [ 108.3715973, 11.9861031 ], [ 108.3725346, 11.9856697 ], [ 108.3727221, 11.985628 ], [ 108.3732793, 11.9856207 ], [ 108.3735329, 11.9856987 ], [ 108.3736478, 11.9857758 ], [ 108.373914, 11.986053 ] ], [ [ 108.373914, 11.986053 ], [ 108.3672292, 11.9908607 ] ] ] } },
{ "type": "Feature", "properties": { "edge_id": "E036", "from_node": "DL20", "to_node": "DL08", "from_name": "Thác Ankroet", "to_name": "Devil Mountain Tourist Area", "distance_km": 6.392, "connector_distance_m": 1838.0, "base_time_min": 14.18, "average_speed_kph": 27.0, "road_type": "secondary", "one_way_share": 0.0, "direction": "directed", "congestion_level": 1, "risk_score": 0, "closed": false, "backbone_edge": true, "data_source": "OpenStreetMap + modeled speeds + connector" }, "geometry": { "type": "MultiLineString", "coordinates": [ [ [ 108.3672292, 11.9908607 ], [ 108.373914, 11.986053 ] ], [ [ 108.373914, 11.986053 ], [ 108.3736478, 11.9857758 ], [ 108.3735329, 11.9856987 ], [ 108.3732793, 11.9856207 ], [ 108.3727221, 11.985628 ], [ 108.3725346, 11.9856697 ], [ 108.3715973, 11.9861031 ], [ 108.3714226, 11.9861615 ], [ 108.3712351, 11.9861823 ], [ 108.3710775, 11.9861615 ], [ 108.370971, 11.9861281 ], [ 108.3708559, 11.9860448 ], [ 108.3704043, 11.9858031 ], [ 108.3699271, 11.9854697 ], [ 108.3697439, 11.9853863 ], [ 108.3696161, 11.9853655 ], [ 108.3693647, 11.9853905 ], [ 108.3691432, 11.9854488 ], [ 108.3686404, 11.9857197 ], [ 108.3684389, 11.9858011 ], [ 108.3682301, 11.9858761 ], [ 108.3679489, 11.9859303 ], [ 108.3677657, 11.9859345 ], [ 108.3675612, 11.9859053 ], [ 108.3673354, 11.9858511 ], [ 108.3671139, 11.9858303 ], [ 108.3668795, 11.9858303 ], [ 108.3668031, 11.9858389 ], [ 108.3662855, 11.9859979 ], [ 108.3661754, 11.9859994 ], [ 108.3660703, 11.9859807 ], [ 108.3658372, 11.9858992 ], [ 108.3656711, 11.9857908 ], [ 108.3654598, 11.9856261 ], [ 108.3653022, 11.9854386 ], [ 108.3650934, 11.9852344 ], [ 108.3648546, 11.9851861 ], [ 108.3647183, 11.9852069 ], [ 108.3641985, 11.985382 ], [ 108.3640025, 11.985407 ], [ 108.3638577, 11.9853986 ], [ 108.3636404, 11.9853403 ], [ 108.3629629, 11.9850402 ], [ 108.3626988, 11.9849652 ], [ 108.36242, 11.9849529 ], [ 108.3622155, 11.9849779 ], [ 108.3620749, 11.9850279 ], [ 108.3618491, 11.9851654 ], [ 108.3616787, 11.985328 ], [ 108.3614656, 11.9856614 ], [ 108.3608962, 11.9866945 ], [ 108.3607642, 11.9868528 ], [ 108.3606236, 11.9869779 ], [ 108.3603509, 11.9871654 ], [ 108.3600612, 11.9873363 ], [ 108.3598141, 11.9874363 ], [ 108.3594093, 11.9874947 ], [ 108.3591366, 11.9874988 ], [ 108.3582882, 11.9873974 ], [ 108.3580709, 11.9873891 ], [ 108.3577215, 11.9873307 ], [ 108.3570272, 11.9871594 ], [ 108.3564318, 11.9870582 ], [ 108.35623, 11.9870926 ], [ 108.3560851, 11.9871592 ], [ 108.3559488, 11.9872468 ], [ 108.3558654, 11.9873805 ], [ 108.355827, 11.987595 ], [ 108.3558526, 11.9882993 ], [ 108.355827, 11.9884827 ], [ 108.3555307, 11.9891414 ], [ 108.3554497, 11.9893748 ], [ 108.3554156, 11.9895831 ], [ 108.3554284, 11.9898415 ], [ 108.3556411, 11.9904621 ], [ 108.355684, 11.9908584 ], [ 108.3556086, 11.9914492 ], [ 108.3555447, 11.9915867 ], [ 108.3553943, 11.9917731 ], [ 108.3553347, 11.9918773 ], [ 108.3553134, 11.9919898 ], [ 108.3553858, 11.9927255 ], [ 108.3553568, 11.9928306 ], [ 108.3545885, 11.9938417 ], [ 108.3544224, 11.9940125 ], [ 108.3539157, 11.9943688 ], [ 108.3537836, 11.9944313 ], [ 108.3534215, 11.9945521 ], [ 108.352923, 11.9948189 ], [ 108.3520565, 11.9952297 ], [ 108.3518946, 11.9953506 ], [ 108.3517676, 11.9955764 ], [ 108.3516355, 11.9956889 ], [ 108.3515205, 11.9957598 ], [ 108.3513714, 11.9958181 ], [ 108.3509716, 11.9958847 ], [ 108.3507884, 11.9959472 ], [ 108.3506052, 11.9960473 ], [ 108.3502464, 11.9963662 ], [ 108.3499048, 11.9965805 ], [ 108.3497027, 11.9966795 ], [ 108.349549, 11.9967091 ], [ 108.3493571, 11.996718 ], [ 108.3492165, 11.996693 ], [ 108.3488501, 11.9965513 ], [ 108.3484794, 11.9963804 ], [ 108.3481769, 11.9962012 ], [ 108.348032, 11.9960554 ], [ 108.34791, 11.9958301 ], [ 108.3476866, 11.9954775 ], [ 108.347529, 11.995266 ], [ 108.3474139, 11.9951576 ], [ 108.3472606, 11.9950784 ], [ 108.3466903, 11.9948603 ], [ 108.3465113, 11.9948478 ], [ 108.3463494, 11.9948978 ], [ 108.3462685, 11.9949936 ], [ 108.3462173, 11.9951395 ], [ 108.3462173, 11.9953437 ], [ 108.3463153, 11.995798 ], [ 108.3463281, 11.9960188 ], [ 108.3462426, 11.9962888 ], [ 108.3461702, 11.9963489 ], [ 108.3460361, 11.9964119 ], [ 108.3459422, 11.9964145 ], [ 108.3456035, 11.9963346 ], [ 108.3454587, 11.9963346 ], [ 108.345301, 11.9963971 ], [ 108.3448194, 11.9967097 ], [ 108.3446526, 11.9967214 ], [ 108.3444343, 11.9967069 ], [ 108.3442487, 11.9966388 ], [ 108.3436394, 11.9963596 ], [ 108.3435418, 11.9963307 ] ], [ [ 108.3435418, 11.9963307 ], [ 108.3498182, 12.0020825 ] ] ] } },
{ "type": "Feature", "properties": { "edge_id": "E037", "from_node": "DL10", "to_node": "DL15", "from_name": "Vườn dâu Công nghệ cao Bình Yên", "to_name": "Nhà thờ Cam Ly", "distance_km": 1.497, "connector_distance_m": 212.6, "base_time_min": 4.7, "average_speed_kph": 19.1, "road_type": "residential", "one_way_share": 0.0, "direction": "directed", "congestion_level": 1, "risk_score": 0, "closed": false, "backbone_edge": false, "data_source": "OpenStreetMap + modeled speeds + connector" }, "geometry": { "type": "MultiLineString", "coordinates": [ [ [ 108.4271423, 11.9487973 ], [ 108.4267553, 11.9493561 ] ], [ [ 108.4267553, 11.9493561 ], [ 108.4266032, 11.9491589 ], [ 108.4264336, 11.9489984 ], [ 108.4263029, 11.948936 ], [ 108.426044, 11.94888 ] ], [ [ 108.426044, 11.94888 ], [ 108.4259635, 11.9488247 ], [ 108.425926, 11.9487484 ], [ 108.4259315, 11.948643 ], [ 108.4261385, 11.9475249 ], [ 108.4261114, 11.9474019 ], [ 108.4260242, 11.9472724 ], [ 108.425923, 11.9471814 ] ], [ [ 108.425923, 11.9471814 ], [ 108.4259483, 11.9469804 ], [ 108.4259568, 11.9467134 ] ], [ [ 108.4259568, 11.9467134 ], [ 108.4258823, 11.9466443 ] ], [ [ 108.4258823, 11.9466443 ], [ 108.4257815, 11.9464464 ], [ 108.4257625, 11.946305 ], [ 108.4257635, 11.9461454 ], [ 108.4257999, 11.9459793 ] ], [ [ 108.4257999, 11.9459793 ], [ 108.4258758, 11.9458418 ], [ 108.4261805, 11.9455112 ], [ 108.426277, 11.945359 ], [ 108.4263179, 11.9452397 ], [ 108.426353, 11.9449582 ], [ 108.4263451, 11.9446505 ] ], [ [ 108.4263451, 11.9446505 ], [ 108.4263012, 11.9440734 ], [ 108.4263186, 11.9439582 ], [ 108.4263493, 11.9439035 ] ], [ [ 108.4263493, 11.9439035 ], [ 108.425663, 11.9434007 ] ], [ [ 108.425663, 11.9434007 ], [ 108.4255905, 11.9433459 ] ], [ [ 108.4255905, 11.9433459 ], [ 108.4255132, 11.9433058 ], [ 108.4253769, 11.9432826 ], [ 108.4251879, 11.9433017 ], [ 108.4229689, 11.9440054 ], [ 108.4228428, 11.9437783 ], [ 108.4227727, 11.9437246 ], [ 108.4226096, 11.9436857 ], [ 108.4225195, 11.9436493 ], [ 108.422413023887373, 11.943581296059184 ] ], [ [ 108.422413023887373, 11.943581296059184 ], [ 108.4220262, 11.9431847 ], [ 108.4223631, 11.9429244 ] ], [ [ 108.4223631, 11.9429244 ], [ 108.422413023887373, 11.943581296059184 ] ], [ [ 108.422413023887373, 11.943581296059184 ], [ 108.4224568, 11.9441573 ] ] ] } },
{ "type": "Feature", "properties": { "edge_id": "E038", "from_node": "DL15", "to_node": "DL10", "from_name": "Nhà thờ Cam Ly", "to_name": "Vườn dâu Công nghệ cao Bình Yên", "distance_km": 1.497, "connector_distance_m": 212.6, "base_time_min": 4.7, "average_speed_kph": 19.1, "road_type": "residential", "one_way_share": 0.0, "direction": "directed", "congestion_level": 1, "risk_score": 0, "closed": false, "backbone_edge": false, "data_source": "OpenStreetMap + modeled speeds + connector" }, "geometry": { "type": "MultiLineString", "coordinates": [ [ [ 108.4224568, 11.9441573 ], [ 108.422413023887373, 11.943581296059184 ] ], [ [ 108.422413023887373, 11.943581296059184 ], [ 108.4223631, 11.9429244 ] ], [ [ 108.4223631, 11.9429244 ], [ 108.4220262, 11.9431847 ], [ 108.422413023887373, 11.943581296059184 ] ], [ [ 108.422413023887373, 11.943581296059184 ], [ 108.4225195, 11.9436493 ], [ 108.4226096, 11.9436857 ], [ 108.4227727, 11.9437246 ], [ 108.4228428, 11.9437783 ], [ 108.4229689, 11.9440054 ], [ 108.4251879, 11.9433017 ], [ 108.4253769, 11.9432826 ], [ 108.4255132, 11.9433058 ], [ 108.4255905, 11.9433459 ] ], [ [ 108.4255905, 11.9433459 ], [ 108.425663, 11.9434007 ] ], [ [ 108.425663, 11.9434007 ], [ 108.4263493, 11.9439035 ] ], [ [ 108.4263493, 11.9439035 ], [ 108.4263186, 11.9439582 ], [ 108.4263012, 11.9440734 ], [ 108.4263451, 11.9446505 ] ], [ [ 108.4263451, 11.9446505 ], [ 108.426353, 11.9449582 ], [ 108.4263179, 11.9452397 ], [ 108.426277, 11.945359 ], [ 108.4261805, 11.9455112 ], [ 108.4258758, 11.9458418 ], [ 108.4257999, 11.9459793 ] ], [ [ 108.4257999, 11.9459793 ], [ 108.4257635, 11.9461454 ], [ 108.4257625, 11.946305 ], [ 108.4257815, 11.9464464 ], [ 108.4258823, 11.9466443 ] ], [ [ 108.4258823, 11.9466443 ], [ 108.4259568, 11.9467134 ] ], [ [ 108.4259568, 11.9467134 ], [ 108.4259483, 11.9469804 ], [ 108.425923, 11.9471814 ] ], [ [ 108.425923, 11.9471814 ], [ 108.4260242, 11.9472724 ], [ 108.4261114, 11.9474019 ], [ 108.4261385, 11.9475249 ], [ 108.4259315, 11.948643 ], [ 108.425926, 11.9487484 ], [ 108.4259635, 11.9488247 ], [ 108.426044, 11.94888 ] ], [ [ 108.426044, 11.94888 ], [ 108.4263029, 11.948936 ], [ 108.4264336, 11.9489984 ], [ 108.4266032, 11.9491589 ], [ 108.4267553, 11.9493561 ] ], [ [ 108.4267553, 11.9493561 ], [ 108.4271423, 11.9487973 ] ] ] } },
{ "type": "Feature", "properties": { "edge_id": "E039", "from_node": "DL10", "to_node": "DL21", "from_name": "Vườn dâu Công nghệ cao Bình Yên", "to_name": "Chợ Đà Lạt", "distance_km": 2.58, "connector_distance_m": 151.9, "base_time_min": 5.82, "average_speed_kph": 26.6, "road_type": "residential|secondary|tertiary", "one_way_share": 0.192, "direction": "directed", "congestion_level": 1, "risk_score": 0, "closed": false, "backbone_edge": false, "data_source": "OpenStreetMap + modeled speeds + connector" }, "geometry": { "type": "MultiLineString", "coordinates": [ [ [ 108.4271423, 11.9487973 ], [ 108.426896519049009, 11.949152189910622 ] ], [ [ 108.426896519049009, 11.949152189910622 ], [ 108.426832538886487, 11.94924457263625 ] ], [ [ 108.426832538886487, 11.94924457263625 ], [ 108.4267553, 11.9493561 ] ], [ [ 108.4267553, 11.9493561 ], [ 108.4267976, 11.9494173 ] ], [ [ 108.4267976, 11.9494173 ], [ 108.426832538886487, 11.94924457263625 ] ], [ [ 108.426832538886487, 11.94924457263625 ], [ 108.4268349, 11.9492329 ], [ 108.426896519049009, 11.949152189910622 ] ], [ [ 108.426896519049009, 11.949152189910622 ], [ 108.4269143, 11.9491289 ], [ 108.4276015, 11.948847 ], [ 108.4277248, 11.9487597 ], [ 108.427806, 11.9486798 ], [ 108.4279405, 11.9484938 ], [ 108.4279993, 11.9484508 ], [ 108.428171, 11.9485274 ], [ 108.4284489, 11.9487008 ], [ 108.4285984, 11.9487556 ], [ 108.4286949, 11.9487582 ], [ 108.4287754, 11.9487241 ], [ 108.4288998, 11.9482642 ], [ 108.4290341, 11.9476432 ], [ 108.4292738, 11.9470688 ], [ 108.4293485, 11.9467365 ] ], [ [ 108.4293485, 11.9467365 ], [ 108.4292591, 11.9466353 ], [ 108.4292087, 11.9465268 ], [ 108.4291984, 11.9464292 ], [ 108.4292139, 11.9463551 ] ], [ [ 108.4292139, 11.9463551 ], [ 108.4292707, 11.9462943 ], [ 108.4293498, 11.9462444 ] ], [ [ 108.4293498, 11.9462444 ], [ 108.4296707, 11.9461492 ] ], [ [ 108.4296707, 11.9461492 ], [ 108.4298285, 11.9460822 ], [ 108.4298759, 11.94604 ], [ 108.4299212, 11.9459416 ], [ 108.42993, 11.9451095 ], [ 108.4299483, 11.9449987 ], [ 108.4299815, 11.9449108 ], [ 108.4300338, 11.944832 ], [ 108.4301354, 11.944745 ] ], [ [ 108.4301354, 11.944745 ], [ 108.4303532, 11.9445836 ] ], [ [ 108.4303532, 11.9445836 ], [ 108.4307148, 11.9441414 ], [ 108.4308484, 11.9439451 ], [ 108.4309378, 11.9436862 ], [ 108.4309276, 11.9433496 ], [ 108.4309378, 11.9431866 ] ], [ [ 108.4309378, 11.9431866 ], [ 108.4310011, 11.9429116 ], [ 108.4311339, 11.9425348 ] ], [ [ 108.4311339, 11.9425348 ], [ 108.4312884, 11.9424017 ] ], [ [ 108.4312884, 11.9424017 ], [ 108.4314559, 11.9421087 ] ], [ [ 108.4314559, 11.9421087 ], [ 108.4315064, 11.9420207 ] ], [ [ 108.4315064, 11.9420207 ], [ 108.4320073, 11.9412491 ] ], [ [ 108.4320073, 11.9412491 ], [ 108.431774, 11.9410476 ], [ 108.4315773, 11.9408501 ] ], [ [ 108.4315773, 11.9408501 ], [ 108.431672, 11.9407806 ] ], [ [ 108.431672, 11.9407806 ], [ 108.4316809, 11.940727 ], [ 108.4318072, 11.9406101 ], [ 108.431877, 11.9406015 ] ], [ [ 108.431877, 11.9406015 ], [ 108.4326873, 11.9398433 ], [ 108.4330849, 11.939515 ], [ 108.4332163, 11.939446 ], [ 108.4333662, 11.9393981 ], [ 108.4335356, 11.9393723 ], [ 108.4338806, 11.9393636 ] ], [ [ 108.4338806, 11.9393636 ], [ 108.4341456, 11.9393342 ], [ 108.4343075, 11.9392936 ], [ 108.4345322, 11.9391934 ] ], [ [ 108.4345322, 11.9391934 ], [ 108.4346446, 11.9391532 ] ], [ [ 108.4346446, 11.9391532 ], [ 108.4349607, 11.9390807 ], [ 108.435245, 11.9390624 ], [ 108.4356058, 11.9390886 ], [ 108.4359638, 11.9391687 ], [ 108.4363085, 11.9392986 ], [ 108.4369603, 11.9396108 ], [ 108.4370689, 11.9396725 ], [ 108.4373175, 11.9399051 ] ], [ [ 108.4373175, 11.9399051 ], [ 108.4374903, 11.9401147 ] ], [ [ 108.4374903, 11.9401147 ], [ 108.4375928, 11.9400699 ], [ 108.4377022, 11.9400945 ] ], [ [ 108.4377022, 11.9400945 ], [ 108.4377447, 11.9401301 ], [ 108.4377863, 11.9402304 ], [ 108.4377588, 11.9403351 ] ], [ [ 108.4377588, 11.9403351 ], [ 108.437677, 11.9404019 ], [ 108.4375707, 11.9404105 ] ], [ [ 108.4375707, 11.9404105 ], [ 108.4373504, 11.9411767 ], [ 108.4370107, 11.942457 ] ], [ [ 108.4370107, 11.942457 ], [ 108.4370723, 11.9424859 ], [ 108.4371216, 11.9425321 ], [ 108.4371538, 11.942591 ], [ 108.4371657, 11.9426567 ], [ 108.4371561, 11.9427228 ], [ 108.437126, 11.9427828 ], [ 108.4370388, 11.9428504 ] ], [ [ 108.4370388, 11.9428504 ], [ 108.43721, 11.94352 ] ] ] } },
{ "type": "Feature", "properties": { "edge_id": "E040", "from_node": "DL21", "to_node": "DL10", "from_name": "Chợ Đà Lạt", "to_name": "Vườn dâu Công nghệ cao Bình Yên", "distance_km": 2.578, "connector_distance_m": 151.9, "base_time_min": 5.87, "average_speed_kph": 26.3, "road_type": "residential|secondary|tertiary", "one_way_share": 0.192, "direction": "directed", "congestion_level": 1, "risk_score": 0, "closed": false, "backbone_edge": false, "data_source": "OpenStreetMap + modeled speeds + connector" }, "geometry": { "type": "MultiLineString", "coordinates": [ [ [ 108.43721, 11.94352 ], [ 108.4370388, 11.9428504 ] ], [ [ 108.4370388, 11.9428504 ], [ 108.4369426, 11.9428725 ], [ 108.4368717, 11.9428587 ], [ 108.4368095, 11.942823 ], [ 108.4367626, 11.9427693 ] ], [ [ 108.4367626, 11.9427693 ], [ 108.4367324, 11.9426455 ], [ 108.436779, 11.9425283 ], [ 108.4368837, 11.9424579 ], [ 108.4370107, 11.942457 ] ], [ [ 108.4370107, 11.942457 ], [ 108.4373504, 11.9411767 ], [ 108.4375707, 11.9404105 ] ], [ [ 108.4375707, 11.9404105 ], [ 108.4374915, 11.9403703 ], [ 108.4374425, 11.9402973 ] ], [ [ 108.4374425, 11.9402973 ], [ 108.4374388, 11.9401991 ], [ 108.4374903, 11.9401147 ] ], [ [ 108.4374903, 11.9401147 ], [ 108.4373175, 11.9399051 ] ], [ [ 108.4373175, 11.9399051 ], [ 108.4370689, 11.9396725 ], [ 108.4369603, 11.9396108 ], [ 108.4363085, 11.9392986 ], [ 108.4359638, 11.9391687 ], [ 108.4356058, 11.9390886 ], [ 108.435245, 11.9390624 ], [ 108.4349607, 11.9390807 ], [ 108.4346446, 11.9391532 ] ], [ [ 108.4346446, 11.9391532 ], [ 108.4345322, 11.9391934 ] ], [ [ 108.4345322, 11.9391934 ], [ 108.4343075, 11.9392936 ], [ 108.4341456, 11.9393342 ], [ 108.4338806, 11.9393636 ] ], [ [ 108.4338806, 11.9393636 ], [ 108.4335356, 11.9393723 ], [ 108.4333662, 11.9393981 ], [ 108.4332163, 11.939446 ], [ 108.4330849, 11.939515 ], [ 108.4326873, 11.9398433 ], [ 108.431877, 11.9406015 ] ], [ [ 108.431877, 11.9406015 ], [ 108.4318654, 11.9406627 ], [ 108.4317392, 11.9407796 ], [ 108.431672, 11.9407806 ] ], [ [ 108.431672, 11.9407806 ], [ 108.4315773, 11.9408501 ] ], [ [ 108.4315773, 11.9408501 ], [ 108.431774, 11.9410476 ], [ 108.4320073, 11.9412491 ] ], [ [ 108.4320073, 11.9412491 ], [ 108.4315064, 11.9420207 ] ], [ [ 108.4315064, 11.9420207 ], [ 108.4314559, 11.9421087 ] ], [ [ 108.4314559, 11.9421087 ], [ 108.4312884, 11.9424017 ] ], [ [ 108.4312884, 11.9424017 ], [ 108.4311339, 11.9425348 ] ], [ [ 108.4311339, 11.9425348 ], [ 108.4310011, 11.9429116 ], [ 108.4309378, 11.9431866 ] ], [ [ 108.4309378, 11.9431866 ], [ 108.4309276, 11.9433496 ], [ 108.4309378, 11.9436862 ], [ 108.4308484, 11.9439451 ], [ 108.4307148, 11.9441414 ], [ 108.4303532, 11.9445836 ] ], [ [ 108.4303532, 11.9445836 ], [ 108.4301354, 11.944745 ] ], [ [ 108.4301354, 11.944745 ], [ 108.4300338, 11.944832 ], [ 108.4299815, 11.9449108 ], [ 108.4299483, 11.9449987 ], [ 108.42993, 11.9451095 ], [ 108.4299212, 11.9459416 ], [ 108.4298759, 11.94604 ], [ 108.4298285, 11.9460822 ], [ 108.4296707, 11.9461492 ] ], [ [ 108.4296707, 11.9461492 ], [ 108.4293498, 11.9462444 ] ], [ [ 108.4293498, 11.9462444 ], [ 108.4292707, 11.9462943 ], [ 108.4292139, 11.9463551 ] ], [ [ 108.4292139, 11.9463551 ], [ 108.4291984, 11.9464292 ], [ 108.4292087, 11.9465268 ], [ 108.4292591, 11.9466353 ], [ 108.4293485, 11.9467365 ] ], [ [ 108.4293485, 11.9467365 ], [ 108.4292738, 11.9470688 ], [ 108.4290341, 11.9476432 ], [ 108.4288998, 11.9482642 ], [ 108.4287754, 11.9487241 ], [ 108.4286949, 11.9487582 ], [ 108.4285984, 11.9487556 ], [ 108.4284489, 11.9487008 ], [ 108.428171, 11.9485274 ], [ 108.4279993, 11.9484508 ], [ 108.4279405, 11.9484938 ], [ 108.427806, 11.9486798 ], [ 108.4277248, 11.9487597 ], [ 108.4276015, 11.948847 ], [ 108.4269143, 11.9491289 ], [ 108.426896519049009, 11.949152189910622 ] ], [ [ 108.426896519049009, 11.949152189910622 ], [ 108.4268349, 11.9492329 ], [ 108.426832538886487, 11.94924457263625 ] ], [ [ 108.426832538886487, 11.94924457263625 ], [ 108.4267976, 11.9494173 ] ], [ [ 108.4267976, 11.9494173 ], [ 108.4267553, 11.9493561 ] ], [ [ 108.4267553, 11.9493561 ], [ 108.426832538886487, 11.94924457263625 ] ], [ [ 108.426832538886487, 11.94924457263625 ], [ 108.426896519049009, 11.949152189910622 ] ], [ [ 108.426896519049009, 11.949152189910622 ], [ 108.4271423, 11.9487973 ] ] ] } },
{ "type": "Feature", "properties": { "edge_id": "E041", "from_node": "DL12", "to_node": "DL16", "from_name": "Đường hầm điêu khắc", "to_name": "Hồ Tuyền Lâm", "distance_km": 10.306, "connector_distance_m": 200.3, "base_time_min": 19.74, "average_speed_kph": 31.3, "road_type": "secondary|tertiary", "one_way_share": 0.0, "direction": "directed", "congestion_level": 1, "risk_score": 0, "closed": false, "backbone_edge": true, "data_source": "OpenStreetMap + modeled speeds + connector" }, "geometry": { "type": "MultiLineString", "coordinates": [ [ [ 108.4112222, 11.8828709 ], [ 108.411713227587782, 11.882510685869532 ] ], [ [ 108.411713227587782, 11.882510685869532 ], [ 108.4121227, 11.8822103 ] ], [ [ 108.4121227, 11.8822103 ], [ 108.4122802, 11.8821527 ], [ 108.4128949, 11.8821519 ], [ 108.413001, 11.8822321 ], [ 108.4130316, 11.8823113 ], [ 108.4130193, 11.8823933 ], [ 108.4128564, 11.8826039 ], [ 108.4126186, 11.8826739 ], [ 108.411713227587782, 11.882510685869532 ] ], [ [ 108.411713227587782, 11.882510685869532 ], [ 108.4115454, 11.8825031 ], [ 108.4106455, 11.8825802 ], [ 108.4103392, 11.8826111 ], [ 108.4100738, 11.8826693 ], [ 108.4098539, 11.8827428 ], [ 108.4092826, 11.8829738 ], [ 108.4088346, 11.8831627 ], [ 108.4087563, 11.8832168 ], [ 108.4085825, 11.8834121 ], [ 108.4083342, 11.8837998 ], [ 108.4081976, 11.8839055 ], [ 108.4079267, 11.8840289 ], [ 108.4077926, 11.8841142 ], [ 108.4077116, 11.8842011 ], [ 108.407684, 11.8842677 ], [ 108.4076719, 11.8843635 ], [ 108.4076893, 11.8844856 ], [ 108.4077577, 11.8845473 ], [ 108.408032, 11.8846687 ], [ 108.4081918, 11.8847732 ], [ 108.4082741, 11.8848636 ], [ 108.4083113, 11.8849315 ], [ 108.4083371, 11.8850368 ], [ 108.408332, 11.8852276 ], [ 108.4083022, 11.885315 ], [ 108.4081426, 11.8855276 ], [ 108.4078448, 11.8858104 ], [ 108.4077899, 11.8858872 ], [ 108.4077604, 11.8860145 ], [ 108.4077752, 11.8860801 ], [ 108.4078114, 11.8861365 ], [ 108.4078851, 11.8861995 ], [ 108.4080358, 11.8862652 ], [ 108.4082539, 11.886315 ], [ 108.4084529, 11.8863369 ], [ 108.4085469, 11.8863279 ], [ 108.4089097, 11.8861798 ], [ 108.4091109, 11.8861536 ], [ 108.4091994, 11.8861772 ], [ 108.4093711, 11.8862687 ], [ 108.4094746, 11.8863977 ], [ 108.4095038, 11.8864974 ], [ 108.4095106, 11.8865801 ], [ 108.409481, 11.8867258 ], [ 108.409072, 11.8874856 ], [ 108.4089347, 11.8876627 ], [ 108.4085275, 11.8879646 ], [ 108.4084725, 11.8880197 ], [ 108.408431, 11.8880946 ], [ 108.4084082, 11.8881825 ], [ 108.4084068, 11.8884043 ], [ 108.4085342, 11.888903 ], [ 108.408517, 11.8891657 ], [ 108.4084685, 11.8894646 ], [ 108.4084819, 11.889525 ], [ 108.4085173, 11.8895854 ], [ 108.4086294, 11.8896602 ], [ 108.4087013, 11.8896639 ], [ 108.4090532, 11.8894883 ], [ 108.4091337, 11.8894646 ], [ 108.409241, 11.8894581 ], [ 108.4093563, 11.8895001 ], [ 108.4094958, 11.8895841 ], [ 108.4096269, 11.8896899 ], [ 108.4097503, 11.889758 ], [ 108.409882, 11.8898085 ], [ 108.410169, 11.8898557 ], [ 108.4105164, 11.8898636 ], [ 108.4106706, 11.8898885 ], [ 108.4107833, 11.8899568 ], [ 108.4108427, 11.8900224 ], [ 108.410861, 11.8900696 ], [ 108.4108718, 11.8901365 ], [ 108.4108356, 11.8902888 ], [ 108.4102951, 11.8910171 ], [ 108.4101275, 11.8911602 ], [ 108.4099236, 11.8912546 ], [ 108.4094971, 11.8912704 ], [ 108.4093979, 11.8913032 ], [ 108.4093192, 11.8913524 ], [ 108.4092142, 11.8914462 ], [ 108.4091678, 11.8915256 ], [ 108.4091525, 11.8916011 ], [ 108.4091578, 11.8916877 ], [ 108.4091887, 11.8917743 ], [ 108.4092464, 11.8918691 ], [ 108.4093831, 11.8919987 ], [ 108.4094931, 11.8920788 ], [ 108.4098183, 11.8922515 ], [ 108.4098733, 11.892307 ], [ 108.4099545, 11.8925801 ], [ 108.4100765, 11.8931116 ], [ 108.4101476, 11.8932192 ], [ 108.4102508, 11.8932507 ], [ 108.4103031, 11.8932428 ], [ 108.4103568, 11.8932179 ], [ 108.4106331, 11.8930013 ], [ 108.4107631, 11.8929856 ], [ 108.4108284, 11.8930219 ], [ 108.4109132, 11.8931352 ], [ 108.4110421, 11.8934672 ], [ 108.4111172, 11.8935919 ], [ 108.4112205, 11.8937061 ], [ 108.4116603, 11.8940446 ], [ 108.4118012, 11.894126 ], [ 108.4118924, 11.8941549 ], [ 108.4120549, 11.8941427 ], [ 108.4124932, 11.8939082 ], [ 108.4125495, 11.8939117 ], [ 108.4125924, 11.8939659 ], [ 108.4125978, 11.8942047 ], [ 108.4125602, 11.8945634 ], [ 108.4125307, 11.8946824 ], [ 108.4124528, 11.8948171 ], [ 108.4123644, 11.8949344 ], [ 108.4118628, 11.8952966 ], [ 108.4114218, 11.8956449 ], [ 108.411136, 11.8959554 ], [ 108.4109883, 11.8961422 ], [ 108.41065, 11.8964624 ], [ 108.4106222, 11.8965438 ], [ 108.4106311, 11.8966614 ], [ 108.4107882, 11.896916 ], [ 108.4109071, 11.8970037 ], [ 108.4110203, 11.8970529 ], [ 108.4111156, 11.8970478 ], [ 108.4113474, 11.8969771 ], [ 108.4115116, 11.896958 ], [ 108.4116459, 11.8969584 ], [ 108.4117864, 11.8969927 ], [ 108.4118823, 11.8970732 ], [ 108.4120834, 11.8975012 ], [ 108.4121431, 11.8975704 ], [ 108.412236, 11.8976234 ], [ 108.4126449, 11.8976961 ], [ 108.4128796, 11.8979866 ], [ 108.4130163, 11.898128 ], [ 108.413155, 11.8982025 ], [ 108.4135462, 11.8983516 ], [ 108.4136201, 11.8984176 ], [ 108.4136751, 11.8985021 ], [ 108.4139292, 11.899044 ], [ 108.4140508, 11.8991456 ], [ 108.4142341, 11.8992184 ] ], [ [ 108.4142341, 11.8992184 ], [ 108.4144514, 11.8993936 ] ], [ [ 108.4144514, 11.8993936 ], [ 108.4144583, 11.8998428 ], [ 108.4144902, 11.8999361 ], [ 108.4146182, 11.9000386 ], [ 108.4149926, 11.9001937 ], [ 108.4150828, 11.9002452 ], [ 108.4152624, 11.9004171 ], [ 108.4153646, 11.9006829 ], [ 108.4154712, 11.9011485 ], [ 108.4156446, 11.9016926 ], [ 108.4157639, 11.9018775 ], [ 108.415925, 11.9020632 ], [ 108.4161303, 11.9022714 ], [ 108.4163672, 11.902461 ], [ 108.4164144, 11.9025259 ], [ 108.4164208, 11.9026106 ], [ 108.4163835, 11.9027052 ], [ 108.4161755, 11.9029404 ], [ 108.4161075, 11.9030552 ], [ 108.4160951, 11.9031606 ], [ 108.4161086, 11.9032529 ], [ 108.4163165, 11.9035303 ], [ 108.4165449, 11.9037658 ], [ 108.4166203, 11.903905 ], [ 108.416622, 11.9039817 ], [ 108.41659, 11.9041379 ], [ 108.4164865, 11.9044721 ], [ 108.4164917, 11.9045515 ], [ 108.4165356, 11.9046268 ], [ 108.4167784, 11.9048209 ], [ 108.4170374, 11.9050894 ], [ 108.4170973, 11.9051093 ], [ 108.4171765, 11.9051099 ], [ 108.4174694, 11.905026 ], [ 108.4176876, 11.9050455 ], [ 108.4177686, 11.9050915 ], [ 108.4178782, 11.90523 ], [ 108.4180806, 11.9056012 ], [ 108.418135, 11.905636 ], [ 108.4183051, 11.9056398 ], [ 108.4186894, 11.9055183 ], [ 108.4187576, 11.9054587 ], [ 108.4188375, 11.9053371 ], [ 108.4189372, 11.9051078 ], [ 108.419106, 11.9047835 ], [ 108.419272, 11.9045196 ], [ 108.4193483, 11.9044484 ], [ 108.419431, 11.9044124 ], [ 108.4194879, 11.9044093 ], [ 108.4195775, 11.9044231 ], [ 108.4197044, 11.904487 ], [ 108.4199654, 11.9047048 ], [ 108.4201467, 11.9048293 ], [ 108.4202182, 11.904858 ], [ 108.4205255, 11.904928 ], [ 108.4211642, 11.9050355 ], [ 108.4213951, 11.9051293 ], [ 108.4214998, 11.9052107 ], [ 108.4217633, 11.9056444 ], [ 108.4217991, 11.90576 ], [ 108.421855, 11.9061135 ], [ 108.4218096, 11.9065994 ], [ 108.421788, 11.9066746 ], [ 108.4217026, 11.9068451 ], [ 108.4215264, 11.9070259 ], [ 108.4212954, 11.9071939 ], [ 108.4211266, 11.907276 ], [ 108.4210375, 11.9073098 ], [ 108.420822, 11.9073093 ], [ 108.4206572, 11.9072877 ], [ 108.4204613, 11.907208 ], [ 108.4199337, 11.9068301 ], [ 108.4195651, 11.9066038 ], [ 108.4194823, 11.9065721 ], [ 108.4194111, 11.9065736 ], [ 108.4192645, 11.9066833 ], [ 108.4191922, 11.9068031 ], [ 108.419175, 11.9068965 ], [ 108.4191942, 11.9069705 ], [ 108.4196129, 11.9073925 ], [ 108.420161, 11.9080271 ], [ 108.4203426, 11.9083227 ], [ 108.4203694, 11.9084103 ], [ 108.4203761, 11.9085121 ], [ 108.4203435, 11.9087352 ], [ 108.4202704, 11.9090507 ], [ 108.4202639, 11.9091494 ], [ 108.4202955, 11.9092618 ], [ 108.420357, 11.909307 ], [ 108.4207254, 11.9094435 ], [ 108.4209577, 11.9096929 ], [ 108.421161, 11.910012 ], [ 108.4212658, 11.9101009 ], [ 108.4213978, 11.910138 ], [ 108.4216231, 11.9101475 ], [ 108.421771, 11.9102401 ], [ 108.4220453, 11.9104484 ], [ 108.4222785, 11.9105252 ], [ 108.4225542, 11.9105263 ], [ 108.4227502, 11.9104735 ], [ 108.4228311, 11.9104274 ], [ 108.4228922, 11.9103208 ], [ 108.4228894, 11.9101796 ], [ 108.4227665, 11.9098787 ], [ 108.4227171, 11.9094399 ], [ 108.4226671, 11.9093437 ], [ 108.4225813, 11.9092504 ], [ 108.4222184, 11.9090222 ], [ 108.4221192, 11.9089208 ], [ 108.4221052, 11.9088268 ], [ 108.4221347, 11.9087337 ], [ 108.4222059, 11.9086318 ], [ 108.4222612, 11.9085927 ], [ 108.4227984, 11.9085497 ], [ 108.4229611, 11.9085656 ], [ 108.4231066, 11.9086245 ], [ 108.4233849, 11.9089122 ], [ 108.4235725, 11.9090639 ], [ 108.4237598, 11.9091701 ], [ 108.4241085, 11.9092926 ], [ 108.4241786, 11.9092932 ], [ 108.424449, 11.9092239 ], [ 108.424663, 11.9092163 ], [ 108.424874, 11.9092407 ], [ 108.4250283, 11.9092918 ], [ 108.4251349, 11.9093838 ], [ 108.4251971, 11.9094658 ], [ 108.4252908, 11.9097268 ], [ 108.4254104, 11.9099534 ], [ 108.4255906, 11.9101638 ], [ 108.4257627, 11.9103222 ], [ 108.4260811, 11.9105534 ], [ 108.4262542, 11.910712 ], [ 108.4264254, 11.9109064 ] ], [ [ 108.4264254, 11.9109064 ], [ 108.4264871, 11.9109183 ], [ 108.4265688, 11.9109807 ], [ 108.4271109, 11.911728 ], [ 108.4272555, 11.9118968 ], [ 108.4274471, 11.9120313 ], [ 108.4281003, 11.9122047 ], [ 108.4282476, 11.9122934 ], [ 108.4283603, 11.9124304 ], [ 108.428569, 11.9127541 ], [ 108.4288768, 11.9130813 ], [ 108.429016, 11.9132608 ], [ 108.4290727, 11.9133934 ], [ 108.4290954, 11.9135641 ], [ 108.4290789, 11.9137339 ], [ 108.4291164, 11.9140009 ], [ 108.4292568, 11.9142118 ], [ 108.4294663, 11.9143711 ], [ 108.4297102, 11.9144441 ], [ 108.4301687, 11.9144197 ], [ 108.4304428, 11.9144214 ] ], [ [ 108.4304428, 11.9144214 ], [ 108.4309805, 11.9145378 ], [ 108.4312761, 11.9145842 ], [ 108.4314249, 11.9145627 ], [ 108.4322749, 11.9141441 ], [ 108.432597, 11.9139478 ], [ 108.4331788, 11.9133132 ], [ 108.4333436, 11.9131655 ] ], [ [ 108.4333436, 11.9131655 ], [ 108.4336024, 11.9129538 ], [ 108.4338232, 11.9127241 ] ], [ [ 108.4338232, 11.9127241 ], [ 108.4339195, 11.9125032 ], [ 108.4339463, 11.9123686 ], [ 108.4339405, 11.9121334 ], [ 108.4338742, 11.9119305 ], [ 108.4337352, 11.911687 ], [ 108.4336624, 11.911474 ], [ 108.433642, 11.9112532 ], [ 108.4336699, 11.9109527 ], [ 108.433797, 11.9102588 ], [ 108.4342636, 11.9085235 ], [ 108.4344359, 11.9078173 ], [ 108.43452, 11.9073852 ] ], [ [ 108.43452, 11.9073852 ], [ 108.4345568, 11.907206 ], [ 108.4346214, 11.9070739 ], [ 108.4347765, 11.9068994 ] ], [ [ 108.4347765, 11.9068994 ], [ 108.4348864, 11.9068294 ], [ 108.4360483, 11.9063328 ], [ 108.4362642, 11.9062138 ], [ 108.4365523, 11.9059946 ], [ 108.4367148, 11.905829 ], [ 108.4388271, 11.9032464 ], [ 108.439069, 11.9030152 ], [ 108.4393653, 11.9028399 ], [ 108.4395612, 11.9027691 ], [ 108.4396979, 11.9027596 ], [ 108.4397867, 11.9027785 ], [ 108.4400383, 11.902888 ] ], [ [ 108.4400383, 11.902888 ], [ 108.4402155, 11.9029849 ] ], [ [ 108.4402155, 11.9029849 ], [ 108.439973, 11.9023493 ], [ 108.4398491, 11.9021677 ], [ 108.4396843, 11.902036 ], [ 108.4390799, 11.9014358 ], [ 108.4381271, 11.9000219 ], [ 108.4379432, 11.8998559 ] ], [ [ 108.4379432, 11.8998559 ], [ 108.4372983, 11.8995542 ] ] ] } },
{ "type": "Feature", "properties": { "edge_id": "E042", "from_node": "DL16", "to_node": "DL12", "from_name": "Hồ Tuyền Lâm", "to_name": "Đường hầm điêu khắc", "distance_km": 10.306, "connector_distance_m": 200.3, "base_time_min": 19.74, "average_speed_kph": 31.3, "road_type": "secondary|tertiary", "one_way_share": 0.0, "direction": "directed", "congestion_level": 1, "risk_score": 0, "closed": false, "backbone_edge": true, "data_source": "OpenStreetMap + modeled speeds + connector" }, "geometry": { "type": "MultiLineString", "coordinates": [ [ [ 108.4372983, 11.8995542 ], [ 108.4379432, 11.8998559 ] ], [ [ 108.4379432, 11.8998559 ], [ 108.4381271, 11.9000219 ], [ 108.4390799, 11.9014358 ], [ 108.4396843, 11.902036 ], [ 108.4398491, 11.9021677 ], [ 108.439973, 11.9023493 ], [ 108.4402155, 11.9029849 ] ], [ [ 108.4402155, 11.9029849 ], [ 108.4400383, 11.902888 ] ], [ [ 108.4400383, 11.902888 ], [ 108.4397867, 11.9027785 ], [ 108.4396979, 11.9027596 ], [ 108.4395612, 11.9027691 ], [ 108.4393653, 11.9028399 ], [ 108.439069, 11.9030152 ], [ 108.4388271, 11.9032464 ], [ 108.4367148, 11.905829 ], [ 108.4365523, 11.9059946 ], [ 108.4362642, 11.9062138 ], [ 108.4360483, 11.9063328 ], [ 108.4348864, 11.9068294 ], [ 108.4347765, 11.9068994 ] ], [ [ 108.4347765, 11.9068994 ], [ 108.4346214, 11.9070739 ], [ 108.4345568, 11.907206 ], [ 108.43452, 11.9073852 ] ], [ [ 108.43452, 11.9073852 ], [ 108.4344359, 11.9078173 ], [ 108.4342636, 11.9085235 ], [ 108.433797, 11.9102588 ], [ 108.4336699, 11.9109527 ], [ 108.433642, 11.9112532 ], [ 108.4336624, 11.911474 ], [ 108.4337352, 11.911687 ], [ 108.4338742, 11.9119305 ], [ 108.4339405, 11.9121334 ], [ 108.4339463, 11.9123686 ], [ 108.4339195, 11.9125032 ], [ 108.4338232, 11.9127241 ] ], [ [ 108.4338232, 11.9127241 ], [ 108.4336024, 11.9129538 ], [ 108.4333436, 11.9131655 ] ], [ [ 108.4333436, 11.9131655 ], [ 108.4331788, 11.9133132 ], [ 108.432597, 11.9139478 ], [ 108.4322749, 11.9141441 ], [ 108.4314249, 11.9145627 ], [ 108.4312761, 11.9145842 ], [ 108.4309805, 11.9145378 ], [ 108.4304428, 11.9144214 ] ], [ [ 108.4304428, 11.9144214 ], [ 108.4301687, 11.9144197 ], [ 108.4297102, 11.9144441 ], [ 108.4294663, 11.9143711 ], [ 108.4292568, 11.9142118 ], [ 108.4291164, 11.9140009 ], [ 108.4290789, 11.9137339 ], [ 108.4290954, 11.9135641 ], [ 108.4290727, 11.9133934 ], [ 108.429016, 11.9132608 ], [ 108.4288768, 11.9130813 ], [ 108.428569, 11.9127541 ], [ 108.4283603, 11.9124304 ], [ 108.4282476, 11.9122934 ], [ 108.4281003, 11.9122047 ], [ 108.4274471, 11.9120313 ], [ 108.4272555, 11.9118968 ], [ 108.4271109, 11.911728 ], [ 108.4265688, 11.9109807 ], [ 108.4264871, 11.9109183 ], [ 108.4264254, 11.9109064 ] ], [ [ 108.4264254, 11.9109064 ], [ 108.4262542, 11.910712 ], [ 108.4260811, 11.9105534 ], [ 108.4257627, 11.9103222 ], [ 108.4255906, 11.9101638 ], [ 108.4254104, 11.9099534 ], [ 108.4252908, 11.9097268 ], [ 108.4251971, 11.9094658 ], [ 108.4251349, 11.9093838 ], [ 108.4250283, 11.9092918 ], [ 108.424874, 11.9092407 ], [ 108.424663, 11.9092163 ], [ 108.424449, 11.9092239 ], [ 108.4241786, 11.9092932 ], [ 108.4241085, 11.9092926 ], [ 108.4237598, 11.9091701 ], [ 108.4235725, 11.9090639 ], [ 108.4233849, 11.9089122 ], [ 108.4231066, 11.9086245 ], [ 108.4229611, 11.9085656 ], [ 108.4227984, 11.9085497 ], [ 108.4222612, 11.9085927 ], [ 108.4222059, 11.9086318 ], [ 108.4221347, 11.9087337 ], [ 108.4221052, 11.9088268 ], [ 108.4221192, 11.9089208 ], [ 108.4222184, 11.9090222 ], [ 108.4225813, 11.9092504 ], [ 108.4226671, 11.9093437 ], [ 108.4227171, 11.9094399 ], [ 108.4227665, 11.9098787 ], [ 108.4228894, 11.9101796 ], [ 108.4228922, 11.9103208 ], [ 108.4228311, 11.9104274 ], [ 108.4227502, 11.9104735 ], [ 108.4225542, 11.9105263 ], [ 108.4222785, 11.9105252 ], [ 108.4220453, 11.9104484 ], [ 108.421771, 11.9102401 ], [ 108.4216231, 11.9101475 ], [ 108.4213978, 11.910138 ], [ 108.4212658, 11.9101009 ], [ 108.421161, 11.910012 ], [ 108.4209577, 11.9096929 ], [ 108.4207254, 11.9094435 ], [ 108.420357, 11.909307 ], [ 108.4202955, 11.9092618 ], [ 108.4202639, 11.9091494 ], [ 108.4202704, 11.9090507 ], [ 108.4203435, 11.9087352 ], [ 108.4203761, 11.9085121 ], [ 108.4203694, 11.9084103 ], [ 108.4203426, 11.9083227 ], [ 108.420161, 11.9080271 ], [ 108.4196129, 11.9073925 ], [ 108.4191942, 11.9069705 ], [ 108.419175, 11.9068965 ], [ 108.4191922, 11.9068031 ], [ 108.4192645, 11.9066833 ], [ 108.4194111, 11.9065736 ], [ 108.4194823, 11.9065721 ], [ 108.4195651, 11.9066038 ], [ 108.4199337, 11.9068301 ], [ 108.4204613, 11.907208 ], [ 108.4206572, 11.9072877 ], [ 108.420822, 11.9073093 ], [ 108.4210375, 11.9073098 ], [ 108.4211266, 11.907276 ], [ 108.4212954, 11.9071939 ], [ 108.4215264, 11.9070259 ], [ 108.4217026, 11.9068451 ], [ 108.421788, 11.9066746 ], [ 108.4218096, 11.9065994 ], [ 108.421855, 11.9061135 ], [ 108.4217991, 11.90576 ], [ 108.4217633, 11.9056444 ], [ 108.4214998, 11.9052107 ], [ 108.4213951, 11.9051293 ], [ 108.4211642, 11.9050355 ], [ 108.4205255, 11.904928 ], [ 108.4202182, 11.904858 ], [ 108.4201467, 11.9048293 ], [ 108.4199654, 11.9047048 ], [ 108.4197044, 11.904487 ], [ 108.4195775, 11.9044231 ], [ 108.4194879, 11.9044093 ], [ 108.419431, 11.9044124 ], [ 108.4193483, 11.9044484 ], [ 108.419272, 11.9045196 ], [ 108.419106, 11.9047835 ], [ 108.4189372, 11.9051078 ], [ 108.4188375, 11.9053371 ], [ 108.4187576, 11.9054587 ], [ 108.4186894, 11.9055183 ], [ 108.4183051, 11.9056398 ], [ 108.418135, 11.905636 ], [ 108.4180806, 11.9056012 ], [ 108.4178782, 11.90523 ], [ 108.4177686, 11.9050915 ], [ 108.4176876, 11.9050455 ], [ 108.4174694, 11.905026 ], [ 108.4171765, 11.9051099 ], [ 108.4170973, 11.9051093 ], [ 108.4170374, 11.9050894 ], [ 108.4167784, 11.9048209 ], [ 108.4165356, 11.9046268 ], [ 108.4164917, 11.9045515 ], [ 108.4164865, 11.9044721 ], [ 108.41659, 11.9041379 ], [ 108.416622, 11.9039817 ], [ 108.4166203, 11.903905 ], [ 108.4165449, 11.9037658 ], [ 108.4163165, 11.9035303 ], [ 108.4161086, 11.9032529 ], [ 108.4160951, 11.9031606 ], [ 108.4161075, 11.9030552 ], [ 108.4161755, 11.9029404 ], [ 108.4163835, 11.9027052 ], [ 108.4164208, 11.9026106 ], [ 108.4164144, 11.9025259 ], [ 108.4163672, 11.902461 ], [ 108.4161303, 11.9022714 ], [ 108.415925, 11.9020632 ], [ 108.4157639, 11.9018775 ], [ 108.4156446, 11.9016926 ], [ 108.4154712, 11.9011485 ], [ 108.4153646, 11.9006829 ], [ 108.4152624, 11.9004171 ], [ 108.4150828, 11.9002452 ], [ 108.4149926, 11.9001937 ], [ 108.4146182, 11.9000386 ], [ 108.4144902, 11.8999361 ], [ 108.4144583, 11.8998428 ], [ 108.4144514, 11.8993936 ] ], [ [ 108.4144514, 11.8993936 ], [ 108.4142341, 11.8992184 ] ], [ [ 108.4142341, 11.8992184 ], [ 108.4140508, 11.8991456 ], [ 108.4139292, 11.899044 ], [ 108.4136751, 11.8985021 ], [ 108.4136201, 11.8984176 ], [ 108.4135462, 11.8983516 ], [ 108.413155, 11.8982025 ], [ 108.4130163, 11.898128 ], [ 108.4128796, 11.8979866 ], [ 108.4126449, 11.8976961 ], [ 108.412236, 11.8976234 ], [ 108.4121431, 11.8975704 ], [ 108.4120834, 11.8975012 ], [ 108.4118823, 11.8970732 ], [ 108.4117864, 11.8969927 ], [ 108.4116459, 11.8969584 ], [ 108.4115116, 11.896958 ], [ 108.4113474, 11.8969771 ], [ 108.4111156, 11.8970478 ], [ 108.4110203, 11.8970529 ], [ 108.4109071, 11.8970037 ], [ 108.4107882, 11.896916 ], [ 108.4106311, 11.8966614 ], [ 108.4106222, 11.8965438 ], [ 108.41065, 11.8964624 ], [ 108.4109883, 11.8961422 ], [ 108.411136, 11.8959554 ], [ 108.4114218, 11.8956449 ], [ 108.4118628, 11.8952966 ], [ 108.4123644, 11.8949344 ], [ 108.4124528, 11.8948171 ], [ 108.4125307, 11.8946824 ], [ 108.4125602, 11.8945634 ], [ 108.4125978, 11.8942047 ], [ 108.4125924, 11.8939659 ], [ 108.4125495, 11.8939117 ], [ 108.4124932, 11.8939082 ], [ 108.4120549, 11.8941427 ], [ 108.4118924, 11.8941549 ], [ 108.4118012, 11.894126 ], [ 108.4116603, 11.8940446 ], [ 108.4112205, 11.8937061 ], [ 108.4111172, 11.8935919 ], [ 108.4110421, 11.8934672 ], [ 108.4109132, 11.8931352 ], [ 108.4108284, 11.8930219 ], [ 108.4107631, 11.8929856 ], [ 108.4106331, 11.8930013 ], [ 108.4103568, 11.8932179 ], [ 108.4103031, 11.8932428 ], [ 108.4102508, 11.8932507 ], [ 108.4101476, 11.8932192 ], [ 108.4100765, 11.8931116 ], [ 108.4099545, 11.8925801 ], [ 108.4098733, 11.892307 ], [ 108.4098183, 11.8922515 ], [ 108.4094931, 11.8920788 ], [ 108.4093831, 11.8919987 ], [ 108.4092464, 11.8918691 ], [ 108.4091887, 11.8917743 ], [ 108.4091578, 11.8916877 ], [ 108.4091525, 11.8916011 ], [ 108.4091678, 11.8915256 ], [ 108.4092142, 11.8914462 ], [ 108.4093192, 11.8913524 ], [ 108.4093979, 11.8913032 ], [ 108.4094971, 11.8912704 ], [ 108.4099236, 11.8912546 ], [ 108.4101275, 11.8911602 ], [ 108.4102951, 11.8910171 ], [ 108.4108356, 11.8902888 ], [ 108.4108718, 11.8901365 ], [ 108.410861, 11.8900696 ], [ 108.4108427, 11.8900224 ], [ 108.4107833, 11.8899568 ], [ 108.4106706, 11.8898885 ], [ 108.4105164, 11.8898636 ], [ 108.410169, 11.8898557 ], [ 108.409882, 11.8898085 ], [ 108.4097503, 11.889758 ], [ 108.4096269, 11.8896899 ], [ 108.4094958, 11.8895841 ], [ 108.4093563, 11.8895001 ], [ 108.409241, 11.8894581 ], [ 108.4091337, 11.8894646 ], [ 108.4090532, 11.8894883 ], [ 108.4087013, 11.8896639 ], [ 108.4086294, 11.8896602 ], [ 108.4085173, 11.8895854 ], [ 108.4084819, 11.889525 ], [ 108.4084685, 11.8894646 ], [ 108.408517, 11.8891657 ], [ 108.4085342, 11.888903 ], [ 108.4084068, 11.8884043 ], [ 108.4084082, 11.8881825 ], [ 108.408431, 11.8880946 ], [ 108.4084725, 11.8880197 ], [ 108.4085275, 11.8879646 ], [ 108.4089347, 11.8876627 ], [ 108.409072, 11.8874856 ], [ 108.409481, 11.8867258 ], [ 108.4095106, 11.8865801 ], [ 108.4095038, 11.8864974 ], [ 108.4094746, 11.8863977 ], [ 108.4093711, 11.8862687 ], [ 108.4091994, 11.8861772 ], [ 108.4091109, 11.8861536 ], [ 108.4089097, 11.8861798 ], [ 108.4085469, 11.8863279 ], [ 108.4084529, 11.8863369 ], [ 108.4082539, 11.886315 ], [ 108.4080358, 11.8862652 ], [ 108.4078851, 11.8861995 ], [ 108.4078114, 11.8861365 ], [ 108.4077752, 11.8860801 ], [ 108.4077604, 11.8860145 ], [ 108.4077899, 11.8858872 ], [ 108.4078448, 11.8858104 ], [ 108.4081426, 11.8855276 ], [ 108.4083022, 11.885315 ], [ 108.408332, 11.8852276 ], [ 108.4083371, 11.8850368 ], [ 108.4083113, 11.8849315 ], [ 108.4082741, 11.8848636 ], [ 108.4081918, 11.8847732 ], [ 108.408032, 11.8846687 ], [ 108.4077577, 11.8845473 ], [ 108.4076893, 11.8844856 ], [ 108.4076719, 11.8843635 ], [ 108.407684, 11.8842677 ], [ 108.4077116, 11.8842011 ], [ 108.4077926, 11.8841142 ], [ 108.4079267, 11.8840289 ], [ 108.4081976, 11.8839055 ], [ 108.4083342, 11.8837998 ], [ 108.4085825, 11.8834121 ], [ 108.4087563, 11.8832168 ], [ 108.4088346, 11.8831627 ], [ 108.4092826, 11.8829738 ], [ 108.4098539, 11.8827428 ], [ 108.4100738, 11.8826693 ], [ 108.4103392, 11.8826111 ], [ 108.4106455, 11.8825802 ], [ 108.4115454, 11.8825031 ], [ 108.411713227587782, 11.882510685869532 ] ], [ [ 108.411713227587782, 11.882510685869532 ], [ 108.4126186, 11.8826739 ], [ 108.4128564, 11.8826039 ], [ 108.4130193, 11.8823933 ], [ 108.4130316, 11.8823113 ], [ 108.413001, 11.8822321 ], [ 108.4128949, 11.8821519 ], [ 108.4122802, 11.8821527 ], [ 108.4121227, 11.8822103 ] ], [ [ 108.4121227, 11.8822103 ], [ 108.411713227587782, 11.882510685869532 ] ], [ [ 108.411713227587782, 11.882510685869532 ], [ 108.4112222, 11.8828709 ] ] ] } },
{ "type": "Feature", "properties": { "edge_id": "E043", "from_node": "DL15", "to_node": "DL18", "from_name": "Nhà thờ Cam Ly", "to_name": "Làng Cổ Tích", "distance_km": 5.256, "connector_distance_m": 359.5, "base_time_min": 13.07, "average_speed_kph": 24.1, "road_type": "primary|primary_link|residential|tertiary|unclassified", "one_way_share": 0.207, "direction": "directed", "congestion_level": 1, "risk_score": 0, "closed": false, "backbone_edge": true, "data_source": "OpenStreetMap + modeled speeds + connector" }, "geometry": { "type": "MultiLineString", "coordinates": [ [ [ 108.4224568, 11.9441573 ], [ 108.422413023887373, 11.943581296059184 ] ], [ [ 108.422413023887373, 11.943581296059184 ], [ 108.4223631, 11.9429244 ] ], [ [ 108.4223631, 11.9429244 ], [ 108.4220262, 11.9431847 ], [ 108.422413023887373, 11.943581296059184 ] ], [ [ 108.422413023887373, 11.943581296059184 ], [ 108.4225195, 11.9436493 ], [ 108.4226096, 11.9436857 ], [ 108.4227727, 11.9437246 ], [ 108.4228428, 11.9437783 ], [ 108.4229689, 11.9440054 ], [ 108.4251879, 11.9433017 ], [ 108.4253769, 11.9432826 ], [ 108.4255132, 11.9433058 ], [ 108.4255905, 11.9433459 ] ], [ [ 108.4255905, 11.9433459 ], [ 108.425663, 11.9434007 ] ], [ [ 108.425663, 11.9434007 ], [ 108.4263493, 11.9439035 ] ], [ [ 108.4263493, 11.9439035 ], [ 108.4279782, 11.9450033 ] ], [ [ 108.4279782, 11.9450033 ], [ 108.4286631, 11.9455187 ] ], [ [ 108.4286631, 11.9455187 ], [ 108.4286641, 11.9446956 ], [ 108.4284159, 11.9428165 ] ], [ [ 108.4284159, 11.9428165 ], [ 108.4276807, 11.9429144 ], [ 108.4275693, 11.9429162 ], [ 108.4274706, 11.9428965 ], [ 108.4273209, 11.9428102 ], [ 108.4269827, 11.9424046 ], [ 108.4268626, 11.9423282 ], [ 108.4267535, 11.9422849 ], [ 108.4266242, 11.9422757 ], [ 108.4261761, 11.9423474 ] ], [ [ 108.4261761, 11.9423474 ], [ 108.4261047, 11.9411811 ] ], [ [ 108.4261047, 11.9411811 ], [ 108.4260871, 11.9408661 ] ], [ [ 108.4260871, 11.9408661 ], [ 108.4260558, 11.9405105 ] ], [ [ 108.4260558, 11.9405105 ], [ 108.4260551, 11.9401035 ] ], [ [ 108.4260551, 11.9401035 ], [ 108.4260826, 11.9399126 ], [ 108.426144, 11.9396732 ] ], [ [ 108.426144, 11.9396732 ], [ 108.425428, 11.939556 ], [ 108.4252343, 11.9395452 ] ], [ [ 108.4252343, 11.9395452 ], [ 108.4250312, 11.9396753 ], [ 108.4249084, 11.9397913 ], [ 108.4245665, 11.9404257 ], [ 108.4244226, 11.940583 ], [ 108.4242227, 11.9406794 ], [ 108.4234526, 11.9409337 ], [ 108.4232418, 11.9409707 ], [ 108.4229121, 11.9409474 ], [ 108.4221637, 11.9408268 ] ], [ [ 108.4221637, 11.9408268 ], [ 108.4217111, 11.9407842 ], [ 108.4215966, 11.9407983 ], [ 108.4214732, 11.9408586 ], [ 108.4213608, 11.9409747 ], [ 108.4212643, 11.9411761 ] ], [ [ 108.4212643, 11.9411761 ], [ 108.4211449, 11.9415786 ], [ 108.4210387, 11.9416564 ], [ 108.4209527, 11.9416713 ], [ 108.4208489, 11.941627 ], [ 108.4205823, 11.9413331 ], [ 108.4204258, 11.9412439 ], [ 108.4202287, 11.9411762 ], [ 108.419417, 11.9410452 ] ], [ [ 108.419417, 11.9410452 ], [ 108.418376, 11.9409457 ] ], [ [ 108.418376, 11.9409457 ], [ 108.4182272, 11.9409677 ], [ 108.4181025, 11.9410212 ] ], [ [ 108.4181025, 11.9410212 ], [ 108.4180587, 11.941052 ] ], [ [ 108.4180587, 11.941052 ], [ 108.4179977, 11.9410524 ], [ 108.4179507, 11.9410144 ] ], [ [ 108.4179507, 11.9410144 ], [ 108.4179399, 11.9409859 ] ], [ [ 108.4179399, 11.9409859 ], [ 108.4178682, 11.9409174 ], [ 108.4177355, 11.9408589 ] ], [ [ 108.4177355, 11.9408589 ], [ 108.4172305, 11.9408229 ], [ 108.4168326, 11.9408254 ], [ 108.4165504, 11.9408947 ], [ 108.4160275, 11.9410992 ], [ 108.4157694, 11.9411382 ], [ 108.4155902, 11.9411234 ], [ 108.4150105, 11.9410192 ], [ 108.4146589, 11.940982 ], [ 108.4138301, 11.940945 ], [ 108.4136619, 11.9408939 ], [ 108.4133412, 11.9406853 ] ], [ [ 108.4133412, 11.9406853 ], [ 108.412943, 11.9404538 ] ], [ [ 108.412943, 11.9404538 ], [ 108.4127968, 11.9404951 ], [ 108.4117937, 11.9403934 ], [ 108.4113976, 11.9403102 ] ], [ [ 108.4113976, 11.9403102 ], [ 108.411372, 11.9404926 ], [ 108.4113371, 11.9405319 ], [ 108.4109995, 11.9407792 ], [ 108.410522, 11.9411676 ], [ 108.4103061, 11.9412975 ], [ 108.4099641, 11.94143 ], [ 108.40983, 11.9415087 ], [ 108.4096207, 11.9416767 ], [ 108.4089662, 11.942317 ], [ 108.408848, 11.9424528 ], [ 108.4086442, 11.9427375 ] ], [ [ 108.4086442, 11.9427375 ], [ 108.4085315, 11.942832 ], [ 108.4082419, 11.9427349 ], [ 108.4075499, 11.9428609 ], [ 108.4073245, 11.9431364 ] ], [ [ 108.4073245, 11.9431364 ], [ 108.4075767, 11.9434618 ], [ 108.4075992, 11.9437461 ] ], [ [ 108.4075992, 11.9437461 ], [ 108.4073712, 11.9436479 ], [ 108.4070861, 11.9438989 ], [ 108.4067028, 11.9440787 ], [ 108.4063702, 11.9446272 ], [ 108.4060914, 11.9449402 ], [ 108.405857, 11.9454609 ], [ 108.4055466, 11.9460094 ], [ 108.4052393, 11.9462418 ], [ 108.4047325, 11.9465207 ], [ 108.4042954, 11.9466974 ], [ 108.4039279, 11.9464897 ], [ 108.4036935, 11.9464278 ], [ 108.4034686, 11.9465424 ], [ 108.4033546, 11.9464371 ], [ 108.4032564, 11.9464464 ], [ 108.4031233, 11.9465548 ], [ 108.4030441, 11.9465393 ] ], [ [ 108.4030441, 11.9465393 ], [ 108.4029778, 11.9485347 ] ] ] } },
{ "type": "Feature", "properties": { "edge_id": "E044", "from_node": "DL18", "to_node": "DL15", "from_name": "Làng Cổ Tích", "to_name": "Nhà thờ Cam Ly", "distance_km": 5.513, "connector_distance_m": 359.5, "base_time_min": 13.79, "average_speed_kph": 24.0, "road_type": "primary|primary_link|residential|tertiary|unclassified", "one_way_share": 0.129, "direction": "directed", "congestion_level": 1, "risk_score": 0, "closed": false, "backbone_edge": true, "data_source": "OpenStreetMap + modeled speeds + connector" }, "geometry": { "type": "MultiLineString", "coordinates": [ [ [ 108.4029778, 11.9485347 ], [ 108.4030441, 11.9465393 ] ], [ [ 108.4030441, 11.9465393 ], [ 108.4031233, 11.9465548 ], [ 108.4032564, 11.9464464 ], [ 108.4033546, 11.9464371 ], [ 108.4034686, 11.9465424 ], [ 108.4036935, 11.9464278 ], [ 108.4039279, 11.9464897 ], [ 108.4042954, 11.9466974 ], [ 108.4047325, 11.9465207 ], [ 108.4052393, 11.9462418 ], [ 108.4055466, 11.9460094 ], [ 108.405857, 11.9454609 ], [ 108.4060914, 11.9449402 ], [ 108.4063702, 11.9446272 ], [ 108.4067028, 11.9440787 ], [ 108.4070861, 11.9438989 ], [ 108.4073712, 11.9436479 ], [ 108.4075992, 11.9437461 ] ], [ [ 108.4075992, 11.9437461 ], [ 108.4075767, 11.9434618 ], [ 108.4073245, 11.9431364 ] ], [ [ 108.4073245, 11.9431364 ], [ 108.4075499, 11.9428609 ], [ 108.4082419, 11.9427349 ], [ 108.4085315, 11.942832 ], [ 108.4086442, 11.9427375 ] ], [ [ 108.4086442, 11.9427375 ], [ 108.408848, 11.9424528 ], [ 108.4089662, 11.942317 ], [ 108.4096207, 11.9416767 ], [ 108.40983, 11.9415087 ], [ 108.4099641, 11.94143 ], [ 108.4103061, 11.9412975 ], [ 108.410522, 11.9411676 ], [ 108.4109995, 11.9407792 ], [ 108.4113371, 11.9405319 ], [ 108.411372, 11.9404926 ], [ 108.4113976, 11.9403102 ] ], [ [ 108.4113976, 11.9403102 ], [ 108.4117937, 11.9403934 ], [ 108.4127968, 11.9404951 ], [ 108.412943, 11.9404538 ] ], [ [ 108.412943, 11.9404538 ], [ 108.4133412, 11.9406853 ] ], [ [ 108.4133412, 11.9406853 ], [ 108.4136619, 11.9408939 ], [ 108.4138301, 11.940945 ], [ 108.4146589, 11.940982 ], [ 108.4150105, 11.9410192 ], [ 108.4155902, 11.9411234 ], [ 108.4157694, 11.9411382 ], [ 108.4160275, 11.9410992 ], [ 108.4165504, 11.9408947 ], [ 108.4168326, 11.9408254 ], [ 108.4172305, 11.9408229 ], [ 108.4177355, 11.9408589 ] ], [ [ 108.4177355, 11.9408589 ], [ 108.4179965, 11.9408884 ] ], [ [ 108.4179965, 11.9408884 ], [ 108.4180576, 11.9408879 ] ], [ [ 108.4180576, 11.9408879 ], [ 108.418376, 11.9409457 ] ], [ [ 108.418376, 11.9409457 ], [ 108.419417, 11.9410452 ] ], [ [ 108.419417, 11.9410452 ], [ 108.4202287, 11.9411762 ], [ 108.4204258, 11.9412439 ], [ 108.4205823, 11.9413331 ], [ 108.4208489, 11.941627 ], [ 108.4209527, 11.9416713 ], [ 108.4210387, 11.9416564 ], [ 108.4211449, 11.9415786 ], [ 108.4212643, 11.9411761 ] ], [ [ 108.4212643, 11.9411761 ], [ 108.4213608, 11.9409747 ], [ 108.4214732, 11.9408586 ], [ 108.4215966, 11.9407983 ], [ 108.4217111, 11.9407842 ], [ 108.4221637, 11.9408268 ] ], [ [ 108.4221637, 11.9408268 ], [ 108.4229121, 11.9409474 ], [ 108.4232418, 11.9409707 ], [ 108.4234526, 11.9409337 ], [ 108.4242227, 11.9406794 ], [ 108.4244226, 11.940583 ], [ 108.4245665, 11.9404257 ], [ 108.4249084, 11.9397913 ], [ 108.4250312, 11.9396753 ], [ 108.4252343, 11.9395452 ] ], [ [ 108.4252343, 11.9395452 ], [ 108.425428, 11.939556 ], [ 108.426144, 11.9396732 ] ], [ [ 108.426144, 11.9396732 ], [ 108.4260826, 11.9399126 ], [ 108.4260551, 11.9401035 ] ], [ [ 108.4260551, 11.9401035 ], [ 108.4260558, 11.9405105 ] ], [ [ 108.4260558, 11.9405105 ], [ 108.4260871, 11.9408661 ] ], [ [ 108.4260871, 11.9408661 ], [ 108.4261047, 11.9411811 ] ], [ [ 108.4261047, 11.9411811 ], [ 108.4261761, 11.9423474 ] ], [ [ 108.4261761, 11.9423474 ], [ 108.4266242, 11.9422757 ], [ 108.4267535, 11.9422849 ], [ 108.4268626, 11.9423282 ], [ 108.4269827, 11.9424046 ], [ 108.4273209, 11.9428102 ], [ 108.4274706, 11.9428965 ], [ 108.4275693, 11.9429162 ], [ 108.4276807, 11.9429144 ], [ 108.4284159, 11.9428165 ] ], [ [ 108.4284159, 11.9428165 ], [ 108.4286278, 11.9427842 ] ], [ [ 108.4286278, 11.9427842 ], [ 108.4287032, 11.9427738 ] ], [ [ 108.4287032, 11.9427738 ], [ 108.428886, 11.9437943 ], [ 108.4290281, 11.9444062 ], [ 108.4291235, 11.9446188 ], [ 108.4294314, 11.9454209 ], [ 108.4296707, 11.9461492 ] ], [ [ 108.4296707, 11.9461492 ], [ 108.4293498, 11.9462444 ] ], [ [ 108.4293498, 11.9462444 ], [ 108.4286631, 11.9455187 ] ], [ [ 108.4286631, 11.9455187 ], [ 108.4279782, 11.9450033 ] ], [ [ 108.4279782, 11.9450033 ], [ 108.4263493, 11.9439035 ] ], [ [ 108.4263493, 11.9439035 ], [ 108.425663, 11.9434007 ] ], [ [ 108.425663, 11.9434007 ], [ 108.4255905, 11.9433459 ] ], [ [ 108.4255905, 11.9433459 ], [ 108.4255132, 11.9433058 ], [ 108.4253769, 11.9432826 ], [ 108.4251879, 11.9433017 ], [ 108.4229689, 11.9440054 ], [ 108.4228428, 11.9437783 ], [ 108.4227727, 11.9437246 ], [ 108.4226096, 11.9436857 ], [ 108.4225195, 11.9436493 ], [ 108.422413023887373, 11.943581296059184 ] ], [ [ 108.422413023887373, 11.943581296059184 ], [ 108.4220262, 11.9431847 ], [ 108.4223631, 11.9429244 ] ], [ [ 108.4223631, 11.9429244 ], [ 108.422413023887373, 11.943581296059184 ] ], [ [ 108.422413023887373, 11.943581296059184 ], [ 108.4224568, 11.9441573 ] ] ] } },
{ "type": "Feature", "properties": { "edge_id": "E045", "from_node": "DL16", "to_node": "DL24", "from_name": "Hồ Tuyền Lâm", "to_name": "Thiền viện Trúc Lâm Đà Lạt", "distance_km": 1.733, "connector_distance_m": 439.3, "base_time_min": 3.98, "average_speed_kph": 26.1, "road_type": "secondary|tertiary|tertiary_link", "one_way_share": 0.0, "direction": "directed", "congestion_level": 1, "risk_score": 0, "closed": false, "backbone_edge": true, "data_source": "OpenStreetMap + modeled speeds + connector" }, "geometry": { "type": "MultiLineString", "coordinates": [ [ [ 108.4372983, 11.8995542 ], [ 108.4379432, 11.8998559 ] ], [ [ 108.4379432, 11.8998559 ], [ 108.4381271, 11.9000219 ], [ 108.4390799, 11.9014358 ], [ 108.4396843, 11.902036 ], [ 108.4398491, 11.9021677 ], [ 108.439973, 11.9023493 ], [ 108.4402155, 11.9029849 ] ], [ [ 108.4402155, 11.9029849 ], [ 108.4400383, 11.902888 ] ], [ [ 108.4400383, 11.902888 ], [ 108.4397867, 11.9027785 ], [ 108.4396979, 11.9027596 ], [ 108.4395612, 11.9027691 ], [ 108.4393653, 11.9028399 ], [ 108.439069, 11.9030152 ], [ 108.4388271, 11.9032464 ], [ 108.4367148, 11.905829 ], [ 108.4365523, 11.9059946 ], [ 108.4362642, 11.9062138 ], [ 108.4360483, 11.9063328 ], [ 108.4348864, 11.9068294 ], [ 108.4347765, 11.9068994 ] ], [ [ 108.4347765, 11.9068994 ], [ 108.4346065, 11.9068957 ], [ 108.4344653, 11.906854 ], [ 108.4343992, 11.9068157 ], [ 108.4342711, 11.9066917 ] ], [ [ 108.4342711, 11.9066917 ], [ 108.4342369, 11.9065858 ] ], [ [ 108.4342369, 11.9065858 ], [ 108.43562, 11.90363 ] ] ] } },
{ "type": "Feature", "properties": { "edge_id": "E046", "from_node": "DL24", "to_node": "DL16", "from_name": "Thiền viện Trúc Lâm Đà Lạt", "to_name": "Hồ Tuyền Lâm", "distance_km": 1.733, "connector_distance_m": 439.3, "base_time_min": 3.98, "average_speed_kph": 26.1, "road_type": "secondary|tertiary|tertiary_link", "one_way_share": 0.0, "direction": "directed", "congestion_level": 1, "risk_score": 0, "closed": false, "backbone_edge": true, "data_source": "OpenStreetMap + modeled speeds + connector" }, "geometry": { "type": "MultiLineString", "coordinates": [ [ [ 108.43562, 11.90363 ], [ 108.4342369, 11.9065858 ] ], [ [ 108.4342369, 11.9065858 ], [ 108.4342711, 11.9066917 ] ], [ [ 108.4342711, 11.9066917 ], [ 108.4343992, 11.9068157 ], [ 108.4344653, 11.906854 ], [ 108.4346065, 11.9068957 ], [ 108.4347765, 11.9068994 ] ], [ [ 108.4347765, 11.9068994 ], [ 108.4348864, 11.9068294 ], [ 108.4360483, 11.9063328 ], [ 108.4362642, 11.9062138 ], [ 108.4365523, 11.9059946 ], [ 108.4367148, 11.905829 ], [ 108.4388271, 11.9032464 ], [ 108.439069, 11.9030152 ], [ 108.4393653, 11.9028399 ], [ 108.4395612, 11.9027691 ], [ 108.4396979, 11.9027596 ], [ 108.4397867, 11.9027785 ], [ 108.4400383, 11.902888 ] ], [ [ 108.4400383, 11.902888 ], [ 108.4402155, 11.9029849 ] ], [ [ 108.4402155, 11.9029849 ], [ 108.439973, 11.9023493 ], [ 108.4398491, 11.9021677 ], [ 108.4396843, 11.902036 ], [ 108.4390799, 11.9014358 ], [ 108.4381271, 11.9000219 ], [ 108.4379432, 11.8998559 ] ], [ [ 108.4379432, 11.8998559 ], [ 108.4372983, 11.8995542 ] ] ] } },
{ "type": "Feature", "properties": { "edge_id": "E047", "from_node": "DL17", "to_node": "DL18", "from_name": "Khu du lịch sinh thái Cao Nguyên Hoa Đà Lạt", "to_name": "Làng Cổ Tích", "distance_km": 6.677, "connector_distance_m": 1121.4, "base_time_min": 21.15, "average_speed_kph": 18.9, "road_type": "residential|unclassified", "one_way_share": 0.0, "direction": "directed", "congestion_level": 1, "risk_score": 0, "closed": false, "backbone_edge": true, "data_source": "OpenStreetMap + modeled speeds + connector" }, "geometry": { "type": "MultiLineString", "coordinates": [ [ [ 108.3715298, 11.926564 ], [ 108.3790836, 11.923278 ] ], [ [ 108.3790836, 11.923278 ], [ 108.3799311, 11.9234887 ], [ 108.3807385, 11.9237162 ], [ 108.3811999, 11.9237687 ], [ 108.3813608, 11.9238107 ], [ 108.3815485, 11.9238999 ], [ 108.3819482, 11.924249 ], [ 108.3820703, 11.9244032 ] ], [ [ 108.3820703, 11.9244032 ], [ 108.382262, 11.9246452 ], [ 108.3824444, 11.9249391 ], [ 108.3827126, 11.9256109 ], [ 108.3829218, 11.9259888 ], [ 108.3835548, 11.9268076 ], [ 108.3839894, 11.9271488 ], [ 108.3841932, 11.9272625 ], [ 108.3847457, 11.9274934 ], [ 108.385081, 11.9275721 ], [ 108.3852822, 11.9275555 ], [ 108.3856201, 11.9274269 ] ], [ [ 108.3856201, 11.9274269 ], [ 108.3860949, 11.9273771 ], [ 108.3869317, 11.9272257 ], [ 108.3870283, 11.9272301 ], [ 108.387149, 11.9272992 ], [ 108.3873207, 11.9274899 ], [ 108.3873957, 11.9276377 ], [ 108.3874226, 11.9278048 ], [ 108.3874118, 11.9279002 ], [ 108.3873582, 11.9280576 ], [ 108.3872777, 11.9281906 ], [ 108.3871436, 11.9283559 ], [ 108.3870203, 11.9286603 ], [ 108.3870417, 11.9289683 ], [ 108.3871224, 11.9291572 ], [ 108.3872318, 11.9292978 ], [ 108.3875567, 11.9295421 ], [ 108.3876988, 11.9295876 ], [ 108.387833, 11.9296051 ], [ 108.3879536, 11.9295823 ], [ 108.3881414, 11.9295106 ], [ 108.3882835, 11.9294266 ], [ 108.3883667, 11.9293383 ], [ 108.3885571, 11.9289919 ], [ 108.3886242, 11.9289175 ], [ 108.3887744, 11.9288126 ], [ 108.3889675, 11.9287758 ], [ 108.3893001, 11.9287706 ], [ 108.389402, 11.9287548 ], [ 108.3895415, 11.9286971 ], [ 108.3897883, 11.9285186 ], [ 108.3899063, 11.9284609 ], [ 108.3900618, 11.9284557 ], [ 108.390314, 11.9285502 ] ], [ [ 108.390314, 11.9285502 ], [ 108.390432, 11.9288284 ], [ 108.3910007, 11.9295527 ], [ 108.3913118, 11.9299043 ], [ 108.391521, 11.9302717 ], [ 108.3916176, 11.9305814 ], [ 108.3917839, 11.9308438 ], [ 108.3919341, 11.9313476 ], [ 108.3919394, 11.9315681 ], [ 108.3920735, 11.9323606 ], [ 108.3923149, 11.9333946 ], [ 108.392685, 11.9341188 ], [ 108.3931464, 11.9348116 ], [ 108.3933127, 11.9350321 ], [ 108.393994, 11.9360818 ], [ 108.3946592, 11.9373939 ], [ 108.3947557, 11.9379083 ], [ 108.3948255, 11.9381182 ], [ 108.3949596, 11.9383229 ], [ 108.3951151, 11.9385066 ], [ 108.3955282, 11.938811 ], [ 108.3957857, 11.9391259 ], [ 108.3960271, 11.9393568 ], [ 108.3961666, 11.9394461 ], [ 108.3963168, 11.9395038 ], [ 108.3967137, 11.9395668 ], [ 108.3970785, 11.9395983 ], [ 108.3972287, 11.9396403 ], [ 108.3973789, 11.9397347 ], [ 108.3975419, 11.9399398 ], [ 108.3976421, 11.9401074 ], [ 108.3976796, 11.9402648 ], [ 108.3976796, 11.9405902 ], [ 108.3976045, 11.9412568 ], [ 108.3975938, 11.9415192 ], [ 108.397626, 11.9416347 ], [ 108.397685, 11.9417082 ], [ 108.3977815, 11.9417554 ], [ 108.3978459, 11.9417554 ], [ 108.3979103, 11.9417187 ], [ 108.3979479, 11.9416609 ], [ 108.3980337, 11.9413933 ], [ 108.3980766, 11.9413303 ], [ 108.3982, 11.9412463 ], [ 108.3983448, 11.9412096 ], [ 108.3991925, 11.9412201 ], [ 108.3997044, 11.9413598 ], [ 108.4000562, 11.9415009 ] ], [ [ 108.4000562, 11.9415009 ], [ 108.4000987, 11.9416171 ], [ 108.4003134, 11.9417719 ], [ 108.4007051, 11.9421812 ], [ 108.4008071, 11.9422652 ], [ 108.4018104, 11.942685 ], [ 108.4021028, 11.9428391 ], [ 108.4024908, 11.9430818 ], [ 108.4030862, 11.9436467 ], [ 108.4036862, 11.9444146 ], [ 108.4039341, 11.944653 ], [ 108.4044492, 11.944821 ], [ 108.4048194, 11.944821 ], [ 108.4049964, 11.9447633 ], [ 108.4056081, 11.9443748 ], [ 108.4060695, 11.9441963 ], [ 108.4067224, 11.9437675 ], [ 108.4070235, 11.9434284 ] ], [ [ 108.4070235, 11.9434284 ], [ 108.4073245, 11.9431364 ] ], [ [ 108.4073245, 11.9431364 ], [ 108.4075767, 11.9434618 ], [ 108.4075992, 11.9437461 ] ], [ [ 108.4075992, 11.9437461 ], [ 108.4073712, 11.9436479 ], [ 108.4070861, 11.9438989 ], [ 108.4067028, 11.9440787 ], [ 108.4063702, 11.9446272 ], [ 108.4060914, 11.9449402 ], [ 108.405857, 11.9454609 ], [ 108.4055466, 11.9460094 ], [ 108.4052393, 11.9462418 ], [ 108.4047325, 11.9465207 ], [ 108.4042954, 11.9466974 ], [ 108.4039279, 11.9464897 ], [ 108.4036935, 11.9464278 ], [ 108.4034686, 11.9465424 ], [ 108.4033546, 11.9464371 ], [ 108.4032564, 11.9464464 ], [ 108.4031233, 11.9465548 ], [ 108.4030441, 11.9465393 ] ], [ [ 108.4030441, 11.9465393 ], [ 108.4029778, 11.9485347 ] ] ] } },
{ "type": "Feature", "properties": { "edge_id": "E048", "from_node": "DL18", "to_node": "DL17", "from_name": "Làng Cổ Tích", "to_name": "Khu du lịch sinh thái Cao Nguyên Hoa Đà Lạt", "distance_km": 6.677, "connector_distance_m": 1121.4, "base_time_min": 21.15, "average_speed_kph": 18.9, "road_type": "residential|unclassified", "one_way_share": 0.0, "direction": "directed", "congestion_level": 1, "risk_score": 0, "closed": false, "backbone_edge": true, "data_source": "OpenStreetMap + modeled speeds + connector" }, "geometry": { "type": "MultiLineString", "coordinates": [ [ [ 108.4029778, 11.9485347 ], [ 108.4030441, 11.9465393 ] ], [ [ 108.4030441, 11.9465393 ], [ 108.4031233, 11.9465548 ], [ 108.4032564, 11.9464464 ], [ 108.4033546, 11.9464371 ], [ 108.4034686, 11.9465424 ], [ 108.4036935, 11.9464278 ], [ 108.4039279, 11.9464897 ], [ 108.4042954, 11.9466974 ], [ 108.4047325, 11.9465207 ], [ 108.4052393, 11.9462418 ], [ 108.4055466, 11.9460094 ], [ 108.405857, 11.9454609 ], [ 108.4060914, 11.9449402 ], [ 108.4063702, 11.9446272 ], [ 108.4067028, 11.9440787 ], [ 108.4070861, 11.9438989 ], [ 108.4073712, 11.9436479 ], [ 108.4075992, 11.9437461 ] ], [ [ 108.4075992, 11.9437461 ], [ 108.4075767, 11.9434618 ], [ 108.4073245, 11.9431364 ] ], [ [ 108.4073245, 11.9431364 ], [ 108.4070235, 11.9434284 ] ], [ [ 108.4070235, 11.9434284 ], [ 108.4067224, 11.9437675 ], [ 108.4060695, 11.9441963 ], [ 108.4056081, 11.9443748 ], [ 108.4049964, 11.9447633 ], [ 108.4048194, 11.944821 ], [ 108.4044492, 11.944821 ], [ 108.4039341, 11.944653 ], [ 108.4036862, 11.9444146 ], [ 108.4030862, 11.9436467 ], [ 108.4024908, 11.9430818 ], [ 108.4021028, 11.9428391 ], [ 108.4018104, 11.942685 ], [ 108.4008071, 11.9422652 ], [ 108.4007051, 11.9421812 ], [ 108.4003134, 11.9417719 ], [ 108.4000987, 11.9416171 ], [ 108.4000562, 11.9415009 ] ], [ [ 108.4000562, 11.9415009 ], [ 108.3997044, 11.9413598 ], [ 108.3991925, 11.9412201 ], [ 108.3983448, 11.9412096 ], [ 108.3982, 11.9412463 ], [ 108.3980766, 11.9413303 ], [ 108.3980337, 11.9413933 ], [ 108.3979479, 11.9416609 ], [ 108.3979103, 11.9417187 ], [ 108.3978459, 11.9417554 ], [ 108.3977815, 11.9417554 ], [ 108.397685, 11.9417082 ], [ 108.397626, 11.9416347 ], [ 108.3975938, 11.9415192 ], [ 108.3976045, 11.9412568 ], [ 108.3976796, 11.9405902 ], [ 108.3976796, 11.9402648 ], [ 108.3976421, 11.9401074 ], [ 108.3975419, 11.9399398 ], [ 108.3973789, 11.9397347 ], [ 108.3972287, 11.9396403 ], [ 108.3970785, 11.9395983 ], [ 108.3967137, 11.9395668 ], [ 108.3963168, 11.9395038 ], [ 108.3961666, 11.9394461 ], [ 108.3960271, 11.9393568 ], [ 108.3957857, 11.9391259 ], [ 108.3955282, 11.938811 ], [ 108.3951151, 11.9385066 ], [ 108.3949596, 11.9383229 ], [ 108.3948255, 11.9381182 ], [ 108.3947557, 11.9379083 ], [ 108.3946592, 11.9373939 ], [ 108.393994, 11.9360818 ], [ 108.3933127, 11.9350321 ], [ 108.3931464, 11.9348116 ], [ 108.392685, 11.9341188 ], [ 108.3923149, 11.9333946 ], [ 108.3920735, 11.9323606 ], [ 108.3919394, 11.9315681 ], [ 108.3919341, 11.9313476 ], [ 108.3917839, 11.9308438 ], [ 108.3916176, 11.9305814 ], [ 108.391521, 11.9302717 ], [ 108.3913118, 11.9299043 ], [ 108.3910007, 11.9295527 ], [ 108.390432, 11.9288284 ], [ 108.390314, 11.9285502 ] ], [ [ 108.390314, 11.9285502 ], [ 108.3900618, 11.9284557 ], [ 108.3899063, 11.9284609 ], [ 108.3897883, 11.9285186 ], [ 108.3895415, 11.9286971 ], [ 108.389402, 11.9287548 ], [ 108.3893001, 11.9287706 ], [ 108.3889675, 11.9287758 ], [ 108.3887744, 11.9288126 ], [ 108.3886242, 11.9289175 ], [ 108.3885571, 11.9289919 ], [ 108.3883667, 11.9293383 ], [ 108.3882835, 11.9294266 ], [ 108.3881414, 11.9295106 ], [ 108.3879536, 11.9295823 ], [ 108.387833, 11.9296051 ], [ 108.3876988, 11.9295876 ], [ 108.3875567, 11.9295421 ], [ 108.3872318, 11.9292978 ], [ 108.3871224, 11.9291572 ], [ 108.3870417, 11.9289683 ], [ 108.3870203, 11.9286603 ], [ 108.3871436, 11.9283559 ], [ 108.3872777, 11.9281906 ], [ 108.3873582, 11.9280576 ], [ 108.3874118, 11.9279002 ], [ 108.3874226, 11.9278048 ], [ 108.3873957, 11.9276377 ], [ 108.3873207, 11.9274899 ], [ 108.387149, 11.9272992 ], [ 108.3870283, 11.9272301 ], [ 108.3869317, 11.9272257 ], [ 108.3860949, 11.9273771 ], [ 108.3856201, 11.9274269 ] ], [ [ 108.3856201, 11.9274269 ], [ 108.3852822, 11.9275555 ], [ 108.385081, 11.9275721 ], [ 108.3847457, 11.9274934 ], [ 108.3841932, 11.9272625 ], [ 108.3839894, 11.9271488 ], [ 108.3835548, 11.9268076 ], [ 108.3829218, 11.9259888 ], [ 108.3827126, 11.9256109 ], [ 108.3824444, 11.9249391 ], [ 108.382262, 11.9246452 ], [ 108.3820703, 11.9244032 ] ], [ [ 108.3820703, 11.9244032 ], [ 108.3819482, 11.924249 ], [ 108.3815485, 11.9238999 ], [ 108.3813608, 11.9238107 ], [ 108.3811999, 11.9237687 ], [ 108.3807385, 11.9237162 ], [ 108.3799311, 11.9234887 ], [ 108.3790836, 11.923278 ] ], [ [ 108.3790836, 11.923278 ], [ 108.3715298, 11.926564 ] ] ] } },
{ "type": "Feature", "properties": { "edge_id": "E049", "from_node": "DL18", "to_node": "DL20", "from_name": "Làng Cổ Tích", "to_name": "Thác Ankroet", "distance_km": 15.225, "connector_distance_m": 1124.5, "base_time_min": 27.2, "average_speed_kph": 33.6, "road_type": "primary|primary_link|residential|secondary|tertiary|unclassified", "one_way_share": 0.152, "direction": "directed", "congestion_level": 1, "risk_score": 0, "closed": false, "backbone_edge": true, "data_source": "OpenStreetMap + modeled speeds + connector" }, "geometry": { "type": "MultiLineString", "coordinates": [ [ [ 108.4029778, 11.9485347 ], [ 108.4030441, 11.9465393 ] ], [ [ 108.4030441, 11.9465393 ], [ 108.4031233, 11.9465548 ], [ 108.4032564, 11.9464464 ], [ 108.4033546, 11.9464371 ], [ 108.4034686, 11.9465424 ], [ 108.4036935, 11.9464278 ], [ 108.4039279, 11.9464897 ], [ 108.4042954, 11.9466974 ], [ 108.4047325, 11.9465207 ], [ 108.4052393, 11.9462418 ], [ 108.4055466, 11.9460094 ], [ 108.405857, 11.9454609 ], [ 108.4060914, 11.9449402 ], [ 108.4063702, 11.9446272 ], [ 108.4067028, 11.9440787 ], [ 108.4070861, 11.9438989 ], [ 108.4073712, 11.9436479 ], [ 108.4075992, 11.9437461 ] ], [ [ 108.4075992, 11.9437461 ], [ 108.4075767, 11.9434618 ], [ 108.4073245, 11.9431364 ] ], [ [ 108.4073245, 11.9431364 ], [ 108.4075499, 11.9428609 ], [ 108.4082419, 11.9427349 ], [ 108.4085315, 11.942832 ], [ 108.4086442, 11.9427375 ] ], [ [ 108.4086442, 11.9427375 ], [ 108.408848, 11.9424528 ], [ 108.4089662, 11.942317 ], [ 108.4096207, 11.9416767 ], [ 108.40983, 11.9415087 ], [ 108.4099641, 11.94143 ], [ 108.4103061, 11.9412975 ], [ 108.410522, 11.9411676 ], [ 108.4109995, 11.9407792 ], [ 108.4113371, 11.9405319 ], [ 108.411372, 11.9404926 ], [ 108.4113976, 11.9403102 ] ], [ [ 108.4113976, 11.9403102 ], [ 108.4117937, 11.9403934 ], [ 108.4127968, 11.9404951 ], [ 108.412943, 11.9404538 ] ], [ [ 108.412943, 11.9404538 ], [ 108.4133412, 11.9406853 ] ], [ [ 108.4133412, 11.9406853 ], [ 108.4136619, 11.9408939 ], [ 108.4138301, 11.940945 ], [ 108.4146589, 11.940982 ], [ 108.4150105, 11.9410192 ], [ 108.4155902, 11.9411234 ], [ 108.4157694, 11.9411382 ], [ 108.4160275, 11.9410992 ], [ 108.4165504, 11.9408947 ], [ 108.4168326, 11.9408254 ], [ 108.4172305, 11.9408229 ], [ 108.4177355, 11.9408589 ] ], [ [ 108.4177355, 11.9408589 ], [ 108.4179965, 11.9408884 ] ], [ [ 108.4179965, 11.9408884 ], [ 108.4180576, 11.9408879 ] ], [ [ 108.4180576, 11.9408879 ], [ 108.4181046, 11.940926 ], [ 108.4181154, 11.9409544 ], [ 108.4181025, 11.9410212 ] ], [ [ 108.4181025, 11.9410212 ], [ 108.4180587, 11.941052 ] ], [ [ 108.4180587, 11.941052 ], [ 108.4179887, 11.9411106 ], [ 108.4178812, 11.9412453 ] ], [ [ 108.4178812, 11.9412453 ], [ 108.4168424, 11.9426818 ], [ 108.4167296, 11.9428686 ], [ 108.4166777, 11.9430017 ], [ 108.4166501, 11.9431485 ], [ 108.4166555, 11.943336 ], [ 108.416683, 11.9434482 ], [ 108.4167547, 11.943576 ], [ 108.4168371, 11.9436731 ], [ 108.4170644, 11.9438117 ], [ 108.4179929, 11.9441678 ], [ 108.4181508, 11.9442481 ], [ 108.4182406, 11.9443218 ], [ 108.4183161, 11.9444433 ], [ 108.418347, 11.9445498 ], [ 108.4183566, 11.9446586 ] ], [ [ 108.4183566, 11.9446586 ], [ 108.4183589, 11.9448113 ], [ 108.4183246, 11.9449839 ], [ 108.4182425, 11.9451694 ], [ 108.4181435, 11.9453117 ], [ 108.418002, 11.9454345 ], [ 108.4178029, 11.9455497 ], [ 108.4175107, 11.9456819 ], [ 108.4173079, 11.9458231 ], [ 108.4169681, 11.9462588 ], [ 108.416855, 11.946384 ], [ 108.4167513, 11.9464518 ] ], [ [ 108.4167513, 11.9464518 ], [ 108.4165716, 11.9464923 ], [ 108.416386, 11.9464906 ], [ 108.4160064, 11.9463937 ], [ 108.4157618, 11.9463863 ], [ 108.415648, 11.9464208 ], [ 108.4155536, 11.9464678 ], [ 108.4154377, 11.946609 ], [ 108.4153439, 11.946764 ], [ 108.4151407, 11.9472005 ], [ 108.4150583, 11.947313 ], [ 108.4149543, 11.9473924 ], [ 108.4148131, 11.9474373 ], [ 108.4146328, 11.94746 ] ], [ [ 108.4146328, 11.94746 ], [ 108.4141077, 11.947411 ], [ 108.4138934, 11.9473402 ], [ 108.4130243, 11.9469467 ], [ 108.412765, 11.9468762 ], [ 108.4125489, 11.9468884 ], [ 108.4124499, 11.9469277 ] ], [ [ 108.4124499, 11.9469277 ], [ 108.4121104, 11.9471111 ] ], [ [ 108.4121104, 11.9471111 ], [ 108.4119307, 11.9471613 ], [ 108.4117418, 11.9471753 ], [ 108.4114931, 11.9472623 ], [ 108.4112403, 11.9473765 ], [ 108.410972, 11.947539 ], [ 108.4104223, 11.9479453 ], [ 108.4102512, 11.9480239 ], [ 108.4100868, 11.9480655 ], [ 108.4095696, 11.9481461 ], [ 108.4084674, 11.9483625 ] ], [ [ 108.4084674, 11.9483625 ], [ 108.4066158, 11.9489449 ], [ 108.405958, 11.9490105 ], [ 108.4053505, 11.9490147 ], [ 108.4050795, 11.949038 ], [ 108.4049233, 11.9490935 ], [ 108.4048221, 11.949164 ], [ 108.4046464, 11.9493293 ], [ 108.4044814, 11.9494435 ], [ 108.4043258, 11.9494684 ], [ 108.4041488, 11.94945 ], [ 108.4039865, 11.9493884 ], [ 108.403556, 11.949113 ], [ 108.4030853, 11.9487852 ], [ 108.4029606, 11.9487337 ], [ 108.4028675, 11.9487136 ], [ 108.4026334, 11.9487104 ], [ 108.4023611, 11.9487284 ], [ 108.402172, 11.9487218 ], [ 108.4021103, 11.9487035 ], [ 108.4019575, 11.9486212 ], [ 108.4016973, 11.9483794 ], [ 108.4014493, 11.9481921 ], [ 108.4013395, 11.9480904 ], [ 108.4011972, 11.9480849 ], [ 108.4009956, 11.9481248 ], [ 108.4008601, 11.9482048 ], [ 108.4007275, 11.9483801 ], [ 108.4006356, 11.9486488 ], [ 108.4005232, 11.949105 ], [ 108.4004407, 11.949535 ], [ 108.4003478, 11.9498341 ], [ 108.4002314, 11.9500824 ], [ 108.4000742, 11.9503612 ], [ 108.399922, 11.9505872 ], [ 108.3989335, 11.9514846 ] ], [ [ 108.3989335, 11.9514846 ], [ 108.3983364, 11.9526572 ], [ 108.3981644, 11.9532856 ] ], [ [ 108.3981644, 11.9532856 ], [ 108.3974545, 11.955879 ], [ 108.3973902, 11.9569601 ], [ 108.3975448, 11.957759 ], [ 108.397568, 11.9579861 ], [ 108.3975399, 11.9582445 ], [ 108.397454, 11.9585253 ], [ 108.3973159, 11.9587772 ], [ 108.3972421, 11.9588743 ], [ 108.3971335, 11.9589792 ], [ 108.3970463, 11.9590317 ], [ 108.3964696, 11.9592487 ], [ 108.3959404, 11.9595382 ], [ 108.3956722, 11.9597573 ], [ 108.3955912, 11.9599016 ], [ 108.3954906, 11.9601456 ], [ 108.3953337, 11.9606297 ], [ 108.3952412, 11.9609931 ], [ 108.3951956, 11.9610719 ], [ 108.3950937, 11.9611913 ], [ 108.3948764, 11.961329 ], [ 108.3945894, 11.9614655 ], [ 108.3943641, 11.9615232 ], [ 108.3939806, 11.9615311 ], [ 108.3936936, 11.9614812 ], [ 108.3934602, 11.9613474 ], [ 108.393369, 11.9612561 ], [ 108.3927601, 11.9605437 ], [ 108.3926153, 11.9603936 ], [ 108.3923637, 11.9602125 ], [ 108.3921781, 11.9601771 ], [ 108.3920211, 11.9601658 ], [ 108.391698, 11.9601771 ], [ 108.3916189, 11.9601941 ], [ 108.3914405, 11.9603135 ], [ 108.3910851, 11.9606796 ], [ 108.3908571, 11.9607963 ], [ 108.3906372, 11.9608462 ], [ 108.3904186, 11.9608462 ], [ 108.3899412, 11.9606979 ], [ 108.3897547, 11.960652 ], [ 108.3895125, 11.9606179 ] ], [ [ 108.3895125, 11.9606179 ], [ 108.3892483, 11.9606429 ], [ 108.3887025, 11.9608685 ], [ 108.3885853, 11.960963 ], [ 108.3885035, 11.9610614 ], [ 108.388415, 11.9612162 ], [ 108.3884002, 11.961287 ], [ 108.3884034, 11.9613671 ], [ 108.3884458, 11.9615363 ], [ 108.3887449, 11.9622802 ], [ 108.3889286, 11.9628089 ], [ 108.3889863, 11.9631225 ], [ 108.3890252, 11.9636079 ], [ 108.3890654, 11.9637916 ], [ 108.3891767, 11.9639797 ], [ 108.3893296, 11.9641944 ], [ 108.3896005, 11.9645434 ], [ 108.389862, 11.9648215 ], [ 108.3900082, 11.9649527 ], [ 108.3901168, 11.9650275 ], [ 108.3903024, 11.965107 ], [ 108.3917952, 11.9655855 ], [ 108.3925107, 11.9657982 ], [ 108.3931504, 11.9659406 ], [ 108.3935037, 11.9661125 ], [ 108.3936639, 11.9662657 ], [ 108.3937125, 11.9663434 ], [ 108.3937426, 11.9665462 ], [ 108.3937372, 11.9666505 ], [ 108.3936435, 11.9668356 ], [ 108.3935644, 11.9669195 ], [ 108.3934864, 11.9669694 ], [ 108.3933566, 11.9670118 ], [ 108.3930679, 11.9670414 ], [ 108.3926263, 11.9671959 ], [ 108.3922357, 11.9673911 ], [ 108.3921652, 11.9674528 ], [ 108.3920551, 11.9676148 ], [ 108.3920248, 11.9677837 ], [ 108.3920157, 11.9682169 ], [ 108.3920572, 11.9685739 ], [ 108.3921947, 11.969218 ] ], [ [ 108.3921947, 11.969218 ], [ 108.3922331, 11.9693608 ], [ 108.3925228, 11.9698332 ], [ 108.3925563, 11.9699604 ], [ 108.3925576, 11.9702831 ] ], [ [ 108.3925576, 11.9702831 ], [ 108.3925322, 11.9706886 ], [ 108.3924987, 11.9708867 ], [ 108.3923498, 11.9715085 ], [ 108.3923833, 11.9717735 ], [ 108.3924048, 11.9718483 ], [ 108.3924731, 11.9719441 ], [ 108.3926494, 11.9721338 ], [ 108.393141, 11.9725673 ], [ 108.3938196, 11.9732914 ], [ 108.3939859, 11.9734462 ], [ 108.3941858, 11.9735748 ], [ 108.3946404, 11.9737375 ], [ 108.3948656, 11.9738365 ], [ 108.3951326, 11.9740497 ], [ 108.3955295, 11.9744669 ], [ 108.3957884, 11.9747149 ], [ 108.3959318, 11.9748282 ], [ 108.3963892, 11.9751268 ], [ 108.3964763, 11.9752061 ], [ 108.3965394, 11.9752947 ], [ 108.396652, 11.9755086 ], [ 108.3967391, 11.9758004 ], [ 108.3968409, 11.9762517 ] ], [ [ 108.3968409, 11.9762517 ], [ 108.3968523, 11.9763087 ] ], [ [ 108.3968523, 11.9763087 ], [ 108.3971456, 11.9772154 ], [ 108.3972555, 11.9779225 ], [ 108.3972877, 11.9782544 ], [ 108.3972924, 11.9785734 ] ], [ [ 108.3972924, 11.9785734 ], [ 108.3972448, 11.9786808 ], [ 108.3970474, 11.9788695 ] ], [ [ 108.3970474, 11.9788695 ], [ 108.3968371, 11.9790862 ], [ 108.3965729, 11.9794705 ], [ 108.3964562, 11.9797382 ], [ 108.3964321, 11.9798825 ], [ 108.3964286, 11.9800499 ], [ 108.3964401, 11.9801868 ], [ 108.396475, 11.9803173 ], [ 108.396581, 11.9805384 ], [ 108.3967124, 11.9807042 ], [ 108.3970455, 11.9810168 ] ], [ [ 108.3970455, 11.9810168 ], [ 108.3973011, 11.9811117 ], [ 108.3980084, 11.9812922 ], [ 108.3981849, 11.9814017 ], [ 108.3982413, 11.9814791 ], [ 108.3982868, 11.9816273 ], [ 108.3982788, 11.9822675 ], [ 108.3983022, 11.9823693 ], [ 108.3983569, 11.982485 ] ], [ [ 108.3983569, 11.982485 ], [ 108.3974741, 11.9831176 ], [ 108.3969846, 11.9834167 ], [ 108.3965492, 11.9835938 ], [ 108.3954518, 11.9838365 ], [ 108.3953567, 11.9838728 ], [ 108.3951741, 11.9840018 ], [ 108.3950985, 11.9841006 ], [ 108.3950494, 11.9842051 ], [ 108.3949783, 11.9844675 ], [ 108.3949327, 11.9845685 ], [ 108.3947651, 11.9847863 ], [ 108.3945933, 11.98496 ], [ 108.3944406, 11.9851431 ], [ 108.3943415, 11.9853977 ], [ 108.3939023, 11.9867294 ], [ 108.3934329, 11.9880489 ], [ 108.3933342, 11.988189 ], [ 108.3932622, 11.9882609 ] ], [ [ 108.3932622, 11.9882609 ], [ 108.3930056, 11.9884123 ], [ 108.3928393, 11.988491 ], [ 108.3924277, 11.9886439 ], [ 108.3921124, 11.9887193 ], [ 108.3918872, 11.9887486 ], [ 108.3914727, 11.9887494 ], [ 108.3912072, 11.9887612 ], [ 108.3910637, 11.9887835 ], [ 108.3903408, 11.9890157 ], [ 108.389461, 11.9891771 ], [ 108.3892384, 11.9892506 ], [ 108.3889461, 11.98945 ], [ 108.3887583, 11.9895431 ], [ 108.3886001, 11.9896887 ], [ 108.3885672, 11.9898283 ], [ 108.3887144, 11.9905124 ], [ 108.3886912, 11.9905716 ], [ 108.3886363, 11.9906267 ], [ 108.3885773, 11.9906503 ], [ 108.3884391, 11.9906359 ], [ 108.3883876, 11.9905865 ], [ 108.3881856, 11.9901033 ], [ 108.3880975, 11.9899862 ], [ 108.387967, 11.9898593 ], [ 108.3878287, 11.9897605 ], [ 108.3875513, 11.9896612 ], [ 108.3872643, 11.9895746 ], [ 108.3870602, 11.9895398 ], [ 108.3868606, 11.9895549 ], [ 108.386703, 11.9895873 ], [ 108.386427, 11.9897202 ], [ 108.3860543, 11.9900773 ], [ 108.3855839, 11.9905624 ], [ 108.3849616, 11.9912472 ], [ 108.3847943, 11.9913532 ], [ 108.3846524, 11.9914086 ], [ 108.3845313, 11.9914308 ], [ 108.3844319, 11.9914217 ], [ 108.3842271, 11.991346 ], [ 108.3839786, 11.9911094 ], [ 108.3838123, 11.9909783 ], [ 108.3836193, 11.9908792 ], [ 108.3833372, 11.9908642 ] ], [ [ 108.3833372, 11.9908642 ], [ 108.3830971, 11.9909173 ] ], [ [ 108.3830971, 11.9909173 ], [ 108.3825263, 11.9911137 ], [ 108.3823078, 11.9910855 ], [ 108.3821156, 11.9909548 ], [ 108.3816203, 11.9902981 ], [ 108.3814685, 11.9902131 ], [ 108.3801441, 11.9897885 ], [ 108.379432, 11.9895929 ], [ 108.3786121, 11.9893427 ], [ 108.3780873, 11.9892493 ], [ 108.3777679, 11.9890743 ], [ 108.3772617, 11.9889245 ], [ 108.3770365, 11.9888072 ], [ 108.376894, 11.9886575 ], [ 108.3763529, 11.9879907 ], [ 108.3761526, 11.9877958 ], [ 108.373914, 11.986053 ] ], [ [ 108.373914, 11.986053 ], [ 108.3672292, 11.9908607 ] ] ] } },
{ "type": "Feature", "properties": { "edge_id": "E050", "from_node": "DL20", "to_node": "DL18", "from_name": "Thác Ankroet", "to_name": "Làng Cổ Tích", "distance_km": 15.194, "connector_distance_m": 1124.5, "base_time_min": 27.16, "average_speed_kph": 33.6, "road_type": "primary|primary_link|residential|secondary|tertiary|unclassified", "one_way_share": 0.097, "direction": "directed", "congestion_level": 1, "risk_score": 0, "closed": false, "backbone_edge": true, "data_source": "OpenStreetMap + modeled speeds + connector" }, "geometry": { "type": "MultiLineString", "coordinates": [ [ [ 108.3672292, 11.9908607 ], [ 108.373914, 11.986053 ] ], [ [ 108.373914, 11.986053 ], [ 108.3761526, 11.9877958 ], [ 108.3763529, 11.9879907 ], [ 108.376894, 11.9886575 ], [ 108.3770365, 11.9888072 ], [ 108.3772617, 11.9889245 ], [ 108.3777679, 11.9890743 ], [ 108.3780873, 11.9892493 ], [ 108.3786121, 11.9893427 ], [ 108.379432, 11.9895929 ], [ 108.3801441, 11.9897885 ], [ 108.3814685, 11.9902131 ], [ 108.3816203, 11.9902981 ], [ 108.3821156, 11.9909548 ], [ 108.3823078, 11.9910855 ], [ 108.3825263, 11.9911137 ], [ 108.3830971, 11.9909173 ] ], [ [ 108.3830971, 11.9909173 ], [ 108.3833372, 11.9908642 ] ], [ [ 108.3833372, 11.9908642 ], [ 108.3836193, 11.9908792 ], [ 108.3838123, 11.9909783 ], [ 108.3839786, 11.9911094 ], [ 108.3842271, 11.991346 ], [ 108.3844319, 11.9914217 ], [ 108.3845313, 11.9914308 ], [ 108.3846524, 11.9914086 ], [ 108.3847943, 11.9913532 ], [ 108.3849616, 11.9912472 ], [ 108.3855839, 11.9905624 ], [ 108.3860543, 11.9900773 ], [ 108.386427, 11.9897202 ], [ 108.386703, 11.9895873 ], [ 108.3868606, 11.9895549 ], [ 108.3870602, 11.9895398 ], [ 108.3872643, 11.9895746 ], [ 108.3875513, 11.9896612 ], [ 108.3878287, 11.9897605 ], [ 108.387967, 11.9898593 ], [ 108.3880975, 11.9899862 ], [ 108.3881856, 11.9901033 ], [ 108.3883876, 11.9905865 ], [ 108.3884391, 11.9906359 ], [ 108.3885773, 11.9906503 ], [ 108.3886363, 11.9906267 ], [ 108.3886912, 11.9905716 ], [ 108.3887144, 11.9905124 ], [ 108.3885672, 11.9898283 ], [ 108.3886001, 11.9896887 ], [ 108.3887583, 11.9895431 ], [ 108.3889461, 11.98945 ], [ 108.3892384, 11.9892506 ], [ 108.389461, 11.9891771 ], [ 108.3903408, 11.9890157 ], [ 108.3910637, 11.9887835 ], [ 108.3912072, 11.9887612 ], [ 108.3914727, 11.9887494 ], [ 108.3918872, 11.9887486 ], [ 108.3921124, 11.9887193 ], [ 108.3924277, 11.9886439 ], [ 108.3928393, 11.988491 ], [ 108.3930056, 11.9884123 ], [ 108.3932622, 11.9882609 ] ], [ [ 108.3932622, 11.9882609 ], [ 108.3933342, 11.988189 ], [ 108.3934329, 11.9880489 ], [ 108.3939023, 11.9867294 ], [ 108.3943415, 11.9853977 ], [ 108.3944406, 11.9851431 ], [ 108.3945933, 11.98496 ], [ 108.3947651, 11.9847863 ], [ 108.3949327, 11.9845685 ], [ 108.3949783, 11.9844675 ], [ 108.3950494, 11.9842051 ], [ 108.3950985, 11.9841006 ], [ 108.3951741, 11.9840018 ], [ 108.3953567, 11.9838728 ], [ 108.3954518, 11.9838365 ], [ 108.3965492, 11.9835938 ], [ 108.3969846, 11.9834167 ], [ 108.3974741, 11.9831176 ], [ 108.3983569, 11.982485 ] ], [ [ 108.3983569, 11.982485 ], [ 108.3983022, 11.9823693 ], [ 108.3982788, 11.9822675 ], [ 108.3982868, 11.9816273 ], [ 108.3982413, 11.9814791 ], [ 108.3981849, 11.9814017 ], [ 108.3980084, 11.9812922 ], [ 108.3973011, 11.9811117 ], [ 108.3970455, 11.9810168 ] ], [ [ 108.3970455, 11.9810168 ], [ 108.3967124, 11.9807042 ], [ 108.396581, 11.9805384 ], [ 108.396475, 11.9803173 ], [ 108.3964401, 11.9801868 ], [ 108.3964286, 11.9800499 ], [ 108.3964321, 11.9798825 ], [ 108.3964562, 11.9797382 ], [ 108.3965729, 11.9794705 ], [ 108.3968371, 11.9790862 ], [ 108.3970474, 11.9788695 ] ], [ [ 108.3970474, 11.9788695 ], [ 108.3972448, 11.9786808 ], [ 108.3972924, 11.9785734 ] ], [ [ 108.3972924, 11.9785734 ], [ 108.3972877, 11.9782544 ], [ 108.3972555, 11.9779225 ], [ 108.3971456, 11.9772154 ], [ 108.3968523, 11.9763087 ] ], [ [ 108.3968523, 11.9763087 ], [ 108.3968409, 11.9762517 ] ], [ [ 108.3968409, 11.9762517 ], [ 108.3967391, 11.9758004 ], [ 108.396652, 11.9755086 ], [ 108.3965394, 11.9752947 ], [ 108.3964763, 11.9752061 ], [ 108.3963892, 11.9751268 ], [ 108.3959318, 11.9748282 ], [ 108.3957884, 11.9747149 ], [ 108.3955295, 11.9744669 ], [ 108.3951326, 11.9740497 ], [ 108.3948656, 11.9738365 ], [ 108.3946404, 11.9737375 ], [ 108.3941858, 11.9735748 ], [ 108.3939859, 11.9734462 ], [ 108.3938196, 11.9732914 ], [ 108.393141, 11.9725673 ], [ 108.3926494, 11.9721338 ], [ 108.3924731, 11.9719441 ], [ 108.3924048, 11.9718483 ], [ 108.3923833, 11.9717735 ], [ 108.3923498, 11.9715085 ], [ 108.3924987, 11.9708867 ], [ 108.3925322, 11.9706886 ], [ 108.3925576, 11.9702831 ] ], [ [ 108.3925576, 11.9702831 ], [ 108.3925563, 11.9699604 ], [ 108.3925228, 11.9698332 ], [ 108.3922331, 11.9693608 ], [ 108.3921947, 11.969218 ] ], [ [ 108.3921947, 11.969218 ], [ 108.3920572, 11.9685739 ], [ 108.3920157, 11.9682169 ], [ 108.3920248, 11.9677837 ], [ 108.3920551, 11.9676148 ], [ 108.3921652, 11.9674528 ], [ 108.3922357, 11.9673911 ], [ 108.3926263, 11.9671959 ], [ 108.3930679, 11.9670414 ], [ 108.3933566, 11.9670118 ], [ 108.3934864, 11.9669694 ], [ 108.3935644, 11.9669195 ], [ 108.3936435, 11.9668356 ], [ 108.3937372, 11.9666505 ], [ 108.3937426, 11.9665462 ], [ 108.3937125, 11.9663434 ], [ 108.3936639, 11.9662657 ], [ 108.3935037, 11.9661125 ], [ 108.3931504, 11.9659406 ], [ 108.3925107, 11.9657982 ], [ 108.3917952, 11.9655855 ], [ 108.3903024, 11.965107 ], [ 108.3901168, 11.9650275 ], [ 108.3900082, 11.9649527 ], [ 108.389862, 11.9648215 ], [ 108.3896005, 11.9645434 ], [ 108.3893296, 11.9641944 ], [ 108.3891767, 11.9639797 ], [ 108.3890654, 11.9637916 ], [ 108.3890252, 11.9636079 ], [ 108.3889863, 11.9631225 ], [ 108.3889286, 11.9628089 ], [ 108.3887449, 11.9622802 ], [ 108.3884458, 11.9615363 ], [ 108.3884034, 11.9613671 ], [ 108.3884002, 11.961287 ], [ 108.388415, 11.9612162 ], [ 108.3885035, 11.9610614 ], [ 108.3885853, 11.960963 ], [ 108.3887025, 11.9608685 ], [ 108.3892483, 11.9606429 ], [ 108.3895125, 11.9606179 ] ], [ [ 108.3895125, 11.9606179 ], [ 108.3897547, 11.960652 ], [ 108.3899412, 11.9606979 ], [ 108.3904186, 11.9608462 ], [ 108.3906372, 11.9608462 ], [ 108.3908571, 11.9607963 ], [ 108.3910851, 11.9606796 ], [ 108.3914405, 11.9603135 ], [ 108.3916189, 11.9601941 ], [ 108.391698, 11.9601771 ], [ 108.3920211, 11.9601658 ], [ 108.3921781, 11.9601771 ], [ 108.3923637, 11.9602125 ], [ 108.3926153, 11.9603936 ], [ 108.3927601, 11.9605437 ], [ 108.393369, 11.9612561 ], [ 108.3934602, 11.9613474 ], [ 108.3936936, 11.9614812 ], [ 108.3939806, 11.9615311 ], [ 108.3943641, 11.9615232 ], [ 108.3945894, 11.9614655 ], [ 108.3948764, 11.961329 ], [ 108.3950937, 11.9611913 ], [ 108.3951956, 11.9610719 ], [ 108.3952412, 11.9609931 ], [ 108.3953337, 11.9606297 ], [ 108.3954906, 11.9601456 ], [ 108.3955912, 11.9599016 ], [ 108.3956722, 11.9597573 ], [ 108.3959404, 11.9595382 ], [ 108.3964696, 11.9592487 ], [ 108.3970463, 11.9590317 ], [ 108.3971335, 11.9589792 ], [ 108.3972421, 11.9588743 ], [ 108.3973159, 11.9587772 ], [ 108.397454, 11.9585253 ], [ 108.3975399, 11.9582445 ], [ 108.397568, 11.9579861 ], [ 108.3975448, 11.957759 ], [ 108.3973902, 11.9569601 ], [ 108.3974545, 11.955879 ], [ 108.3981644, 11.9532856 ] ], [ [ 108.3981644, 11.9532856 ], [ 108.3983364, 11.9526572 ], [ 108.3989335, 11.9514846 ] ], [ [ 108.3989335, 11.9514846 ], [ 108.399922, 11.9505872 ], [ 108.4000742, 11.9503612 ], [ 108.4002314, 11.9500824 ], [ 108.4003478, 11.9498341 ], [ 108.4004407, 11.949535 ], [ 108.4005232, 11.949105 ], [ 108.4006356, 11.9486488 ], [ 108.4007275, 11.9483801 ], [ 108.4008601, 11.9482048 ], [ 108.4009956, 11.9481248 ], [ 108.4011972, 11.9480849 ], [ 108.4013395, 11.9480904 ], [ 108.4014493, 11.9481921 ], [ 108.4016973, 11.9483794 ], [ 108.4019575, 11.9486212 ], [ 108.4021103, 11.9487035 ], [ 108.402172, 11.9487218 ], [ 108.4023611, 11.9487284 ], [ 108.4026334, 11.9487104 ], [ 108.4028675, 11.9487136 ], [ 108.4029606, 11.9487337 ], [ 108.4030853, 11.9487852 ], [ 108.403556, 11.949113 ], [ 108.4039865, 11.9493884 ], [ 108.4041488, 11.94945 ], [ 108.4043258, 11.9494684 ], [ 108.4044814, 11.9494435 ], [ 108.4046464, 11.9493293 ], [ 108.4048221, 11.949164 ], [ 108.4049233, 11.9490935 ], [ 108.4050795, 11.949038 ], [ 108.4053505, 11.9490147 ], [ 108.405958, 11.9490105 ], [ 108.4066158, 11.9489449 ], [ 108.4084674, 11.9483625 ] ], [ [ 108.4084674, 11.9483625 ], [ 108.4095696, 11.9481461 ], [ 108.4100868, 11.9480655 ], [ 108.4102512, 11.9480239 ], [ 108.4104223, 11.9479453 ], [ 108.410972, 11.947539 ], [ 108.4112403, 11.9473765 ], [ 108.4114931, 11.9472623 ], [ 108.4117418, 11.9471753 ], [ 108.4119307, 11.9471613 ], [ 108.4121104, 11.9471111 ] ], [ [ 108.4121104, 11.9471111 ], [ 108.4124499, 11.9469277 ] ], [ [ 108.4124499, 11.9469277 ], [ 108.4125489, 11.9468884 ], [ 108.412765, 11.9468762 ], [ 108.4130243, 11.9469467 ], [ 108.4138934, 11.9473402 ], [ 108.4141077, 11.947411 ], [ 108.4146328, 11.94746 ] ], [ [ 108.4146328, 11.94746 ], [ 108.4148131, 11.9474373 ], [ 108.4149543, 11.9473924 ], [ 108.4150583, 11.947313 ], [ 108.4151407, 11.9472005 ], [ 108.4153439, 11.946764 ], [ 108.4154377, 11.946609 ], [ 108.4155536, 11.9464678 ], [ 108.415648, 11.9464208 ], [ 108.4157618, 11.9463863 ], [ 108.4160064, 11.9463937 ], [ 108.416386, 11.9464906 ], [ 108.4165716, 11.9464923 ], [ 108.4167513, 11.9464518 ] ], [ [ 108.4167513, 11.9464518 ], [ 108.416855, 11.946384 ], [ 108.4169681, 11.9462588 ], [ 108.4173079, 11.9458231 ], [ 108.4175107, 11.9456819 ], [ 108.4178029, 11.9455497 ], [ 108.418002, 11.9454345 ], [ 108.4181435, 11.9453117 ], [ 108.4182425, 11.9451694 ], [ 108.4183246, 11.9449839 ], [ 108.4183589, 11.9448113 ], [ 108.4183566, 11.9446586 ] ], [ [ 108.4183566, 11.9446586 ], [ 108.418347, 11.9445498 ], [ 108.4183161, 11.9444433 ], [ 108.4182406, 11.9443218 ], [ 108.4181508, 11.9442481 ], [ 108.4179929, 11.9441678 ], [ 108.4170644, 11.9438117 ], [ 108.4168371, 11.9436731 ], [ 108.4167547, 11.943576 ], [ 108.416683, 11.9434482 ], [ 108.4166555, 11.943336 ], [ 108.4166501, 11.9431485 ], [ 108.4166777, 11.9430017 ], [ 108.4167296, 11.9428686 ], [ 108.4168424, 11.9426818 ], [ 108.4178812, 11.9412453 ] ], [ [ 108.4178812, 11.9412453 ], [ 108.417944, 11.9410986 ], [ 108.4179507, 11.9410144 ] ], [ [ 108.4179507, 11.9410144 ], [ 108.4179399, 11.9409859 ] ], [ [ 108.4179399, 11.9409859 ], [ 108.4178682, 11.9409174 ], [ 108.4177355, 11.9408589 ] ], [ [ 108.4177355, 11.9408589 ], [ 108.4172305, 11.9408229 ], [ 108.4168326, 11.9408254 ], [ 108.4165504, 11.9408947 ], [ 108.4160275, 11.9410992 ], [ 108.4157694, 11.9411382 ], [ 108.4155902, 11.9411234 ], [ 108.4150105, 11.9410192 ], [ 108.4146589, 11.940982 ], [ 108.4138301, 11.940945 ], [ 108.4136619, 11.9408939 ], [ 108.4133412, 11.9406853 ] ], [ [ 108.4133412, 11.9406853 ], [ 108.412943, 11.9404538 ] ], [ [ 108.412943, 11.9404538 ], [ 108.4127968, 11.9404951 ], [ 108.4117937, 11.9403934 ], [ 108.4113976, 11.9403102 ] ], [ [ 108.4113976, 11.9403102 ], [ 108.411372, 11.9404926 ], [ 108.4113371, 11.9405319 ], [ 108.4109995, 11.9407792 ], [ 108.410522, 11.9411676 ], [ 108.4103061, 11.9412975 ], [ 108.4099641, 11.94143 ], [ 108.40983, 11.9415087 ], [ 108.4096207, 11.9416767 ], [ 108.4089662, 11.942317 ], [ 108.408848, 11.9424528 ], [ 108.4086442, 11.9427375 ] ], [ [ 108.4086442, 11.9427375 ], [ 108.4085315, 11.942832 ], [ 108.4082419, 11.9427349 ], [ 108.4075499, 11.9428609 ], [ 108.4073245, 11.9431364 ] ], [ [ 108.4073245, 11.9431364 ], [ 108.4075767, 11.9434618 ], [ 108.4075992, 11.9437461 ] ], [ [ 108.4075992, 11.9437461 ], [ 108.4073712, 11.9436479 ], [ 108.4070861, 11.9438989 ], [ 108.4067028, 11.9440787 ], [ 108.4063702, 11.9446272 ], [ 108.4060914, 11.9449402 ], [ 108.405857, 11.9454609 ], [ 108.4055466, 11.9460094 ], [ 108.4052393, 11.9462418 ], [ 108.4047325, 11.9465207 ], [ 108.4042954, 11.9466974 ], [ 108.4039279, 11.9464897 ], [ 108.4036935, 11.9464278 ], [ 108.4034686, 11.9465424 ], [ 108.4033546, 11.9464371 ], [ 108.4032564, 11.9464464 ], [ 108.4031233, 11.9465548 ], [ 108.4030441, 11.9465393 ] ], [ [ 108.4030441, 11.9465393 ], [ 108.4029778, 11.9485347 ] ] ] } },
{ "type": "Feature", "properties": { "edge_id": "E051", "from_node": "DL21", "to_node": "DL22", "from_name": "Chợ Đà Lạt", "to_name": "Hồ Xuân Hương", "distance_km": 1.986, "connector_distance_m": 251.5, "base_time_min": 4.1, "average_speed_kph": 29.1, "road_type": "residential|secondary", "one_way_share": 0.611, "direction": "directed", "congestion_level": 1, "risk_score": 0, "closed": false, "backbone_edge": false, "data_source": "OpenStreetMap + modeled speeds + connector" }, "geometry": { "type": "MultiLineString", "coordinates": [ [ [ 108.43721, 11.94352 ], [ 108.4370388, 11.9428504 ] ], [ [ 108.4370388, 11.9428504 ], [ 108.4369426, 11.9428725 ], [ 108.4368717, 11.9428587 ], [ 108.4368095, 11.942823 ], [ 108.4367626, 11.9427693 ] ], [ [ 108.4367626, 11.9427693 ], [ 108.4367324, 11.9426455 ], [ 108.436779, 11.9425283 ], [ 108.4368837, 11.9424579 ], [ 108.4370107, 11.942457 ] ], [ [ 108.4370107, 11.942457 ], [ 108.4373504, 11.9411767 ], [ 108.4375707, 11.9404105 ] ], [ [ 108.4375707, 11.9404105 ], [ 108.4374915, 11.9403703 ], [ 108.4374425, 11.9402973 ] ], [ [ 108.4374425, 11.9402973 ], [ 108.4374388, 11.9401991 ], [ 108.4374903, 11.9401147 ] ], [ [ 108.4374903, 11.9401147 ], [ 108.4375928, 11.9400699 ], [ 108.4377022, 11.9400945 ] ], [ [ 108.4377022, 11.9400945 ], [ 108.4378738, 11.939909 ], [ 108.438498, 11.9393883 ] ], [ [ 108.438498, 11.9393883 ], [ 108.43846, 11.939303 ], [ 108.4385037, 11.9392204 ] ], [ [ 108.4385037, 11.9392204 ], [ 108.4385987, 11.9392021 ], [ 108.4386545, 11.9392364 ], [ 108.4386804, 11.9392955 ], [ 108.4386673, 11.9393587 ] ], [ [ 108.4386673, 11.9393587 ], [ 108.4387649, 11.9393592 ], [ 108.4393618, 11.9396086 ], [ 108.4396883, 11.9397138 ], [ 108.4399749, 11.9397536 ], [ 108.4402828, 11.9397652 ], [ 108.4404277, 11.9397495 ], [ 108.4405886, 11.939697 ], [ 108.4408729, 11.9395291 ], [ 108.4411572, 11.9393086 ], [ 108.4415723, 11.9389201 ], [ 108.4417328, 11.9387418 ] ], [ [ 108.4417328, 11.9387418 ], [ 108.4417073, 11.9387166 ], [ 108.4416831, 11.9386504 ] ], [ [ 108.4416831, 11.9386504 ], [ 108.4416938, 11.9385942 ], [ 108.441733, 11.938546 ], [ 108.4418298, 11.9385232 ] ], [ [ 108.4418298, 11.9385232 ], [ 108.4418894, 11.9385505 ], [ 108.4419266, 11.9386036 ] ], [ [ 108.4419266, 11.9386036 ], [ 108.4419301, 11.9386729 ] ], [ [ 108.4419301, 11.9386729 ], [ 108.4422469, 11.9387259 ], [ 108.4434942, 11.9391104 ], [ 108.4439649, 11.9392706 ], [ 108.4461427, 11.9399138 ] ], [ [ 108.4461427, 11.9399138 ], [ 108.4470305, 11.9402065 ] ], [ [ 108.4470305, 11.9402065 ], [ 108.4477173, 11.940427 ], [ 108.4479507, 11.9404825 ] ], [ [ 108.4479507, 11.9404825 ], [ 108.4480834, 11.9408573 ] ], [ [ 108.4480834, 11.9408573 ], [ 108.4468389, 11.94185 ] ] ] } },
{ "type": "Feature", "properties": { "edge_id": "E052", "from_node": "DL22", "to_node": "DL21", "from_name": "Hồ Xuân Hương", "to_name": "Chợ Đà Lạt", "distance_km": 1.875, "connector_distance_m": 251.5, "base_time_min": 3.88, "average_speed_kph": 29.0, "road_type": "residential|secondary", "one_way_share": 0.417, "direction": "directed", "congestion_level": 1, "risk_score": 0, "closed": false, "backbone_edge": false, "data_source": "OpenStreetMap + modeled speeds + connector" }, "geometry": { "type": "MultiLineString", "coordinates": [ [ [ 108.4468389, 11.94185 ], [ 108.4480834, 11.9408573 ] ], [ [ 108.4480834, 11.9408573 ], [ 108.4479507, 11.9404825 ] ], [ [ 108.4479507, 11.9404825 ], [ 108.4477173, 11.940427 ], [ 108.4470305, 11.9402065 ] ], [ [ 108.4470305, 11.9402065 ], [ 108.4461427, 11.9399138 ] ], [ [ 108.4461427, 11.9399138 ], [ 108.4439649, 11.9392706 ], [ 108.4434942, 11.9391104 ], [ 108.4422469, 11.9387259 ], [ 108.4419301, 11.9386729 ] ], [ [ 108.4419301, 11.9386729 ], [ 108.4418843, 11.9387415 ], [ 108.4418467, 11.9387607 ], [ 108.441768, 11.9387601 ], [ 108.4417328, 11.9387418 ] ], [ [ 108.4417328, 11.9387418 ], [ 108.4415723, 11.9389201 ], [ 108.4411572, 11.9393086 ], [ 108.4408729, 11.9395291 ], [ 108.4405886, 11.939697 ], [ 108.4404277, 11.9397495 ], [ 108.4402828, 11.9397652 ], [ 108.4399749, 11.9397536 ], [ 108.4396883, 11.9397138 ], [ 108.4393618, 11.9396086 ], [ 108.4387649, 11.9393592 ], [ 108.4386673, 11.9393587 ] ], [ [ 108.4386673, 11.9393587 ], [ 108.4385899, 11.9394131 ], [ 108.438498, 11.9393883 ] ], [ [ 108.438498, 11.9393883 ], [ 108.4378738, 11.939909 ], [ 108.4377022, 11.9400945 ] ], [ [ 108.4377022, 11.9400945 ], [ 108.4377447, 11.9401301 ], [ 108.4377863, 11.9402304 ], [ 108.4377588, 11.9403351 ] ], [ [ 108.4377588, 11.9403351 ], [ 108.437677, 11.9404019 ], [ 108.4375707, 11.9404105 ] ], [ [ 108.4375707, 11.9404105 ], [ 108.4373504, 11.9411767 ], [ 108.4370107, 11.942457 ] ], [ [ 108.4370107, 11.942457 ], [ 108.4370723, 11.9424859 ], [ 108.4371216, 11.9425321 ], [ 108.4371538, 11.942591 ], [ 108.4371657, 11.9426567 ], [ 108.4371561, 11.9427228 ], [ 108.437126, 11.9427828 ], [ 108.4370388, 11.9428504 ] ], [ [ 108.4370388, 11.9428504 ], [ 108.43721, 11.94352 ] ] ] } },
{ "type": "Feature", "properties": { "edge_id": "E053", "from_node": "DL21", "to_node": "DL23", "from_name": "Chợ Đà Lạt", "to_name": "Quảng trường Lâm Viên", "distance_km": 1.982, "connector_distance_m": 208.0, "base_time_min": 3.97, "average_speed_kph": 29.9, "road_type": "primary|residential|secondary", "one_way_share": 0.85, "direction": "directed", "congestion_level": 1, "risk_score": 0, "closed": false, "backbone_edge": true, "data_source": "OpenStreetMap + modeled speeds + connector" }, "geometry": { "type": "MultiLineString", "coordinates": [ [ [ 108.43721, 11.94352 ], [ 108.4370388, 11.9428504 ] ], [ [ 108.4370388, 11.9428504 ], [ 108.4369426, 11.9428725 ], [ 108.4368717, 11.9428587 ], [ 108.4368095, 11.942823 ], [ 108.4367626, 11.9427693 ] ], [ [ 108.4367626, 11.9427693 ], [ 108.4367324, 11.9426455 ], [ 108.436779, 11.9425283 ], [ 108.4368837, 11.9424579 ], [ 108.4370107, 11.942457 ] ], [ [ 108.4370107, 11.942457 ], [ 108.4373504, 11.9411767 ], [ 108.4375707, 11.9404105 ] ], [ [ 108.4375707, 11.9404105 ], [ 108.4374915, 11.9403703 ], [ 108.4374425, 11.9402973 ] ], [ [ 108.4374425, 11.9402973 ], [ 108.4374388, 11.9401991 ], [ 108.4374903, 11.9401147 ] ], [ [ 108.4374903, 11.9401147 ], [ 108.4375928, 11.9400699 ], [ 108.4377022, 11.9400945 ] ], [ [ 108.4377022, 11.9400945 ], [ 108.4378738, 11.939909 ], [ 108.438498, 11.9393883 ] ], [ [ 108.438498, 11.9393883 ], [ 108.43846, 11.939303 ], [ 108.4385037, 11.9392204 ] ], [ [ 108.4385037, 11.9392204 ], [ 108.4385987, 11.9392021 ], [ 108.4386545, 11.9392364 ], [ 108.4386804, 11.9392955 ], [ 108.4386673, 11.9393587 ] ], [ [ 108.4386673, 11.9393587 ], [ 108.4387649, 11.9393592 ], [ 108.4393618, 11.9396086 ], [ 108.4396883, 11.9397138 ], [ 108.4399749, 11.9397536 ], [ 108.4402828, 11.9397652 ], [ 108.4404277, 11.9397495 ], [ 108.4405886, 11.939697 ], [ 108.4408729, 11.9395291 ], [ 108.4411572, 11.9393086 ], [ 108.4415723, 11.9389201 ], [ 108.4417328, 11.9387418 ] ], [ [ 108.4417328, 11.9387418 ], [ 108.4417073, 11.9387166 ], [ 108.4416831, 11.9386504 ] ], [ [ 108.4416831, 11.9386504 ], [ 108.4416938, 11.9385942 ], [ 108.441733, 11.938546 ], [ 108.4418298, 11.9385232 ] ], [ [ 108.4418298, 11.9385232 ], [ 108.4424412, 11.9383214 ], [ 108.4440168, 11.9378961 ] ], [ [ 108.4440168, 11.9378961 ], [ 108.444906, 11.9376454 ], [ 108.4451252, 11.9375149 ], [ 108.4452349, 11.9373948 ], [ 108.4453191, 11.9372728 ], [ 108.4455266, 11.9365547 ] ], [ [ 108.4455266, 11.9365547 ], [ 108.4455585, 11.9363021 ], [ 108.4455368, 11.936054 ] ], [ [ 108.4455368, 11.936054 ], [ 108.4455092, 11.9359371 ] ], [ [ 108.4455092, 11.9359371 ], [ 108.4456145, 11.9358859 ] ], [ [ 108.4456145, 11.9358859 ], [ 108.445642, 11.9359998 ] ], [ [ 108.445642, 11.9359998 ], [ 108.4456571, 11.9361122 ], [ 108.4456558, 11.9363094 ] ], [ [ 108.4456558, 11.9363094 ], [ 108.4456291, 11.9364884 ], [ 108.4455299, 11.9368725 ], [ 108.4453822, 11.9373403 ], [ 108.4452952, 11.9374747 ], [ 108.4452229, 11.9375556 ], [ 108.4450793, 11.9376623 ] ], [ [ 108.4450793, 11.9376623 ], [ 108.44501, 11.93884 ] ] ] } },
{ "type": "Feature", "properties": { "edge_id": "E054", "from_node": "DL23", "to_node": "DL21", "from_name": "Quảng trường Lâm Viên", "to_name": "Chợ Đà Lạt", "distance_km": 1.469, "connector_distance_m": 208.0, "base_time_min": 3.16, "average_speed_kph": 27.9, "road_type": "residential|secondary", "one_way_share": 0.727, "direction": "directed", "congestion_level": 1, "risk_score": 0, "closed": false, "backbone_edge": true, "data_source": "OpenStreetMap + modeled speeds + connector" }, "geometry": { "type": "MultiLineString", "coordinates": [ [ [ 108.44501, 11.93884 ], [ 108.4450793, 11.9376623 ] ], [ [ 108.4450793, 11.9376623 ], [ 108.4449282, 11.9377282 ], [ 108.4440749, 11.9379755 ] ], [ [ 108.4440749, 11.9379755 ], [ 108.4422277, 11.9384693 ], [ 108.4419266, 11.9386036 ] ], [ [ 108.4419266, 11.9386036 ], [ 108.4419301, 11.9386729 ] ], [ [ 108.4419301, 11.9386729 ], [ 108.4418843, 11.9387415 ], [ 108.4418467, 11.9387607 ], [ 108.441768, 11.9387601 ], [ 108.4417328, 11.9387418 ] ], [ [ 108.4417328, 11.9387418 ], [ 108.4415723, 11.9389201 ], [ 108.4411572, 11.9393086 ], [ 108.4408729, 11.9395291 ], [ 108.4405886, 11.939697 ], [ 108.4404277, 11.9397495 ], [ 108.4402828, 11.9397652 ], [ 108.4399749, 11.9397536 ], [ 108.4396883, 11.9397138 ], [ 108.4393618, 11.9396086 ], [ 108.4387649, 11.9393592 ], [ 108.4386673, 11.9393587 ] ], [ [ 108.4386673, 11.9393587 ], [ 108.4385899, 11.9394131 ], [ 108.438498, 11.9393883 ] ], [ [ 108.438498, 11.9393883 ], [ 108.4378738, 11.939909 ], [ 108.4377022, 11.9400945 ] ], [ [ 108.4377022, 11.9400945 ], [ 108.4377447, 11.9401301 ], [ 108.4377863, 11.9402304 ], [ 108.4377588, 11.9403351 ] ], [ [ 108.4377588, 11.9403351 ], [ 108.437677, 11.9404019 ], [ 108.4375707, 11.9404105 ] ], [ [ 108.4375707, 11.9404105 ], [ 108.4373504, 11.9411767 ], [ 108.4370107, 11.942457 ] ], [ [ 108.4370107, 11.942457 ], [ 108.4370723, 11.9424859 ], [ 108.4371216, 11.9425321 ], [ 108.4371538, 11.942591 ], [ 108.4371657, 11.9426567 ], [ 108.4371561, 11.9427228 ], [ 108.437126, 11.9427828 ], [ 108.4370388, 11.9428504 ] ], [ [ 108.4370388, 11.9428504 ], [ 108.43721, 11.94352 ] ] ] } },
{ "type": "Feature", "properties": { "edge_id": "E055", "from_node": "DL22", "to_node": "DL23", "from_name": "Hồ Xuân Hương", "to_name": "Quảng trường Lâm Viên", "distance_km": 0.942, "connector_distance_m": 305.9, "base_time_min": 2.56, "average_speed_kph": 22.1, "road_type": "residential|secondary|tertiary", "one_way_share": 0.0, "direction": "directed", "congestion_level": 1, "risk_score": 0, "closed": false, "backbone_edge": true, "data_source": "OpenStreetMap + modeled speeds + connector" }, "geometry": { "type": "MultiLineString", "coordinates": [ [ [ 108.4468389, 11.94185 ], [ 108.4480834, 11.9408573 ] ], [ [ 108.4480834, 11.9408573 ], [ 108.4479507, 11.9404825 ] ], [ [ 108.4479507, 11.9404825 ], [ 108.4477173, 11.940427 ], [ 108.4470305, 11.9402065 ] ], [ [ 108.4470305, 11.9402065 ], [ 108.4461427, 11.9399138 ] ], [ [ 108.4461427, 11.9399138 ], [ 108.4466152, 11.9381911 ] ], [ [ 108.4466152, 11.9381911 ], [ 108.4464175, 11.9381701 ], [ 108.4459766, 11.9381948 ], [ 108.4459014, 11.9381898 ], [ 108.4457445, 11.9381449 ], [ 108.445479, 11.9380075 ], [ 108.4453328, 11.9379012 ], [ 108.4450793, 11.9376623 ] ], [ [ 108.4450793, 11.9376623 ], [ 108.44501, 11.93884 ] ] ] } },
{ "type": "Feature", "properties": { "edge_id": "E056", "from_node": "DL23", "to_node": "DL22", "from_name": "Quảng trường Lâm Viên", "to_name": "Hồ Xuân Hương", "distance_km": 0.942, "connector_distance_m": 305.9, "base_time_min": 2.56, "average_speed_kph": 22.1, "road_type": "residential|secondary|tertiary", "one_way_share": 0.0, "direction": "directed", "congestion_level": 1, "risk_score": 0, "closed": false, "backbone_edge": true, "data_source": "OpenStreetMap + modeled speeds + connector" }, "geometry": { "type": "MultiLineString", "coordinates": [ [ [ 108.44501, 11.93884 ], [ 108.4450793, 11.9376623 ] ], [ [ 108.4450793, 11.9376623 ], [ 108.4453328, 11.9379012 ], [ 108.445479, 11.9380075 ], [ 108.4457445, 11.9381449 ], [ 108.4459014, 11.9381898 ], [ 108.4459766, 11.9381948 ], [ 108.4464175, 11.9381701 ], [ 108.4466152, 11.9381911 ] ], [ [ 108.4466152, 11.9381911 ], [ 108.4461427, 11.9399138 ] ], [ [ 108.4461427, 11.9399138 ], [ 108.4470305, 11.9402065 ] ], [ [ 108.4470305, 11.9402065 ], [ 108.4477173, 11.940427 ], [ 108.4479507, 11.9404825 ] ], [ [ 108.4479507, 11.9404825 ], [ 108.4480834, 11.9408573 ] ], [ [ 108.4480834, 11.9408573 ], [ 108.4468389, 11.94185 ] ] ] } },
{ "type": "Feature", "properties": { "edge_id": "E057", "from_node": "DL23", "to_node": "DL25", "from_name": "Quảng trường Lâm Viên", "to_name": "Bến xe Liên tỉnh Đà Lạt", "distance_km": 2.47, "connector_distance_m": 271.7, "base_time_min": 4.28, "average_speed_kph": 34.6, "road_type": "primary|secondary|tertiary", "one_way_share": 0.875, "direction": "directed", "congestion_level": 1, "risk_score": 0, "closed": false, "backbone_edge": true, "data_source": "OpenStreetMap + modeled speeds + connector" }, "geometry": { "type": "MultiLineString", "coordinates": [ [ [ 108.44501, 11.93884 ], [ 108.4450793, 11.9376623 ] ], [ [ 108.4450793, 11.9376623 ], [ 108.4449282, 11.9377282 ], [ 108.4440749, 11.9379755 ] ], [ [ 108.4440749, 11.9379755 ], [ 108.4440168, 11.9378961 ] ], [ [ 108.4440168, 11.9378961 ], [ 108.444906, 11.9376454 ], [ 108.4451252, 11.9375149 ], [ 108.4452349, 11.9373948 ], [ 108.4453191, 11.9372728 ], [ 108.4455266, 11.9365547 ] ], [ [ 108.4455266, 11.9365547 ], [ 108.4455585, 11.9363021 ], [ 108.4455368, 11.936054 ] ], [ [ 108.4455368, 11.936054 ], [ 108.4455092, 11.9359371 ] ], [ [ 108.4455092, 11.9359371 ], [ 108.4454501, 11.9357434 ], [ 108.4453246, 11.9354774 ] ], [ [ 108.4453246, 11.9354774 ], [ 108.4452687, 11.9353222 ], [ 108.4452268, 11.9351274 ] ], [ [ 108.4452268, 11.9351274 ], [ 108.4452139, 11.9349358 ], [ 108.4452456, 11.9346498 ], [ 108.4455954, 11.9332906 ] ], [ [ 108.4455954, 11.9332906 ], [ 108.4456241, 11.9331798 ] ], [ [ 108.4456241, 11.9331798 ], [ 108.4458418, 11.9325076 ], [ 108.4461306, 11.931526 ] ], [ [ 108.4461306, 11.931526 ], [ 108.446353, 11.9308877 ], [ 108.4464738, 11.9306144 ] ], [ [ 108.4464738, 11.9306144 ], [ 108.4469904, 11.9299264 ] ], [ [ 108.4469904, 11.9299264 ], [ 108.4473687, 11.9295452 ], [ 108.4479046, 11.9290695 ], [ 108.4479466, 11.9290116 ], [ 108.4480001, 11.9288853 ], [ 108.4480177, 11.9286743 ], [ 108.447964, 11.9284683 ], [ 108.4478895, 11.9283312 ], [ 108.4473063, 11.9276878 ], [ 108.4471648, 11.9275117 ], [ 108.4470779, 11.9273774 ], [ 108.4469152, 11.9270553 ], [ 108.4468721, 11.9269173 ], [ 108.4468368, 11.9267047 ], [ 108.4468439, 11.9260875 ] ], [ [ 108.4468439, 11.9260875 ], [ 108.4468069, 11.9259419 ], [ 108.446733, 11.9258444 ], [ 108.4466607, 11.9258206 ], [ 108.4465804, 11.9258195 ] ], [ [ 108.4465804, 11.9258195 ], [ 108.4463951, 11.9259272 ] ], [ [ 108.4463951, 11.9259272 ], [ 108.4462122, 11.926156 ], [ 108.4461066, 11.9264257 ], [ 108.4460755, 11.9265721 ], [ 108.4460812, 11.9267198 ], [ 108.4461264, 11.9268826 ], [ 108.4462958, 11.9272434 ], [ 108.4463736, 11.9274968 ], [ 108.446403, 11.9276652 ], [ 108.4463856, 11.9278359 ], [ 108.4463255, 11.9279568 ], [ 108.4462555, 11.9280406 ], [ 108.4461162, 11.928162 ], [ 108.4458057, 11.928275 ], [ 108.445664, 11.9283017 ], [ 108.4455085, 11.9283083 ], [ 108.4453435, 11.9282938 ], [ 108.4449135, 11.9281951 ], [ 108.4448093, 11.9280943 ], [ 108.4446488, 11.9278217 ] ], [ [ 108.4446488, 11.9278217 ], [ 108.44551, 11.92688 ] ] ] } },
{ "type": "Feature", "properties": { "edge_id": "E058", "from_node": "DL25", "to_node": "DL23", "from_name": "Bến xe Liên tỉnh Đà Lạt", "to_name": "Quảng trường Lâm Viên", "distance_km": 2.293, "connector_distance_m": 271.7, "base_time_min": 4.0, "average_speed_kph": 34.4, "road_type": "primary|secondary|tertiary", "one_way_share": 0.941, "direction": "directed", "congestion_level": 1, "risk_score": 0, "closed": false, "backbone_edge": true, "data_source": "OpenStreetMap + modeled speeds + connector" }, "geometry": { "type": "MultiLineString", "coordinates": [ [ [ 108.44551, 11.92688 ], [ 108.4446488, 11.9278217 ] ], [ [ 108.4446488, 11.9278217 ], [ 108.4448093, 11.9280943 ], [ 108.4449135, 11.9281951 ], [ 108.4453435, 11.9282938 ], [ 108.4455085, 11.9283083 ], [ 108.445664, 11.9283017 ], [ 108.4458057, 11.928275 ], [ 108.4461162, 11.928162 ], [ 108.4462555, 11.9280406 ], [ 108.4463255, 11.9279568 ], [ 108.4463856, 11.9278359 ], [ 108.446403, 11.9276652 ], [ 108.4463736, 11.9274968 ], [ 108.4462958, 11.9272434 ], [ 108.4461264, 11.9268826 ], [ 108.4460812, 11.9267198 ], [ 108.4460755, 11.9265721 ], [ 108.4461066, 11.9264257 ], [ 108.4462122, 11.926156 ], [ 108.4463951, 11.9259272 ] ], [ [ 108.4463951, 11.9259272 ], [ 108.4464737, 11.9258127 ] ], [ [ 108.4464737, 11.9258127 ], [ 108.4465742, 11.9257464 ], [ 108.4468465, 11.9256113 ] ], [ [ 108.4468465, 11.9256113 ], [ 108.4469307, 11.9255993 ] ], [ [ 108.4469307, 11.9255993 ], [ 108.4469317, 11.9256779 ] ], [ [ 108.4469317, 11.9256779 ], [ 108.446921, 11.9266664 ], [ 108.4469361, 11.9268006 ], [ 108.4469891, 11.926981 ] ], [ [ 108.4469891, 11.926981 ], [ 108.4470193, 11.9270484 ] ], [ [ 108.4470193, 11.9270484 ], [ 108.4471761, 11.9273474 ], [ 108.447312, 11.9275476 ], [ 108.4479037, 11.9282164 ], [ 108.4480017, 11.9283567 ], [ 108.448094, 11.9285867 ], [ 108.4481082, 11.9286684 ], [ 108.4481037, 11.9288338 ] ], [ [ 108.4481037, 11.9288338 ], [ 108.44807, 11.9289591 ], [ 108.4479734, 11.9291224 ], [ 108.4472581, 11.9297634 ], [ 108.4470554, 11.9299771 ] ], [ [ 108.4470554, 11.9299771 ], [ 108.4465878, 11.9305876 ], [ 108.4465237, 11.9307055 ], [ 108.4462304, 11.9315514 ] ], [ [ 108.4462304, 11.9315514 ], [ 108.4457207, 11.9332067 ] ], [ [ 108.4457207, 11.9332067 ], [ 108.4456951, 11.9333227 ] ], [ [ 108.4456951, 11.9333227 ], [ 108.445468, 11.934111 ], [ 108.4453315, 11.9346668 ], [ 108.4453124, 11.9348919 ], [ 108.4453315, 11.9351169 ] ], [ [ 108.4453315, 11.9351169 ], [ 108.4454068, 11.9353856 ], [ 108.4455501, 11.9357001 ], [ 108.4456145, 11.9358859 ] ], [ [ 108.4456145, 11.9358859 ], [ 108.445642, 11.9359998 ] ], [ [ 108.445642, 11.9359998 ], [ 108.4456571, 11.9361122 ], [ 108.4456558, 11.9363094 ] ], [ [ 108.4456558, 11.9363094 ], [ 108.4456291, 11.9364884 ], [ 108.4455299, 11.9368725 ], [ 108.4453822, 11.9373403 ], [ 108.4452952, 11.9374747 ], [ 108.4452229, 11.9375556 ], [ 108.4450793, 11.9376623 ] ], [ [ 108.4450793, 11.9376623 ], [ 108.44501, 11.93884 ] ] ] } },
{ "type": "Feature", "properties": { "edge_id": "E059", "from_node": "DL24", "to_node": "DL25", "from_name": "Thiền viện Trúc Lâm Đà Lạt", "to_name": "Bến xe Liên tỉnh Đà Lạt", "distance_km": 5.505, "connector_distance_m": 502.0, "base_time_min": 8.53, "average_speed_kph": 38.7, "road_type": "primary|secondary|tertiary|tertiary_link", "one_way_share": 0.5, "direction": "directed", "congestion_level": 1, "risk_score": 0, "closed": false, "backbone_edge": true, "data_source": "OpenStreetMap + modeled speeds + connector" }, "geometry": { "type": "MultiLineString", "coordinates": [ [ [ 108.43562, 11.90363 ], [ 108.4342369, 11.9065858 ] ], [ [ 108.4342369, 11.9065858 ], [ 108.4342711, 11.9066917 ] ], [ [ 108.4342711, 11.9066917 ], [ 108.4343992, 11.9068157 ], [ 108.4344653, 11.906854 ], [ 108.4346065, 11.9068957 ], [ 108.4347765, 11.9068994 ] ], [ [ 108.4347765, 11.9068994 ], [ 108.4348864, 11.9068294 ], [ 108.4360483, 11.9063328 ], [ 108.4362642, 11.9062138 ], [ 108.4365523, 11.9059946 ], [ 108.4367148, 11.905829 ], [ 108.4388271, 11.9032464 ], [ 108.439069, 11.9030152 ], [ 108.4393653, 11.9028399 ], [ 108.4395612, 11.9027691 ], [ 108.4396979, 11.9027596 ], [ 108.4397867, 11.9027785 ], [ 108.4400383, 11.902888 ] ], [ [ 108.4400383, 11.902888 ], [ 108.4402155, 11.9029849 ] ], [ [ 108.4402155, 11.9029849 ], [ 108.440372, 11.9030897 ], [ 108.4407341, 11.9032787 ], [ 108.440974, 11.9033416 ], [ 108.4413081, 11.9033784 ], [ 108.4415308, 11.9034283 ], [ 108.4417561, 11.9035307 ], [ 108.4422114, 11.9039452 ] ], [ [ 108.4422114, 11.9039452 ], [ 108.4425647, 11.904207 ], [ 108.4427162, 11.9042787 ], [ 108.4438519, 11.9044189 ], [ 108.4440332, 11.904423 ], [ 108.4445295, 11.9044834 ], [ 108.4447414, 11.9045516 ], [ 108.4449304, 11.9046582 ], [ 108.4454761, 11.9051356 ], [ 108.4456339, 11.9052374 ], [ 108.4458317, 11.9052982 ], [ 108.4459845, 11.9053088 ], [ 108.4461599, 11.9052967 ], [ 108.446411, 11.9052051 ], [ 108.4469549, 11.9049664 ], [ 108.447109, 11.9049299 ], [ 108.4474335, 11.9049482 ], [ 108.4476811, 11.9050327 ], [ 108.4479278, 11.9051664 ] ], [ [ 108.4479278, 11.9051664 ], [ 108.4480943, 11.9052566 ], [ 108.4481263, 11.9053132 ], [ 108.4481277, 11.9053821 ] ], [ [ 108.4481277, 11.9053821 ], [ 108.4480432, 11.9055309 ], [ 108.4479955, 11.905682 ] ], [ [ 108.4479955, 11.905682 ], [ 108.4479895, 11.9059313 ], [ 108.4480509, 11.9061505 ], [ 108.4481239, 11.9062843 ], [ 108.448619, 11.907003 ], [ 108.4486717, 11.9071351 ], [ 108.4486949, 11.907275 ], [ 108.4486869, 11.9074213 ], [ 108.4485665, 11.9077702 ], [ 108.4485447, 11.9079495 ], [ 108.4485637, 11.9080612 ], [ 108.448706, 11.908423 ], [ 108.448716, 11.9085641 ], [ 108.4486914, 11.9087067 ], [ 108.448589, 11.9089035 ], [ 108.4481844, 11.9092866 ], [ 108.4480942, 11.9094093 ], [ 108.4480324, 11.9095478 ], [ 108.4479988, 11.9097693 ], [ 108.4480411, 11.9100638 ], [ 108.4481558, 11.9104927 ], [ 108.448263, 11.910763 ], [ 108.4486626, 11.9115941 ], [ 108.4486832, 11.9117888 ], [ 108.4486601, 11.9119177 ], [ 108.4486007, 11.9120521 ], [ 108.4485094, 11.9121681 ], [ 108.4480979, 11.9124731 ], [ 108.4480014, 11.912578 ], [ 108.4479359, 11.9127038 ], [ 108.4479069, 11.9128299 ], [ 108.4479094, 11.9129591 ], [ 108.4480693, 11.9136143 ], [ 108.448082, 11.9137849 ], [ 108.4480656, 11.913965 ], [ 108.4480158, 11.9141494 ], [ 108.4476113, 11.9151248 ], [ 108.4474343, 11.9156077 ], [ 108.4470694, 11.9168575 ], [ 108.4469569, 11.9171403 ], [ 108.4468472, 11.9173322 ], [ 108.4467155, 11.9175104 ], [ 108.4456533, 11.9187425 ], [ 108.4449451, 11.9195229 ], [ 108.4447574, 11.919782 ], [ 108.4442773, 11.9205652 ], [ 108.4441727, 11.9207069 ], [ 108.4438589, 11.9209929 ], [ 108.4437609, 11.9211022 ], [ 108.4436908, 11.9212304 ], [ 108.4436524, 11.9213708 ], [ 108.443658, 11.9215881 ] ], [ [ 108.443658, 11.9215881 ], [ 108.4437382, 11.9217907 ], [ 108.4438911, 11.9220217 ], [ 108.44419, 11.92236 ], [ 108.4444038, 11.9225354 ], [ 108.4446935, 11.9227202 ], [ 108.4448667, 11.9228694 ], [ 108.4456764, 11.9238386 ], [ 108.4458569, 11.924014 ], [ 108.4465599, 11.9245948 ], [ 108.4466806, 11.9247169 ] ], [ [ 108.4466806, 11.9247169 ], [ 108.4468147, 11.9248612 ], [ 108.4468953, 11.9250194 ], [ 108.4469223, 11.9251416 ], [ 108.4469307, 11.9255993 ] ], [ [ 108.4469307, 11.9255993 ], [ 108.4469317, 11.9256779 ] ], [ [ 108.4469317, 11.9256779 ], [ 108.446847, 11.9256887 ] ], [ [ 108.446847, 11.9256887 ], [ 108.4466876, 11.9257517 ], [ 108.4465804, 11.9258195 ] ], [ [ 108.4465804, 11.9258195 ], [ 108.4463951, 11.9259272 ] ], [ [ 108.4463951, 11.9259272 ], [ 108.4462122, 11.926156 ], [ 108.4461066, 11.9264257 ], [ 108.4460755, 11.9265721 ], [ 108.4460812, 11.9267198 ], [ 108.4461264, 11.9268826 ], [ 108.4462958, 11.9272434 ], [ 108.4463736, 11.9274968 ], [ 108.446403, 11.9276652 ], [ 108.4463856, 11.9278359 ], [ 108.4463255, 11.9279568 ], [ 108.4462555, 11.9280406 ], [ 108.4461162, 11.928162 ], [ 108.4458057, 11.928275 ], [ 108.445664, 11.9283017 ], [ 108.4455085, 11.9283083 ], [ 108.4453435, 11.9282938 ], [ 108.4449135, 11.9281951 ], [ 108.4448093, 11.9280943 ], [ 108.4446488, 11.9278217 ] ], [ [ 108.4446488, 11.9278217 ], [ 108.44551, 11.92688 ] ] ] } },
{ "type": "Feature", "properties": { "edge_id": "E060", "from_node": "DL25", "to_node": "DL24", "from_name": "Bến xe Liên tỉnh Đà Lạt", "to_name": "Thiền viện Trúc Lâm Đà Lạt", "distance_km": 5.468, "connector_distance_m": 502.0, "base_time_min": 8.48, "average_speed_kph": 38.7, "road_type": "primary|primary_link|secondary|tertiary|tertiary_link", "one_way_share": 0.5, "direction": "directed", "congestion_level": 1, "risk_score": 0, "closed": false, "backbone_edge": true, "data_source": "OpenStreetMap + modeled speeds + connector" }, "geometry": { "type": "MultiLineString", "coordinates": [ [ [ 108.44551, 11.92688 ], [ 108.4446488, 11.9278217 ] ], [ [ 108.4446488, 11.9278217 ], [ 108.4448093, 11.9280943 ], [ 108.4449135, 11.9281951 ], [ 108.4453435, 11.9282938 ], [ 108.4455085, 11.9283083 ], [ 108.445664, 11.9283017 ], [ 108.4458057, 11.928275 ], [ 108.4461162, 11.928162 ], [ 108.4462555, 11.9280406 ], [ 108.4463255, 11.9279568 ], [ 108.4463856, 11.9278359 ], [ 108.446403, 11.9276652 ], [ 108.4463736, 11.9274968 ], [ 108.4462958, 11.9272434 ], [ 108.4461264, 11.9268826 ], [ 108.4460812, 11.9267198 ], [ 108.4460755, 11.9265721 ], [ 108.4461066, 11.9264257 ], [ 108.4462122, 11.926156 ], [ 108.4463951, 11.9259272 ] ], [ [ 108.4463951, 11.9259272 ], [ 108.4464737, 11.9258127 ] ], [ [ 108.4464737, 11.9258127 ], [ 108.4465742, 11.9257464 ], [ 108.4468465, 11.9256113 ] ], [ [ 108.4468465, 11.9256113 ], [ 108.4468438, 11.9253902 ] ], [ [ 108.4468438, 11.9253902 ], [ 108.4468254, 11.9250908 ], [ 108.4466806, 11.9247169 ] ], [ [ 108.4466806, 11.9247169 ], [ 108.4465599, 11.9245948 ], [ 108.4458569, 11.924014 ], [ 108.4456764, 11.9238386 ], [ 108.4448667, 11.9228694 ], [ 108.4446935, 11.9227202 ], [ 108.4444038, 11.9225354 ], [ 108.44419, 11.92236 ], [ 108.4438911, 11.9220217 ], [ 108.4437382, 11.9217907 ], [ 108.443658, 11.9215881 ] ], [ [ 108.443658, 11.9215881 ], [ 108.4436524, 11.9213708 ], [ 108.4436908, 11.9212304 ], [ 108.4437609, 11.9211022 ], [ 108.4438589, 11.9209929 ], [ 108.4441727, 11.9207069 ], [ 108.4442773, 11.9205652 ], [ 108.4447574, 11.919782 ], [ 108.4449451, 11.9195229 ], [ 108.4456533, 11.9187425 ], [ 108.4467155, 11.9175104 ], [ 108.4468472, 11.9173322 ], [ 108.4469569, 11.9171403 ], [ 108.4470694, 11.9168575 ], [ 108.4474343, 11.9156077 ], [ 108.4476113, 11.9151248 ], [ 108.4480158, 11.9141494 ], [ 108.4480656, 11.913965 ], [ 108.448082, 11.9137849 ], [ 108.4480693, 11.9136143 ], [ 108.4479094, 11.9129591 ], [ 108.4479069, 11.9128299 ], [ 108.4479359, 11.9127038 ], [ 108.4480014, 11.912578 ], [ 108.4480979, 11.9124731 ], [ 108.4485094, 11.9121681 ], [ 108.4486007, 11.9120521 ], [ 108.4486601, 11.9119177 ], [ 108.4486832, 11.9117888 ], [ 108.4486626, 11.9115941 ], [ 108.448263, 11.910763 ], [ 108.4481558, 11.9104927 ], [ 108.4480411, 11.9100638 ], [ 108.4479988, 11.9097693 ], [ 108.4480324, 11.9095478 ], [ 108.4480942, 11.9094093 ], [ 108.4481844, 11.9092866 ], [ 108.448589, 11.9089035 ], [ 108.4486914, 11.9087067 ], [ 108.448716, 11.9085641 ], [ 108.448706, 11.908423 ], [ 108.4485637, 11.9080612 ], [ 108.4485447, 11.9079495 ], [ 108.4485665, 11.9077702 ], [ 108.4486869, 11.9074213 ], [ 108.4486949, 11.907275 ], [ 108.4486717, 11.9071351 ], [ 108.448619, 11.907003 ], [ 108.4481239, 11.9062843 ], [ 108.4480509, 11.9061505 ], [ 108.4479895, 11.9059313 ], [ 108.4479955, 11.905682 ] ], [ [ 108.4479955, 11.905682 ], [ 108.4479748, 11.9055114 ], [ 108.4478959, 11.9053114 ] ], [ [ 108.4478959, 11.9053114 ], [ 108.4478118, 11.9052086 ], [ 108.447646, 11.905115 ], [ 108.4473518, 11.9050281 ], [ 108.4472561, 11.905019 ], [ 108.447116, 11.9050281 ], [ 108.4469782, 11.9050578 ], [ 108.4463775, 11.9053172 ], [ 108.4461184, 11.905397 ], [ 108.445943, 11.9054091 ], [ 108.4457901, 11.9053985 ], [ 108.4455776, 11.9053101 ], [ 108.4454198, 11.9052083 ], [ 108.4448741, 11.9047309 ], [ 108.4446851, 11.9046243 ], [ 108.4444732, 11.9045561 ], [ 108.4439769, 11.9044957 ], [ 108.4437956, 11.9044916 ], [ 108.44266, 11.9043514 ], [ 108.4425084, 11.9042797 ], [ 108.4421531, 11.9040098 ] ], [ [ 108.4421531, 11.9040098 ], [ 108.4416998, 11.9036034 ], [ 108.4414745, 11.903501 ], [ 108.4412518, 11.9034511 ], [ 108.4409177, 11.9034143 ], [ 108.4406778, 11.9033514 ], [ 108.4404261, 11.9032197 ], [ 108.4403213, 11.9031295 ], [ 108.4402155, 11.9029849 ] ], [ [ 108.4402155, 11.9029849 ], [ 108.4400383, 11.902888 ] ], [ [ 108.4400383, 11.902888 ], [ 108.4397867, 11.9027785 ], [ 108.4396979, 11.9027596 ], [ 108.4395612, 11.9027691 ], [ 108.4393653, 11.9028399 ], [ 108.439069, 11.9030152 ], [ 108.4388271, 11.9032464 ], [ 108.4367148, 11.905829 ], [ 108.4365523, 11.9059946 ], [ 108.4362642, 11.9062138 ], [ 108.4360483, 11.9063328 ], [ 108.4348864, 11.9068294 ], [ 108.4347765, 11.9068994 ] ], [ [ 108.4347765, 11.9068994 ], [ 108.4346065, 11.9068957 ], [ 108.4344653, 11.906854 ], [ 108.4343992, 11.9068157 ], [ 108.4342711, 11.9066917 ] ], [ [ 108.4342711, 11.9066917 ], [ 108.4342369, 11.9065858 ] ], [ [ 108.4342369, 11.9065858 ], [ 108.43562, 11.90363 ] ] ] } }
]
}
